
/mnt/d/projects/fbl.bin:     file format binary


Disassembly of section .data:

000000001c005000 <.data>:
    1c005000:	8da0                	.insn	2, 0x8da0
    1c005002:	0000                	unimp
    1c005004:	38316173          	csrrsi	sp,0x383,2
    1c005008:	9842                	add	a6,a6,a6
    1c00500a:	0000                	unimp
    1c00500c:	0000                	unimp
    1c00500e:	0002                	c.slli	zero,0x0
    1c005010:	5000                	lw	s0,32(s0)
    1c005012:	1c00                	addi	s0,sp,560
    1c005014:	5000                	lw	s0,32(s0)
    1c005016:	1c00                	addi	s0,sp,560
    1c005018:	0000                	unimp
    1c00501a:	0000                	unimp
    1c00501c:	0001                	nop
	...
    1c005026:	0000                	unimp
    1c005028:	c200                	sw	s0,0(a2)
    1c00502a:	0001                	nop
    1c00502c:	000a                	c.slli	zero,0x2
    1c00502e:	0000                	unimp
    1c005030:	0014                	.insn	2, 0x0014
    1c005032:	0000                	unimp
    1c005034:	03e8                	addi	a0,sp,460
    1c005036:	0000                	unimp
    1c005038:	03e8                	addi	a0,sp,460
    1c00503a:	0000                	unimp
    1c00503c:	0016                	c.slli	zero,0x5
	...
    1c005046:	0000                	unimp
    1c005048:	0320                	addi	s0,sp,392
    1c00504a:	0000                	unimp
    1c00504c:	0001                	nop
    1c00504e:	0000                	unimp
    1c005050:	4000                	lw	s0,0(s0)
	...
    1c00506e:	0000                	unimp
    1c005070:	014000ef          	jal	0x1c005084
    1c005074:	1c005137          	lui	sp,0x1c005
    1c005078:	4501                	li	a0,0
    1c00507a:	3080606f          	j	0x1c00b382
    1c00507e:	10500073          	wfi
    1c005082:	bff5                	j	0x1c00507e
    1c005084:	00008297          	auipc	t0,0x8
    1c005088:	ca428293          	addi	t0,t0,-860 # 0x1c00cd28
    1c00508c:	00009317          	auipc	t1,0x9
    1c005090:	f9430313          	addi	t1,t1,-108 # 0x1c00e020
    1c005094:	00009397          	auipc	t2,0x9
    1c005098:	42438393          	addi	t2,t2,1060 # 0x1c00e4b8
    1c00509c:	00737663          	bgeu	t1,t2,0x1c0050a8
    1c0050a0:	7883500b          	.insn	4, 0x7883500b
    1c0050a4:	fe736ee3          	bltu	t1,t2,0x1c0050a0
    1c0050a8:	8082                	ret
    1c0050aa:	7139                	addi	sp,sp,-64
    1c0050ac:	5518                	lw	a4,40(a0)
    1c0050ae:	ec4e                	sd	s3,24(sp)
    1c0050b0:	f04a                	sd	s2,32(sp)
    1c0050b2:	f426                	sd	s1,40(sp)
    1c0050b4:	f822                	sd	s0,48(sp)
    1c0050b6:	fc06                	sd	ra,56(sp)
    1c0050b8:	842a                	mv	s0,a0
    1c0050ba:	16070f63          	beqz	a4,0x1c005238
    1c0050be:	5154                	lw	a3,36(a0)
    1c0050c0:	4785                	li	a5,1
    1c0050c2:	03053903          	ld	s2,48(a0)
    1c0050c6:	4481                	li	s1,0
    1c0050c8:	00f69463          	bne	a3,a5,0x1c0050d0
    1c0050cc:	84ca                	mv	s1,s2
    1c0050ce:	4901                	li	s2,0
    1c0050d0:	00844583          	lbu	a1,8(s0)
    1c0050d4:	00044983          	lbu	s3,0(s0)
    1c0050d8:	01844783          	lbu	a5,24(s0)
    1c0050dc:	00b989bb          	addw	s3,s3,a1
    1c0050e0:	00f989bb          	addw	s3,s3,a5
    1c0050e4:	00144503          	lbu	a0,1(s0)
    1c0050e8:	4791                	li	a5,4
    1c0050ea:	00f51363          	bne	a0,a5,0x1c0050f0
    1c0050ee:	450d                	li	a0,3
    1c0050f0:	00944683          	lbu	a3,9(s0)
    1c0050f4:	4791                	li	a5,4
    1c0050f6:	00f69363          	bne	a3,a5,0x1c0050fc
    1c0050fa:	468d                	li	a3,3
    1c0050fc:	02044603          	lbu	a2,32(s0)
    1c005100:	4791                	li	a5,4
    1c005102:	00f61363          	bne	a2,a5,0x1c005108
    1c005106:	460d                	li	a2,3
    1c005108:	4801                	li	a6,0
    1c00510a:	cb01                	beqz	a4,0x1c00511a
    1c00510c:	02442883          	lw	a7,36(s0)
    1c005110:	4785                	li	a5,1
    1c005112:	00f88463          	beq	a7,a5,0x1c00511a
    1c005116:	883a                	mv	a6,a4
    1c005118:	4701                	li	a4,0
    1c00511a:	478d                	li	a5,3
    1c00511c:	4881                	li	a7,0
    1c00511e:	00b7f463          	bgeu	a5,a1,0x1c005126
    1c005122:	4885                	li	a7,1
    1c005124:	458d                	li	a1,3
    1c005126:	0046161b          	slliw	a2,a2,0x4
    1c00512a:	890d                	andi	a0,a0,3
    1c00512c:	03067613          	andi	a2,a2,48
    1c005130:	0026969b          	slliw	a3,a3,0x2
    1c005134:	8ab1                	andi	a3,a3,12
    1c005136:	8ec9                	or	a3,a3,a0
    1c005138:	8ed1                	or	a3,a3,a2
    1c00513a:	0c200637          	lui	a2,0xc200
    1c00513e:	02d61a23          	sh	a3,52(a2) # 0xc200034
    1c005142:	01844783          	lbu	a5,24(s0)
    1c005146:	66a1                	lui	a3,0x8
    1c005148:	8bbd                	andi	a5,a5,15
    1c00514a:	16c1                	addi	a3,a3,-16 # 0x7ff0
    1c00514c:	0047171b          	slliw	a4,a4,0x4
    1c005150:	8f75                	and	a4,a4,a3
    1c005152:	8f5d                	or	a4,a4,a5
    1c005154:	3c07370b          	.insn	4, 0x3c07370b
    1c005158:	02e61823          	sh	a4,48(a2)
    1c00515c:	00044783          	lbu	a5,0(s0)
    1c005160:	0048181b          	slliw	a6,a6,0x4
    1c005164:	0038989b          	slliw	a7,a7,0x3
    1c005168:	0106f6b3          	and	a3,a3,a6
    1c00516c:	0015959b          	slliw	a1,a1,0x1
    1c005170:	8b85                	andi	a5,a5,1
    1c005172:	0117e7b3          	or	a5,a5,a7
    1c005176:	8fd5                	or	a5,a5,a3
    1c005178:	8fcd                	or	a5,a5,a1
    1c00517a:	3c07b78b          	.insn	4, 0x3c07b78b
    1c00517e:	28f79793          	.insn	4, 0x28f79793
    1c005182:	02f61623          	sh	a5,44(a2)
    1c005186:	00445783          	lhu	a5,4(s0)
    1c00518a:	00844703          	lbu	a4,8(s0)
    1c00518e:	00f10023          	sb	a5,0(sp) # 0x1c005000
    1c005192:	4505                	li	a0,1
    1c005194:	cb19                	beqz	a4,0x1c0051aa
    1c005196:	00371793          	slli	a5,a4,0x3
    1c00519a:	868a                	mv	a3,sp
    1c00519c:	55e1                	li	a1,-8
    1c00519e:	37e1                	addiw	a5,a5,-8
    1c0051a0:	0685                	addi	a3,a3,1
    1c0051a2:	08b79d63          	bne	a5,a1,0x1c00523c
    1c0051a6:	00170513          	addi	a0,a4,1
    1c0051aa:	0c200737          	lui	a4,0xc200
    1c0051ae:	00c75783          	lhu	a5,12(a4) # 0xc20000c
    1c0051b2:	3c07b78b          	.insn	4, 0x3c07b78b
    1c0051b6:	8b91                	andi	a5,a5,4
    1c0051b8:	ebc1                	bnez	a5,0x1c005248
    1c0051ba:	01844603          	lbu	a2,24(s0)
    1c0051be:	0ff00593          	li	a1,255
    1c0051c2:	950a                	add	a0,a0,sp
    1c0051c4:	57b050ef          	jal	0x1c00af3e
    1c0051c8:	4781                	li	a5,0
    1c0051ca:	0c200737          	lui	a4,0xc200
    1c0051ce:	09379063          	bne	a5,s3,0x1c00524e
    1c0051d2:	08091463          	bnez	s2,0x1c00525a
    1c0051d6:	0c2007b7          	lui	a5,0xc200
    1c0051da:	4709                	li	a4,2
    1c0051dc:	00e79223          	sh	a4,4(a5) # 0xc200004
    1c0051e0:	0c200737          	lui	a4,0xc200
    1c0051e4:	c8e9                	beqz	s1,0x1c0052b6
    1c0051e6:	541c                	lw	a5,40(s0)
    1c0051e8:	86a6                	mv	a3,s1
    1c0051ea:	457d                	li	a0,31
    1c0051ec:	0c2005b7          	lui	a1,0xc200
    1c0051f0:	02000893          	li	a7,32
    1c0051f4:	00f4883b          	addw	a6,s1,a5
    1c0051f8:	40d8073b          	subw	a4,a6,a3
    1c0051fc:	06e56c63          	bltu	a0,a4,0x1c005274
    1c005200:	7c57b70b          	.insn	4, 0x7c57b70b
    1c005204:	0716                	slli	a4,a4,0x5
    1c005206:	0057d69b          	srliw	a3,a5,0x5
    1c00520a:	94ba                	add	s1,s1,a4
    1c00520c:	5701                	li	a4,-32
    1c00520e:	24d7178b          	.insn	4, 0x24d7178b
    1c005212:	0c200637          	lui	a2,0xc200
    1c005216:	4681                	li	a3,0
    1c005218:	7c07b78b          	.insn	4, 0x7c07b78b
    1c00521c:	06d79f63          	bne	a5,a3,0x1c00529a
    1c005220:	0c2007b7          	lui	a5,0xc200
    1c005224:	70e2                	ld	ra,56(sp)
    1c005226:	00079223          	sh	zero,4(a5) # 0xc200004
    1c00522a:	69e2                	ld	s3,24(sp)
    1c00522c:	7902                	ld	s2,32(sp)
    1c00522e:	74a2                	ld	s1,40(sp)
    1c005230:	7442                	ld	s0,48(sp)
    1c005232:	4501                	li	a0,0
    1c005234:	6121                	addi	sp,sp,64
    1c005236:	8082                	ret
    1c005238:	4481                	li	s1,0
    1c00523a:	bd51                	j	0x1c0050ce
    1c00523c:	6810                	ld	a2,16(s0)
    1c00523e:	00f65633          	srl	a2,a2,a5
    1c005242:	00c68023          	sb	a2,0(a3)
    1c005246:	bfa1                	j	0x1c00519e
    1c005248:	00875783          	lhu	a5,8(a4) # 0xc200008
    1c00524c:	b78d                	j	0x1c0051ae
    1c00524e:	80f1468b          	.insn	4, 0x80f1468b
    1c005252:	00d71423          	sh	a3,8(a4)
    1c005256:	0785                	addi	a5,a5,1
    1c005258:	bf9d                	j	0x1c0051ce
    1c00525a:	02846703          	lwu	a4,40(s0)
    1c00525e:	4781                	li	a5,0
    1c005260:	0c2006b7          	lui	a3,0xc200
    1c005264:	f6f709e3          	beq	a4,a5,0x1c0051d6
    1c005268:	80f9460b          	.insn	4, 0x80f9460b
    1c00526c:	00c69423          	sh	a2,8(a3) # 0xc200008
    1c005270:	0785                	addi	a5,a5,1
    1c005272:	bfcd                	j	0x1c005264
    1c005274:	0185d703          	lhu	a4,24(a1) # 0xc200018
    1c005278:	3c07370b          	.insn	4, 0x3c07370b
    1c00527c:	8b11                	andi	a4,a4,4
    1c00527e:	db7d                	beqz	a4,0x1c005274
    1c005280:	4701                	li	a4,0
    1c005282:	0085d603          	lhu	a2,8(a1)
    1c005286:	3c06360b          	.insn	4, 0x3c06360b
    1c00528a:	00e6d60b          	.insn	4, 0x00e6d60b
    1c00528e:	0705                	addi	a4,a4,1
    1c005290:	ff1719e3          	bne	a4,a7,0x1c005282
    1c005294:	02068693          	addi	a3,a3,32
    1c005298:	b785                	j	0x1c0051f8
    1c00529a:	00c65703          	lhu	a4,12(a2) # 0xc20000c
    1c00529e:	3c07370b          	.insn	4, 0x3c07370b
    1c0052a2:	8b11                	andi	a4,a4,4
    1c0052a4:	db7d                	beqz	a4,0x1c00529a
    1c0052a6:	00865703          	lhu	a4,8(a2)
    1c0052aa:	3c07370b          	.insn	4, 0x3c07370b
    1c0052ae:	00d4d70b          	.insn	4, 0x00d4d70b
    1c0052b2:	0685                	addi	a3,a3,1
    1c0052b4:	b7a5                	j	0x1c00521c
    1c0052b6:	00c75783          	lhu	a5,12(a4)
    1c0052ba:	3c07b78b          	.insn	4, 0x3c07b78b
    1c0052be:	8bc1                	andi	a5,a5,16
    1c0052c0:	fbfd                	bnez	a5,0x1c0052b6
    1c0052c2:	bfb9                	j	0x1c005220
    1c0052c4:	00854703          	lbu	a4,8(a0)
    1c0052c8:	00054783          	lbu	a5,0(a0)
    1c0052cc:	9fb9                	addw	a5,a5,a4
    1c0052ce:	01854703          	lbu	a4,24(a0)
    1c0052d2:	00e786bb          	addw	a3,a5,a4
    1c0052d6:	8736                	mv	a4,a3
    1c0052d8:	0ff00793          	li	a5,255
    1c0052dc:	02d7c563          	blt	a5,a3,0x1c005306
    1c0052e0:	5150                	lw	a2,36(a0)
    1c0052e2:	02856683          	lwu	a3,40(a0)
    1c0052e6:	4785                	li	a5,1
    1c0052e8:	00f61963          	bne	a2,a5,0x1c0052fa
    1c0052ec:	10000793          	li	a5,256
    1c0052f0:	0ad7d7b3          	.insn	4, 0x0ad7d7b3
    1c0052f4:	d51c                	sw	a5,40(a0)
    1c0052f6:	4501                	li	a0,0
    1c0052f8:	8082                	ret
    1c0052fa:	10000793          	li	a5,256
    1c0052fe:	9f99                	subw	a5,a5,a4
    1c005300:	7c07b78b          	.insn	4, 0x7c07b78b
    1c005304:	b7f5                	j	0x1c0052f0
    1c005306:	fa100513          	li	a0,-95
    1c00530a:	8082                	ret
    1c00530c:	0c200737          	lui	a4,0xc200
    1c005310:	00075783          	lhu	a5,0(a4) # 0xc200000
    1c005314:	3c07b78b          	.insn	4, 0x3c07b78b
    1c005318:	0377e793          	ori	a5,a5,55
    1c00531c:	00f71023          	sh	a5,0(a4)
    1c005320:	00075783          	lhu	a5,0(a4)
    1c005324:	3c07b78b          	.insn	4, 0x3c07b78b
    1c005328:	4689                	li	a3,2
    1c00532a:	0ff7f793          	zext.b	a5,a5
    1c00532e:	4007e793          	ori	a5,a5,1024
    1c005332:	00d71823          	sh	a3,16(a4)
    1c005336:	00f71023          	sh	a5,0(a4)
    1c00533a:	6789                	lui	a5,0x2
    1c00533c:	02078793          	addi	a5,a5,32 # 0x2020
    1c005340:	4501                	li	a0,0
    1c005342:	02f71423          	sh	a5,40(a4)
    1c005346:	8082                	ret
    1c005348:	1141                	addi	sp,sp,-16
    1c00534a:	e022                	sd	s0,0(sp)
    1c00534c:	e406                	sd	ra,8(sp)
    1c00534e:	fbfff0ef          	jal	0x1c00530c
    1c005352:	02054e63          	bltz	a0,0x1c00538e
    1c005356:	263000ef          	jal	0x1c005db8
    1c00535a:	1c00e637          	lui	a2,0x1c00e
    1c00535e:	fb060413          	addi	s0,a2,-80 # 0x1c00dfb0
    1c005362:	07000593          	li	a1,112
    1c005366:	fb060613          	addi	a2,a2,-80
    1c00536a:	4501                	li	a0,0
    1c00536c:	257000ef          	jal	0x1c005dc2
    1c005370:	383167b7          	lui	a5,0x38316
    1c005374:	404c                	lw	a1,4(s0)
    1c005376:	17378793          	addi	a5,a5,371 # 0x38316173
    1c00537a:	4501                	li	a0,0
    1c00537c:	00f58963          	beq	a1,a5,0x1c00538e
    1c005380:	1c00b537          	lui	a0,0x1c00b
    1c005384:	41850513          	addi	a0,a0,1048 # 0x1c00b418
    1c005388:	79c050ef          	jal	0x1c00ab24
    1c00538c:	5529                	li	a0,-22
    1c00538e:	6402                	ld	s0,0(sp)
    1c005390:	60a2                	ld	ra,8(sp)
    1c005392:	0141                	addi	sp,sp,16
    1c005394:	8082                	ret
    1c005396:	1c00e7b7          	lui	a5,0x1c00e
    1c00539a:	fb07a503          	lw	a0,-80(a5) # 0x1c00dfb0
    1c00539e:	0705051b          	addiw	a0,a0,112
    1c0053a2:	8082                	ret
    1c0053a4:	715d                	addi	sp,sp,-80
    1c0053a6:	f84a                	sd	s2,48(sp)
    1c0053a8:	fc26                	sd	s1,56(sp)
    1c0053aa:	e0a2                	sd	s0,64(sp)
    1c0053ac:	e486                	sd	ra,72(sp)
    1c0053ae:	842a                	mv	s0,a0
    1c0053b0:	84ae                	mv	s1,a1
    1c0053b2:	8932                	mv	s2,a2
    1c0053b4:	4581                	li	a1,0
    1c0053b6:	03000613          	li	a2,48
    1c0053ba:	850a                	mv	a0,sp
    1c0053bc:	383050ef          	jal	0x1c00af3e
    1c0053c0:	11f00793          	li	a5,287
    1c0053c4:	8522                	mv	a0,s0
    1c0053c6:	00f11023          	sh	a5,0(sp)
    1c0053ca:	858a                	mv	a1,sp
    1c0053cc:	4785                	li	a5,1
    1c0053ce:	e426                	sd	s1,8(sp)
    1c0053d0:	c83e                	sw	a5,16(sp)
    1c0053d2:	ec4a                	sd	s2,24(sp)
    1c0053d4:	201000ef          	jal	0x1c005dd4
    1c0053d8:	842a                	mv	s0,a0
    1c0053da:	00055a63          	bgez	a0,0x1c0053ee
    1c0053de:	85aa                	mv	a1,a0
    1c0053e0:	8626                	mv	a2,s1
    1c0053e2:	1c00b537          	lui	a0,0x1c00b
    1c0053e6:	43850513          	addi	a0,a0,1080 # 0x1c00b438
    1c0053ea:	73a050ef          	jal	0x1c00ab24
    1c0053ee:	8522                	mv	a0,s0
    1c0053f0:	6406                	ld	s0,64(sp)
    1c0053f2:	60a6                	ld	ra,72(sp)
    1c0053f4:	7942                	ld	s2,48(sp)
    1c0053f6:	74e2                	ld	s1,56(sp)
    1c0053f8:	6161                	addi	sp,sp,80
    1c0053fa:	8082                	ret
    1c0053fc:	7139                	addi	sp,sp,-64
    1c0053fe:	e002                	sd	zero,0(sp)
    1c005400:	fc06                	sd	ra,56(sp)
    1c005402:	01254783          	lbu	a5,18(a0)
    1c005406:	00f10023          	sb	a5,0(sp)
    1c00540a:	4789                	li	a5,2
    1c00540c:	00f100a3          	sb	a5,1(sp)
    1c005410:	7c06378b          	.insn	4, 0x7c06378b
    1c005414:	e43e                	sd	a5,8(sp)
    1c005416:	595c                	lw	a5,52(a0)
    1c005418:	e802                	sd	zero,16(sp)
    1c00541a:	ec02                	sd	zero,24(sp)
    1c00541c:	f002                	sd	zero,32(sp)
    1c00541e:	8b85                	andi	a5,a5,1
    1c005420:	c38d                	beqz	a5,0x1c005442
    1c005422:	02d54783          	lbu	a5,45(a0)
    1c005426:	02e54803          	lbu	a6,46(a0)
    1c00542a:	410787bb          	subw	a5,a5,a6
    1c00542e:	00f5d5bb          	srlw	a1,a1,a5
    1c005432:	00c5959b          	slliw	a1,a1,0xc
    1c005436:	6785                	lui	a5,0x1
    1c005438:	8dfd                	and	a1,a1,a5
    1c00543a:	8dd1                	or	a1,a1,a2
    1c00543c:	7c05b58b          	.insn	4, 0x7c05b58b
    1c005440:	e42e                	sd	a1,8(sp)
    1c005442:	858a                	mv	a1,sp
    1c005444:	d036                	sw	a3,32(sp)
    1c005446:	f43a                	sd	a4,40(sp)
    1c005448:	18d000ef          	jal	0x1c005dd4
    1c00544c:	70e2                	ld	ra,56(sp)
    1c00544e:	6121                	addi	sp,sp,64
    1c005450:	8082                	ret
    1c005452:	03d54783          	lbu	a5,61(a0)
    1c005456:	02b78d63          	beq	a5,a1,0x1c005490
    1c00545a:	7179                	addi	sp,sp,-48
    1c00545c:	ec26                	sd	s1,24(sp)
    1c00545e:	f022                	sd	s0,32(sp)
    1c005460:	4705                	li	a4,1
    1c005462:	f406                	sd	ra,40(sp)
    1c005464:	04000793          	li	a5,64
    1c005468:	00e58363          	beq	a1,a4,0x1c00546e
    1c00546c:	4781                	li	a5,0
    1c00546e:	84ae                	mv	s1,a1
    1c005470:	842a                	mv	s0,a0
    1c005472:	00f10613          	addi	a2,sp,15
    1c005476:	0d000593          	li	a1,208
    1c00547a:	00f107a3          	sb	a5,15(sp)
    1c00547e:	f27ff0ef          	jal	0x1c0053a4
    1c005482:	02940ea3          	sb	s1,61(s0)
    1c005486:	70a2                	ld	ra,40(sp)
    1c005488:	64e2                	ld	s1,24(sp)
    1c00548a:	7402                	ld	s0,32(sp)
    1c00548c:	6145                	addi	sp,sp,48
    1c00548e:	8082                	ret
    1c005490:	8082                	ret
    1c005492:	7139                	addi	sp,sp,-64
    1c005494:	e002                	sd	zero,0(sp)
    1c005496:	e42e                	sd	a1,8(sp)
    1c005498:	f822                	sd	s0,48(sp)
    1c00549a:	fc06                	sd	ra,56(sp)
    1c00549c:	10f00793          	li	a5,271
    1c0054a0:	f002                	sd	zero,32(sp)
    1c0054a2:	f432                	sd	a2,40(sp)
    1c0054a4:	842e                	mv	s0,a1
    1c0054a6:	00f11023          	sh	a5,0(sp)
    1c0054aa:	858a                	mv	a1,sp
    1c0054ac:	4785                	li	a5,1
    1c0054ae:	e802                	sd	zero,16(sp)
    1c0054b0:	ec02                	sd	zero,24(sp)
    1c0054b2:	d03e                	sw	a5,32(sp)
    1c0054b4:	121000ef          	jal	0x1c005dd4
    1c0054b8:	00055a63          	bgez	a0,0x1c0054cc
    1c0054bc:	85aa                	mv	a1,a0
    1c0054be:	8622                	mv	a2,s0
    1c0054c0:	1c00b537          	lui	a0,0x1c00b
    1c0054c4:	45850513          	addi	a0,a0,1112 # 0x1c00b458
    1c0054c8:	65c050ef          	jal	0x1c00ab24
    1c0054cc:	7442                	ld	s0,48(sp)
    1c0054ce:	70e2                	ld	ra,56(sp)
    1c0054d0:	6121                	addi	sp,sp,64
    1c0054d2:	8082                	ret
    1c0054d4:	7179                	addi	sp,sp,-48
    1c0054d6:	f022                	sd	s0,32(sp)
    1c0054d8:	f406                	sd	ra,40(sp)
    1c0054da:	6461                	lui	s0,0x18
    1c0054dc:	e84a                	sd	s2,16(sp)
    1c0054de:	ec26                	sd	s1,24(sp)
    1c0054e0:	892a                	mv	s2,a0
    1c0054e2:	84ae                	mv	s1,a1
    1c0054e4:	6a040413          	addi	s0,s0,1696 # 0x186a0
    1c0054e8:	00f10613          	addi	a2,sp,15
    1c0054ec:	0c000593          	li	a1,192
    1c0054f0:	854a                	mv	a0,s2
    1c0054f2:	fa1ff0ef          	jal	0x1c005492
    1c0054f6:	00f14783          	lbu	a5,15(sp)
    1c0054fa:	8b85                	andi	a5,a5,1
    1c0054fc:	c39d                	beqz	a5,0x1c005522
    1c0054fe:	4529                	li	a0,10
    1c005500:	41e030ef          	jal	0x1c00891e
    1c005504:	347d                	addiw	s0,s0,-1
    1c005506:	f06d                	bnez	s0,0x1c0054e8
    1c005508:	f9200513          	li	a0,-110
    1c00550c:	c489                	beqz	s1,0x1c005516
    1c00550e:	00f14783          	lbu	a5,15(sp)
    1c005512:	00f48023          	sb	a5,0(s1)
    1c005516:	7402                	ld	s0,32(sp)
    1c005518:	70a2                	ld	ra,40(sp)
    1c00551a:	6942                	ld	s2,16(sp)
    1c00551c:	64e2                	ld	s1,24(sp)
    1c00551e:	6145                	addi	sp,sp,48
    1c005520:	8082                	ret
    1c005522:	4501                	li	a0,0
    1c005524:	b7e5                	j	0x1c00550c
    1c005526:	7165                	addi	sp,sp,-400
    1c005528:	eed6                	sd	s5,344(sp)
    1c00552a:	f2d2                	sd	s4,352(sp)
    1c00552c:	f6ce                	sd	s3,360(sp)
    1c00552e:	faca                	sd	s2,368(sp)
    1c005530:	fea6                	sd	s1,376(sp)
    1c005532:	e322                	sd	s0,384(sp)
    1c005534:	89aa                	mv	s3,a0
    1c005536:	8aae                	mv	s5,a1
    1c005538:	84b2                	mv	s1,a2
    1c00553a:	4581                	li	a1,0
    1c00553c:	03000613          	li	a2,48
    1c005540:	1808                	addi	a0,sp,48
    1c005542:	f8d1570b          	.insn	4, 0xf8d1570b
    1c005546:	e706                	sd	ra,392(sp)
    1c005548:	8442                	mv	s0,a6
    1c00554a:	fe66                	sd	s9,312(sp)
    1c00554c:	e2e2                	sd	s8,320(sp)
    1c00554e:	e6de                	sd	s7,328(sp)
    1c005550:	eada                	sd	s6,336(sp)
    1c005552:	8a3e                	mv	s4,a5
    1c005554:	1eb050ef          	jal	0x1c00af3e
    1c005558:	31300793          	li	a5,787
    1c00555c:	180c                	addi	a1,sp,48
    1c00555e:	02f11823          	sh	a5,48(sp)
    1c005562:	854e                	mv	a0,s3
    1c005564:	7c0ab78b          	.insn	4, 0x7c0ab78b
    1c005568:	fc3e                	sd	a5,56(sp)
    1c00556a:	06b000ef          	jal	0x1c005dd4
    1c00556e:	01f10593          	addi	a1,sp,31
    1c005572:	854e                	mv	a0,s3
    1c005574:	f61ff0ef          	jal	0x1c0054d4
    1c005578:	f8d1470b          	.insn	4, 0xf8d1470b
    1c00557c:	892a                	mv	s2,a0
    1c00557e:	02055863          	bgez	a0,0x1c0055ae
    1c005582:	85aa                	mv	a1,a0
    1c005584:	8656                	mv	a2,s5
    1c005586:	1c00b537          	lui	a0,0x1c00b
    1c00558a:	47850513          	addi	a0,a0,1144 # 0x1c00b478
    1c00558e:	596050ef          	jal	0x1c00ab24
    1c005592:	60ba                	ld	ra,392(sp)
    1c005594:	7cf2                	ld	s9,312(sp)
    1c005596:	6c16                	ld	s8,320(sp)
    1c005598:	6bb6                	ld	s7,328(sp)
    1c00559a:	6b56                	ld	s6,336(sp)
    1c00559c:	6af6                	ld	s5,344(sp)
    1c00559e:	7a16                	ld	s4,352(sp)
    1c0055a0:	74f6                	ld	s1,376(sp)
    1c0055a2:	641a                	ld	s0,384(sp)
    1c0055a4:	854a                	mv	a0,s2
    1c0055a6:	79b6                	ld	s3,360(sp)
    1c0055a8:	7956                	ld	s2,368(sp)
    1c0055aa:	6159                	addi	sp,sp,400
    1c0055ac:	8082                	ret
    1c0055ae:	e2a9                	bnez	a3,0x1c0055f0
    1c0055b0:	01f14683          	lbu	a3,31(sp)
    1c0055b4:	03000b13          	li	s6,48
    1c0055b8:	0706f693          	andi	a3,a3,112
    1c0055bc:	07668463          	beq	a3,s6,0x1c005624
    1c0055c0:	02db6463          	bltu	s6,a3,0x1c0055e8
    1c0055c4:	cab1                	beqz	a3,0x1c005618
    1c0055c6:	47c1                	li	a5,16
    1c0055c8:	04f68b63          	beq	a3,a5,0x1c00561e
    1c0055cc:	02000793          	li	a5,32
    1c0055d0:	02f69063          	bne	a3,a5,0x1c0055f0
    1c0055d4:	85d6                	mv	a1,s5
    1c0055d6:	1c00b537          	lui	a0,0x1c00b
    1c0055da:	4a050513          	addi	a0,a0,1184 # 0x1c00b4a0
    1c0055de:	546050ef          	jal	0x1c00ab24
    1c0055e2:	fb600913          	li	s2,-74
    1c0055e6:	a029                	j	0x1c0055f0
    1c0055e8:	05000793          	li	a5,80
    1c0055ec:	02f68e63          	beq	a3,a5,0x1c005628
    1c0055f0:	1c00e7b7          	lui	a5,0x1c00e
    1c0055f4:	0b07a783          	lw	a5,176(a5) # 0x1c00e0b0
    1c0055f8:	cb95                	beqz	a5,0x1c00562c
    1c0055fa:	0289d703          	lhu	a4,40(s3)
    1c0055fe:	088487bb          	.insn	4, 0x088487bb
    1c005602:	02f76563          	bltu	a4,a5,0x1c00562c
    1c005606:	2401                	sext.w	s0,s0
    1c005608:	0ff00b93          	li	s7,255
    1c00560c:	4c0d                	li	s8,3
    1c00560e:	10000c93          	li	s9,256
    1c005612:	e40d                	bnez	s0,0x1c00563c
    1c005614:	4901                	li	s2,0
    1c005616:	bfb5                	j	0x1c005592
    1c005618:	00072023          	sw	zero,0(a4)
    1c00561c:	bfd1                	j	0x1c0055f0
    1c00561e:	478d                	li	a5,3
    1c005620:	c31c                	sw	a5,0(a4)
    1c005622:	b7f9                	j	0x1c0055f0
    1c005624:	4799                	li	a5,6
    1c005626:	bfed                	j	0x1c005620
    1c005628:	47a1                	li	a5,8
    1c00562a:	bfdd                	j	0x1c005620
    1c00562c:	8752                	mv	a4,s4
    1c00562e:	86a2                	mv	a3,s0
    1c005630:	8626                	mv	a2,s1
    1c005632:	85d6                	mv	a1,s5
    1c005634:	854e                	mv	a0,s3
    1c005636:	dc7ff0ef          	jal	0x1c0053fc
    1c00563a:	bfa1                	j	0x1c005592
    1c00563c:	0ff4fb13          	zext.b	s6,s1
    1c005640:	0004861b          	sext.w	a2,s1
    1c005644:	000b1563          	bnez	s6,0x1c00564e
    1c005648:	8952                	mv	s2,s4
    1c00564a:	008bc663          	blt	s7,s0,0x1c005656
    1c00564e:	f0067613          	andi	a2,a2,-256
    1c005652:	03010913          	addi	s2,sp,48
    1c005656:	874a                	mv	a4,s2
    1c005658:	10000693          	li	a3,256
    1c00565c:	85d6                	mv	a1,s5
    1c00565e:	854e                	mv	a0,s3
    1c005660:	d9dff0ef          	jal	0x1c0053fc
    1c005664:	0289d603          	lhu	a2,40(s3)
    1c005668:	0084d79b          	srliw	a5,s1,0x8
    1c00566c:	2611                	addiw	a2,a2,4
    1c00566e:	1038                	addi	a4,sp,40
    1c005670:	468d                	li	a3,3
    1c005672:	85d6                	mv	a1,s5
    1c005674:	2587960b          	.insn	4, 0x2587960b
    1c005678:	854e                	mv	a0,s3
    1c00567a:	d83ff0ef          	jal	0x1c0053fc
    1c00567e:	854a                	mv	a0,s2
    1c005680:	1010                	addi	a2,sp,32
    1c005682:	10000593          	li	a1,256
    1c005686:	01d000ef          	jal	0x1c005ea2
    1c00568a:	854a                	mv	a0,s2
    1c00568c:	10000693          	li	a3,256
    1c005690:	1010                	addi	a2,sp,32
    1c005692:	102c                	addi	a1,sp,40
    1c005694:	39f000ef          	jal	0x1c006232
    1c005698:	892a                	mv	s2,a0
    1c00569a:	ee054ce3          	bltz	a0,0x1c005592
    1c00569e:	000b1463          	bnez	s6,0x1c0056a6
    1c0056a2:	028bc363          	blt	s7,s0,0x1c0056c8
    1c0056a6:	416c893b          	subw	s2,s9,s6
    1c0056aa:	0a894933          	.insn	4, 0x0a894933
    1c0056ae:	181c                	addi	a5,sp,48
    1c0056b0:	8552                	mv	a0,s4
    1c0056b2:	864a                	mv	a2,s2
    1c0056b4:	016785b3          	add	a1,a5,s6
    1c0056b8:	097050ef          	jal	0x1c00af4e
    1c0056bc:	4124043b          	subw	s0,s0,s2
    1c0056c0:	009904bb          	addw	s1,s2,s1
    1c0056c4:	9a4a                	add	s4,s4,s2
    1c0056c6:	b7b1                	j	0x1c005612
    1c0056c8:	f004041b          	addiw	s0,s0,-256
    1c0056cc:	1004849b          	addiw	s1,s1,256
    1c0056d0:	100a0a13          	addi	s4,s4,256
    1c0056d4:	bf3d                	j	0x1c005612
    1c0056d6:	7179                	addi	sp,sp,-48
    1c0056d8:	01f10613          	addi	a2,sp,31
    1c0056dc:	0b000593          	li	a1,176
    1c0056e0:	00010fa3          	sb	zero,31(sp)
    1c0056e4:	e42a                	sd	a0,8(sp)
    1c0056e6:	f406                	sd	ra,40(sp)
    1c0056e8:	dabff0ef          	jal	0x1c005492
    1c0056ec:	01f14783          	lbu	a5,31(sp)
    1c0056f0:	0107f713          	andi	a4,a5,16
    1c0056f4:	ef01                	bnez	a4,0x1c00570c
    1c0056f6:	0107e793          	ori	a5,a5,16
    1c0056fa:	6522                	ld	a0,8(sp)
    1c0056fc:	01f10613          	addi	a2,sp,31
    1c005700:	0b000593          	li	a1,176
    1c005704:	00f10fa3          	sb	a5,31(sp)
    1c005708:	c9dff0ef          	jal	0x1c0053a4
    1c00570c:	70a2                	ld	ra,40(sp)
    1c00570e:	6145                	addi	sp,sp,48
    1c005710:	8082                	ret
    1c005712:	7179                	addi	sp,sp,-48
    1c005714:	01f10613          	addi	a2,sp,31
    1c005718:	0b000593          	li	a1,176
    1c00571c:	e42a                	sd	a0,8(sp)
    1c00571e:	00010fa3          	sb	zero,31(sp)
    1c005722:	f406                	sd	ra,40(sp)
    1c005724:	d6fff0ef          	jal	0x1c005492
    1c005728:	01f14783          	lbu	a5,31(sp)
    1c00572c:	6522                	ld	a0,8(sp)
    1c00572e:	0107f713          	andi	a4,a5,16
    1c005732:	cb11                	beqz	a4,0x1c005746
    1c005734:	9bbd                	andi	a5,a5,-17
    1c005736:	01f10613          	addi	a2,sp,31
    1c00573a:	0b000593          	li	a1,176
    1c00573e:	00f10fa3          	sb	a5,31(sp)
    1c005742:	c63ff0ef          	jal	0x1c0053a4
    1c005746:	70a2                	ld	ra,40(sp)
    1c005748:	6145                	addi	sp,sp,48
    1c00574a:	8082                	ret
    1c00574c:	7119                	addi	sp,sp,-128
    1c00574e:	421c                	lw	a5,0(a2)
    1c005750:	4705                	li	a4,1
    1c005752:	ecce                	sd	s3,88(sp)
    1c005754:	f0ca                	sd	s2,96(sp)
    1c005756:	ec6e                	sd	s11,24(sp)
    1c005758:	f06a                	sd	s10,32(sp)
    1c00575a:	f466                	sd	s9,40(sp)
    1c00575c:	f862                	sd	s8,48(sp)
    1c00575e:	fc5e                	sd	s7,56(sp)
    1c005760:	e0da                	sd	s6,64(sp)
    1c005762:	e4d6                	sd	s5,72(sp)
    1c005764:	e8d2                	sd	s4,80(sp)
    1c005766:	f4a6                	sd	s1,104(sp)
    1c005768:	f8a2                	sd	s0,112(sp)
    1c00576a:	c602                	sw	zero,12(sp)
    1c00576c:	fc86                	sd	ra,120(sp)
    1c00576e:	01862983          	lw	s3,24(a2)
    1c005772:	842a                	mv	s0,a0
    1c005774:	8d32                	mv	s10,a2
    1c005776:	06e79063          	bne	a5,a4,0x1c0057d6
    1c00577a:	6138                	ld	a4,64(a0)
    1c00577c:	7ff70713          	addi	a4,a4,2047
    1c005780:	2a572483          	lw	s1,677(a4)
    1c005784:	1c00e6b7          	lui	a3,0x1c00e
    1c005788:	0b06a683          	lw	a3,176(a3) # 0x1c00e0b0
    1c00578c:	028d2703          	lw	a4,40(s10)
    1c005790:	4a05                	li	s4,1
    1c005792:	e681                	bnez	a3,0x1c00579a
    1c005794:	17f9                	addi	a5,a5,-2
    1c005796:	0017ba13          	seqz	s4,a5
    1c00579a:	8bd2                	mv	s7,s4
    1c00579c:	04974063          	blt	a4,s1,0x1c0057dc
    1c0057a0:	1c00b5b7          	lui	a1,0x1c00b
    1c0057a4:	5b858593          	addi	a1,a1,1464 # 0x1c00b5b8
    1c0057a8:	1c00b537          	lui	a0,0x1c00b
    1c0057ac:	4c850513          	addi	a0,a0,1224 # 0x1c00b4c8
    1c0057b0:	374050ef          	jal	0x1c00ab24
    1c0057b4:	5da9                	li	s11,-22
    1c0057b6:	70e6                	ld	ra,120(sp)
    1c0057b8:	7ca2                	ld	s9,40(sp)
    1c0057ba:	7c42                	ld	s8,48(sp)
    1c0057bc:	7be2                	ld	s7,56(sp)
    1c0057be:	6b06                	ld	s6,64(sp)
    1c0057c0:	6aa6                	ld	s5,72(sp)
    1c0057c2:	6a46                	ld	s4,80(sp)
    1c0057c4:	69e6                	ld	s3,88(sp)
    1c0057c6:	7906                	ld	s2,96(sp)
    1c0057c8:	74a6                	ld	s1,104(sp)
    1c0057ca:	7446                	ld	s0,112(sp)
    1c0057cc:	856e                	mv	a0,s11
    1c0057ce:	6de2                	ld	s11,24(sp)
    1c0057d0:	7d02                	ld	s10,32(sp)
    1c0057d2:	6109                	addi	sp,sp,128
    1c0057d4:	8082                	ret
    1c0057d6:	02a55483          	lhu	s1,42(a0)
    1c0057da:	b76d                	j	0x1c005784
    1c0057dc:	501c                	lw	a5,32(s0)
    1c0057de:	7c07b68b          	.insn	4, 0x7c07b68b
    1c0057e2:	02d5d263          	bge	a1,a3,0x1c005806
    1c0057e6:	02e44603          	lbu	a2,46(s0)
    1c0057ea:	00e986bb          	addw	a3,s3,a4
    1c0057ee:	40c5d933          	sra	s2,a1,a2
    1c0057f2:	00c7d7bb          	srlw	a5,a5,a2
    1c0057f6:	7c07b78b          	.insn	4, 0x7c07b78b
    1c0057fa:	412787b3          	sub	a5,a5,s2
    1c0057fe:	029787b3          	mul	a5,a5,s1
    1c005802:	00d7db63          	bge	a5,a3,0x1c005818
    1c005806:	1c00b5b7          	lui	a1,0x1c00b
    1c00580a:	5b858593          	addi	a1,a1,1464 # 0x1c00b5b8
    1c00580e:	1c00b537          	lui	a0,0x1c00b
    1c005812:	4f050513          	addi	a0,a0,1264 # 0x1c00b4f0
    1c005816:	bf69                	j	0x1c0057b0
    1c005818:	02c44783          	lbu	a5,44(s0)
    1c00581c:	2901                	sext.w	s2,s2
    1c00581e:	40f5d5b3          	sra	a1,a1,a5
    1c005822:	585c                	lw	a5,52(s0)
    1c005824:	020d3023          	sd	zero,32(s10)
    1c005828:	00058b1b          	sext.w	s6,a1
    1c00582c:	9c99                	subw	s1,s1,a4
    1c00582e:	8b89                	andi	a5,a5,2
    1c005830:	c791                	beqz	a5,0x1c00583c
    1c005832:	0ff5f593          	zext.b	a1,a1
    1c005836:	8522                	mv	a0,s0
    1c005838:	c1bff0ef          	jal	0x1c005452
    1c00583c:	000a0563          	beqz	s4,0x1c005846
    1c005840:	8522                	mv	a0,s0
    1c005842:	ed1ff0ef          	jal	0x1c005712
    1c005846:	4a81                	li	s5,0
    1c005848:	fb600c13          	li	s8,-74
    1c00584c:	4c85                	li	s9,1
    1c00584e:	02a45803          	lhu	a6,42(s0)
    1c005852:	02845603          	lhu	a2,40(s0)
    1c005856:	6c1c                	ld	a5,24(s0)
    1c005858:	0078                	addi	a4,sp,12
    1c00585a:	86de                	mv	a3,s7
    1c00585c:	85ca                	mv	a1,s2
    1c00585e:	8522                	mv	a0,s0
    1c005860:	cc7ff0ef          	jal	0x1c005526
    1c005864:	8daa                	mv	s11,a0
    1c005866:	07851063          	bne	a0,s8,0x1c0058c6
    1c00586a:	2a85                	addiw	s5,s5,1
    1c00586c:	020d3783          	ld	a5,32(s10)
    1c005870:	028d6703          	lwu	a4,40(s10)
    1c005874:	6c0c                	ld	a1,24(s0)
    1c005876:	038d3503          	ld	a0,56(s10)
    1c00587a:	0a99c4b3          	.insn	4, 0x0a99c4b3
    1c00587e:	953e                	add	a0,a0,a5
    1c005880:	8626                	mv	a2,s1
    1c005882:	95ba                	add	a1,a1,a4
    1c005884:	6ca050ef          	jal	0x1c00af4e
    1c005888:	020d3783          	ld	a5,32(s10)
    1c00588c:	409989bb          	subw	s3,s3,s1
    1c005890:	97a6                	add	a5,a5,s1
    1c005892:	02fd3023          	sd	a5,32(s10)
    1c005896:	04098163          	beqz	s3,0x1c0058d8
    1c00589a:	02c44783          	lbu	a5,44(s0)
    1c00589e:	02e44703          	lbu	a4,46(s0)
    1c0058a2:	2905                	addiw	s2,s2,1
    1c0058a4:	9f99                	subw	a5,a5,a4
    1c0058a6:	00fc97bb          	sllw	a5,s9,a5
    1c0058aa:	37fd                	addiw	a5,a5,-1
    1c0058ac:	00f977b3          	and	a5,s2,a5
    1c0058b0:	ffd9                	bnez	a5,0x1c00584e
    1c0058b2:	585c                	lw	a5,52(s0)
    1c0058b4:	8b89                	andi	a5,a5,2
    1c0058b6:	dfc1                	beqz	a5,0x1c00584e
    1c0058b8:	2b05                	addiw	s6,s6,1
    1c0058ba:	0ffb7593          	zext.b	a1,s6
    1c0058be:	8522                	mv	a0,s0
    1c0058c0:	b93ff0ef          	jal	0x1c005452
    1c0058c4:	b769                	j	0x1c00584e
    1c0058c6:	d15d                	beqz	a0,0x1c00586c
    1c0058c8:	85aa                	mv	a1,a0
    1c0058ca:	864a                	mv	a2,s2
    1c0058cc:	1c00b537          	lui	a0,0x1c00b
    1c0058d0:	52050513          	addi	a0,a0,1312 # 0x1c00b520
    1c0058d4:	250050ef          	jal	0x1c00ab24
    1c0058d8:	000a0563          	beqz	s4,0x1c0058e2
    1c0058dc:	8522                	mv	a0,s0
    1c0058de:	df9ff0ef          	jal	0x1c0056d6
    1c0058e2:	ec0a8ae3          	beqz	s5,0x1c0057b6
    1c0058e6:	fb600d93          	li	s11,-74
    1c0058ea:	b5f1                	j	0x1c0057b6
    1c0058ec:	6e18                	ld	a4,24(a2)
    1c0058ee:	7175                	addi	sp,sp,-144
    1c0058f0:	421c                	lw	a5,0(a2)
    1c0058f2:	f46e                	sd	s11,40(sp)
    1c0058f4:	f86a                	sd	s10,48(sp)
    1c0058f6:	f4ce                	sd	s3,104(sp)
    1c0058f8:	f8ca                	sd	s2,112(sp)
    1c0058fa:	fca6                	sd	s1,120(sp)
    1c0058fc:	e122                	sd	s0,128(sp)
    1c0058fe:	fc66                	sd	s9,56(sp)
    1c005900:	e0e2                	sd	s8,64(sp)
    1c005902:	e4de                	sd	s7,72(sp)
    1c005904:	e8da                	sd	s6,80(sp)
    1c005906:	ecd6                	sd	s5,88(sp)
    1c005908:	f0d2                	sd	s4,96(sp)
    1c00590a:	8db2                	mv	s11,a2
    1c00590c:	e506                	sd	ra,136(sp)
    1c00590e:	1c00e6b7          	lui	a3,0x1c00e
    1c005912:	0b06a603          	lw	a2,176(a3) # 0x1c00e0b0
    1c005916:	842a                	mv	s0,a0
    1c005918:	0b068493          	addi	s1,a3,176
    1c00591c:	0007051b          	sext.w	a0,a4
    1c005920:	4985                	li	s3,1
    1c005922:	e609                	bnez	a2,0x1c00592c
    1c005924:	ffe78993          	addi	s3,a5,-2
    1c005928:	0019b993          	seqz	s3,s3
    1c00592c:	4685                	li	a3,1
    1c00592e:	04d79763          	bne	a5,a3,0x1c00597c
    1c005932:	603c                	ld	a5,64(s0)
    1c005934:	7ff78793          	addi	a5,a5,2047
    1c005938:	2a57a603          	lw	a2,677(a5)
    1c00593c:	501c                	lw	a5,32(s0)
    1c00593e:	7c07b68b          	.insn	4, 0x7c07b68b
    1c005942:	04d5c063          	blt	a1,a3,0x1c005982
    1c005946:	1c00b5b7          	lui	a1,0x1c00b
    1c00594a:	5d058593          	addi	a1,a1,1488 # 0x1c00b5d0
    1c00594e:	1c00b537          	lui	a0,0x1c00b
    1c005952:	4f050513          	addi	a0,a0,1264 # 0x1c00b4f0
    1c005956:	1ce050ef          	jal	0x1c00ab24
    1c00595a:	5d29                	li	s10,-22
    1c00595c:	60aa                	ld	ra,136(sp)
    1c00595e:	7ce2                	ld	s9,56(sp)
    1c005960:	6c06                	ld	s8,64(sp)
    1c005962:	6ba6                	ld	s7,72(sp)
    1c005964:	6b46                	ld	s6,80(sp)
    1c005966:	6ae6                	ld	s5,88(sp)
    1c005968:	7a06                	ld	s4,96(sp)
    1c00596a:	79a6                	ld	s3,104(sp)
    1c00596c:	7946                	ld	s2,112(sp)
    1c00596e:	74e6                	ld	s1,120(sp)
    1c005970:	640a                	ld	s0,128(sp)
    1c005972:	856a                	mv	a0,s10
    1c005974:	7da2                	ld	s11,40(sp)
    1c005976:	7d42                	ld	s10,48(sp)
    1c005978:	6149                	addi	sp,sp,144
    1c00597a:	8082                	ret
    1c00597c:	02a45603          	lhu	a2,42(s0)
    1c005980:	bf75                	j	0x1c00593c
    1c005982:	04a05163          	blez	a0,0x1c0059c4
    1c005986:	028da503          	lw	a0,40(s11)
    1c00598a:	00c56b63          	bltu	a0,a2,0x1c0059a0
    1c00598e:	1c00b5b7          	lui	a1,0x1c00b
    1c005992:	5d058593          	addi	a1,a1,1488 # 0x1c00b5d0
    1c005996:	1c00b537          	lui	a0,0x1c00b
    1c00599a:	54050513          	addi	a0,a0,1344 # 0x1c00b540
    1c00599e:	bf65                	j	0x1c005956
    1c0059a0:	02e44683          	lbu	a3,46(s0)
    1c0059a4:	9f29                	addw	a4,a4,a0
    1c0059a6:	7c07370b          	.insn	4, 0x7c07370b
    1c0059aa:	00d7d7bb          	srlw	a5,a5,a3
    1c0059ae:	40d5d6b3          	sra	a3,a1,a3
    1c0059b2:	7c07b78b          	.insn	4, 0x7c07b78b
    1c0059b6:	8f95                	sub	a5,a5,a3
    1c0059b8:	02c787b3          	mul	a5,a5,a2
    1c0059bc:	f8e7c5e3          	blt	a5,a4,0x1c005946
    1c0059c0:	020db023          	sd	zero,32(s11)
    1c0059c4:	00098763          	beqz	s3,0x1c0059d2
    1c0059c8:	8522                	mv	a0,s0
    1c0059ca:	e02e                	sd	a1,0(sp)
    1c0059cc:	d47ff0ef          	jal	0x1c005712
    1c0059d0:	6582                	ld	a1,0(sp)
    1c0059d2:	4098                	lw	a4,0(s1)
    1c0059d4:	ce02                	sw	zero,28(sp)
    1c0059d6:	000da783          	lw	a5,0(s11)
    1c0059da:	008daa83          	lw	s5,8(s11)
    1c0059de:	018dac03          	lw	s8,24(s11)
    1c0059e2:	4905                	li	s2,1
    1c0059e4:	e709                	bnez	a4,0x1c0059ee
    1c0059e6:	ffe78913          	addi	s2,a5,-2
    1c0059ea:	00193913          	seqz	s2,s2
    1c0059ee:	4705                	li	a4,1
    1c0059f0:	e04a                	sd	s2,0(sp)
    1c0059f2:	10e79463          	bne	a5,a4,0x1c005afa
    1c0059f6:	603c                	ld	a5,64(s0)
    1c0059f8:	7ff78793          	addi	a5,a5,2047
    1c0059fc:	2a57ac83          	lw	s9,677(a5)
    1c005a00:	02c44783          	lbu	a5,44(s0)
    1c005a04:	02e44483          	lbu	s1,46(s0)
    1c005a08:	03045603          	lhu	a2,48(s0)
    1c005a0c:	4095d4b3          	sra	s1,a1,s1
    1c005a10:	8e6d                	and	a2,a2,a1
    1c005a12:	40f5d5b3          	sra	a1,a1,a5
    1c005a16:	585c                	lw	a5,52(s0)
    1c005a18:	000db823          	sd	zero,16(s11)
    1c005a1c:	2481                	sext.w	s1,s1
    1c005a1e:	00058b9b          	sext.w	s7,a1
    1c005a22:	8b89                	andi	a5,a5,2
    1c005a24:	cb81                	beqz	a5,0x1c005a34
    1c005a26:	0ff5f593          	zext.b	a1,a1
    1c005a2a:	8522                	mv	a0,s0
    1c005a2c:	e432                	sd	a2,8(sp)
    1c005a2e:	a25ff0ef          	jal	0x1c005452
    1c005a32:	6622                	ld	a2,8(sp)
    1c005a34:	4b01                	li	s6,0
    1c005a36:	4a01                	li	s4,0
    1c005a38:	02845803          	lhu	a6,40(s0)
    1c005a3c:	030db703          	ld	a4,48(s11)
    1c005a40:	40c8083b          	subw	a6,a6,a2
    1c005a44:	010db783          	ld	a5,16(s11)
    1c005a48:	0b584933          	.insn	4, 0x0b584933
    1c005a4c:	97ba                	add	a5,a5,a4
    1c005a4e:	85a6                	mv	a1,s1
    1c005a50:	6682                	ld	a3,0(sp)
    1c005a52:	884a                	mv	a6,s2
    1c005a54:	8522                	mv	a0,s0
    1c005a56:	0878                	addi	a4,sp,28
    1c005a58:	e426                	sd	s1,8(sp)
    1c005a5a:	acdff0ef          	jal	0x1c005526
    1c005a5e:	fb600793          	li	a5,-74
    1c005a62:	65a2                	ld	a1,8(sp)
    1c005a64:	8d2a                	mv	s10,a0
    1c005a66:	08f51d63          	bne	a0,a5,0x1c005b00
    1c005a6a:	2b05                	addiw	s6,s6,1
    1c005a6c:	01c16703          	lwu	a4,28(sp)
    1c005a70:	7c0a3a0b          	.insn	4, 0x7c0a3a0b
    1c005a74:	0b477a33          	.insn	4, 0x0b477a33
    1c005a78:	010db703          	ld	a4,16(s11)
    1c005a7c:	412a8abb          	subw	s5,s5,s2
    1c005a80:	974a                	add	a4,a4,s2
    1c005a82:	00edb823          	sd	a4,16(s11)
    1c005a86:	038db703          	ld	a4,56(s11)
    1c005a8a:	2a01                	sext.w	s4,s4
    1c005a8c:	cf15                	beqz	a4,0x1c005ac8
    1c005a8e:	02a45683          	lhu	a3,42(s0)
    1c005a92:	02845603          	lhu	a2,40(s0)
    1c005a96:	6c18                	ld	a4,24(s0)
    1c005a98:	8522                	mv	a0,s0
    1c005a9a:	963ff0ef          	jal	0x1c0053fc
    1c005a9e:	020db703          	ld	a4,32(s11)
    1c005aa2:	028de683          	lwu	a3,40(s11)
    1c005aa6:	6c0c                	ld	a1,24(s0)
    1c005aa8:	038db503          	ld	a0,56(s11)
    1c005aac:	0b9c4933          	.insn	4, 0x0b9c4933
    1c005ab0:	953a                	add	a0,a0,a4
    1c005ab2:	864a                	mv	a2,s2
    1c005ab4:	95b6                	add	a1,a1,a3
    1c005ab6:	498050ef          	jal	0x1c00af4e
    1c005aba:	020db703          	ld	a4,32(s11)
    1c005abe:	412c0c3b          	subw	s8,s8,s2
    1c005ac2:	974a                	add	a4,a4,s2
    1c005ac4:	02edb023          	sd	a4,32(s11)
    1c005ac8:	040a8563          	beqz	s5,0x1c005b12
    1c005acc:	02e44703          	lbu	a4,46(s0)
    1c005ad0:	02c44783          	lbu	a5,44(s0)
    1c005ad4:	2485                	addiw	s1,s1,1
    1c005ad6:	9f99                	subw	a5,a5,a4
    1c005ad8:	4705                	li	a4,1
    1c005ada:	00f717bb          	sllw	a5,a4,a5
    1c005ade:	37fd                	addiw	a5,a5,-1
    1c005ae0:	8fe5                	and	a5,a5,s1
    1c005ae2:	eb91                	bnez	a5,0x1c005af6
    1c005ae4:	585c                	lw	a5,52(s0)
    1c005ae6:	8b89                	andi	a5,a5,2
    1c005ae8:	c799                	beqz	a5,0x1c005af6
    1c005aea:	2b85                	addiw	s7,s7,1
    1c005aec:	0ffbf593          	zext.b	a1,s7
    1c005af0:	8522                	mv	a0,s0
    1c005af2:	961ff0ef          	jal	0x1c005452
    1c005af6:	4601                	li	a2,0
    1c005af8:	b781                	j	0x1c005a38
    1c005afa:	02a45c83          	lhu	s9,42(s0)
    1c005afe:	b709                	j	0x1c005a00
    1c005b00:	d535                	beqz	a0,0x1c005a6c
    1c005b02:	85aa                	mv	a1,a0
    1c005b04:	8626                	mv	a2,s1
    1c005b06:	1c00b537          	lui	a0,0x1c00b
    1c005b0a:	52050513          	addi	a0,a0,1312 # 0x1c00b520
    1c005b0e:	016050ef          	jal	0x1c00ab24
    1c005b12:	03c44703          	lbu	a4,60(s0)
    1c005b16:	00ea6463          	bltu	s4,a4,0x1c005b1e
    1c005b1a:	f8b00d13          	li	s10,-117
    1c005b1e:	000b0463          	beqz	s6,0x1c005b26
    1c005b22:	fb600d13          	li	s10,-74
    1c005b26:	e2098be3          	beqz	s3,0x1c00595c
    1c005b2a:	8522                	mv	a0,s0
    1c005b2c:	babff0ef          	jal	0x1c0056d6
    1c005b30:	b535                	j	0x1c00595c
    1c005b32:	1101                	addi	sp,sp,-32
    1c005b34:	00b107a3          	sb	a1,15(sp)
    1c005b38:	00f10613          	addi	a2,sp,15
    1c005b3c:	0a000593          	li	a1,160
    1c005b40:	ec06                	sd	ra,24(sp)
    1c005b42:	863ff0ef          	jal	0x1c0053a4
    1c005b46:	60e2                	ld	ra,24(sp)
    1c005b48:	6105                	addi	sp,sp,32
    1c005b4a:	8082                	ret
    1c005b4c:	7159                	addi	sp,sp,-112
    1c005b4e:	e8ca                	sd	s2,80(sp)
    1c005b50:	eca6                	sd	s1,88(sp)
    1c005b52:	f0a2                	sd	s0,96(sp)
    1c005b54:	f486                	sd	ra,104(sp)
    1c005b56:	842a                	mv	s0,a0
    1c005b58:	84ae                	mv	s1,a1
    1c005b5a:	8932                	mv	s2,a2
    1c005b5c:	4581                	li	a1,0
    1c005b5e:	04000613          	li	a2,64
    1c005b62:	0808                	addi	a0,sp,16
    1c005b64:	f8d1570b          	.insn	4, 0xf8d1570b
    1c005b68:	3d6050ef          	jal	0x1c00af3e
    1c005b6c:	6702                	ld	a4,0(sp)
    1c005b6e:	0810                	addi	a2,sp,16
    1c005b70:	85a6                	mv	a1,s1
    1c005b72:	8522                	mv	a0,s0
    1c005b74:	ec4a                	sd	s2,24(sp)
    1c005b76:	e0ba                	sd	a4,64(sp)
    1c005b78:	d75ff0ef          	jal	0x1c0058ec
    1c005b7c:	66a2                	ld	a3,8(sp)
    1c005b7e:	6946                	ld	s2,80(sp)
    1c005b80:	64e6                	ld	s1,88(sp)
    1c005b82:	7406                	ld	s0,96(sp)
    1c005b84:	70a6                	ld	ra,104(sp)
    1c005b86:	7782                	ld	a5,32(sp)
    1c005b88:	e29c                	sd	a5,0(a3)
    1c005b8a:	6165                	addi	sp,sp,112
    1c005b8c:	8082                	ret
    1c005b8e:	7159                	addi	sp,sp,-112
    1c005b90:	eca6                	sd	s1,88(sp)
    1c005b92:	f0a2                	sd	s0,96(sp)
    1c005b94:	84aa                	mv	s1,a0
    1c005b96:	03800613          	li	a2,56
    1c005b9a:	842e                	mv	s0,a1
    1c005b9c:	0808                	addi	a0,sp,16
    1c005b9e:	4581                	li	a1,0
    1c005ba0:	f486                	sd	ra,104(sp)
    1c005ba2:	39c050ef          	jal	0x1c00af3e
    1c005ba6:	02d4c583          	lbu	a1,45(s1)
    1c005baa:	4789                	li	a5,2
    1c005bac:	40b45433          	sra	s0,s0,a1
    1c005bb0:	00b415bb          	sllw	a1,s0,a1
    1c005bb4:	f43e                	sd	a5,40(sp)
    1c005bb6:	0810                	addi	a2,sp,16
    1c005bb8:	003c                	addi	a5,sp,8
    1c005bba:	8526                	mv	a0,s1
    1c005bbc:	7c05b58b          	.insn	4, 0x7c05b58b
    1c005bc0:	e4be                	sd	a5,72(sp)
    1c005bc2:	00011423          	sh	zero,8(sp)
    1c005bc6:	b87ff0ef          	jal	0x1c00574c
    1c005bca:	00914783          	lbu	a5,9(sp)
    1c005bce:	00814503          	lbu	a0,8(sp)
    1c005bd2:	70a6                	ld	ra,104(sp)
    1c005bd4:	8d7d                	and	a0,a0,a5
    1c005bd6:	f0150513          	addi	a0,a0,-255
    1c005bda:	64e6                	ld	s1,88(sp)
    1c005bdc:	7406                	ld	s0,96(sp)
    1c005bde:	00a03533          	snez	a0,a0
    1c005be2:	6165                	addi	sp,sp,112
    1c005be4:	8082                	ret
    1c005be6:	711d                	addi	sp,sp,-96
    1c005be8:	e4a6                	sd	s1,72(sp)
    1c005bea:	e8a2                	sd	s0,80(sp)
    1c005bec:	1c00e4b7          	lui	s1,0x1c00e
    1c005bf0:	0204a783          	lw	a5,32(s1) # 0x1c00e020
    1c005bf4:	00011423          	sh	zero,8(sp)
    1c005bf8:	ec86                	sd	ra,88(sp)
    1c005bfa:	10079063          	bnez	a5,0x1c005cfa
    1c005bfe:	04800613          	li	a2,72
    1c005c02:	4581                	li	a1,0
    1c005c04:	842a                	mv	s0,a0
    1c005c06:	338050ef          	jal	0x1c00af3e
    1c005c0a:	23b00793          	li	a5,571
    1c005c0e:	4581                	li	a1,0
    1c005c10:	00f41923          	sh	a5,18(s0)
    1c005c14:	03000613          	li	a2,48
    1c005c18:	f8400793          	li	a5,-124
    1c005c1c:	0808                	addi	a0,sp,16
    1c005c1e:	00f40a23          	sb	a5,20(s0)
    1c005c22:	31c050ef          	jal	0x1c00af3e
    1c005c26:	57fd                	li	a5,-1
    1c005c28:	080c                	addi	a1,sp,16
    1c005c2a:	8522                	mv	a0,s0
    1c005c2c:	02048493          	addi	s1,s1,32
    1c005c30:	00f10823          	sb	a5,16(sp)
    1c005c34:	1a0000ef          	jal	0x1c005dd4
    1c005c38:	00055863          	bgez	a0,0x1c005c48
    1c005c3c:	1c00b537          	lui	a0,0x1c00b
    1c005c40:	56850513          	addi	a0,a0,1384 # 0x1c00b568
    1c005c44:	747040ef          	jal	0x1c00ab8a
    1c005c48:	7d000513          	li	a0,2000
    1c005c4c:	4d3020ef          	jal	0x1c00891e
    1c005c50:	e802                	sd	zero,16(sp)
    1c005c52:	ec02                	sd	zero,24(sp)
    1c005c54:	f802                	sd	zero,48(sp)
    1c005c56:	f9f00793          	li	a5,-97
    1c005c5a:	080c                	addi	a1,sp,16
    1c005c5c:	00f10823          	sb	a5,16(sp)
    1c005c60:	8522                	mv	a0,s0
    1c005c62:	4789                	li	a5,2
    1c005c64:	d83e                	sw	a5,48(sp)
    1c005c66:	003c                	addi	a5,sp,8
    1c005c68:	f002                	sd	zero,32(sp)
    1c005c6a:	f402                	sd	zero,40(sp)
    1c005c6c:	fc3e                	sd	a5,56(sp)
    1c005c6e:	166000ef          	jal	0x1c005dd4
    1c005c72:	00914603          	lbu	a2,9(sp)
    1c005c76:	00814583          	lbu	a1,8(sp)
    1c005c7a:	1c00b537          	lui	a0,0x1c00b
    1c005c7e:	58050513          	addi	a0,a0,1408 # 0x1c00b580
    1c005c82:	6a3040ef          	jal	0x1c00ab24
    1c005c86:	1c00b7b7          	lui	a5,0x1c00b
    1c005c8a:	5a878793          	addi	a5,a5,1448 # 0x1c00b5a8
    1c005c8e:	e01c                	sd	a5,0(s0)
    1c005c90:	00815783          	lhu	a5,8(sp)
    1c005c94:	00f41823          	sh	a5,16(s0)
    1c005c98:	004007b7          	lui	a5,0x400
    1c005c9c:	0785                	addi	a5,a5,1 # 0x400001
    1c005c9e:	07ee                	slli	a5,a5,0x1b
    1c005ca0:	f01c                	sd	a5,32(s0)
    1c005ca2:	004017b7          	lui	a5,0x401
    1c005ca6:	80078793          	addi	a5,a5,-2048 # 0x400800
    1c005caa:	d41c                	sw	a5,40(s0)
    1c005cac:	6785                	lui	a5,0x1
    1c005cae:	11b78793          	addi	a5,a5,283 # 0x111b
    1c005cb2:	02f41623          	sh	a5,44(s0)
    1c005cb6:	47ad                	li	a5,11
    1c005cb8:	02f40723          	sb	a5,46(s0)
    1c005cbc:	7ff00793          	li	a5,2047
    1c005cc0:	02f41823          	sh	a5,48(s0)
    1c005cc4:	1c00e7b7          	lui	a5,0x1c00e
    1c005cc8:	02878793          	addi	a5,a5,40 # 0x1c00e028
    1c005ccc:	4581                	li	a1,0
    1c005cce:	ec1c                	sd	a5,24(s0)
    1c005cd0:	8522                	mv	a0,s0
    1c005cd2:	1c00d7b7          	lui	a5,0x1c00d
    1c005cd6:	cb878793          	addi	a5,a5,-840 # 0x1c00ccb8
    1c005cda:	e03c                	sd	a5,64(s0)
    1c005cdc:	2a601793          	.insn	4, 0x2a601793
    1c005ce0:	02f43a23          	sd	a5,52(s0)
    1c005ce4:	03000793          	li	a5,48
    1c005ce8:	02f41e23          	sh	a5,60(s0)
    1c005cec:	e47ff0ef          	jal	0x1c005b32
    1c005cf0:	8522                	mv	a0,s0
    1c005cf2:	9e5ff0ef          	jal	0x1c0056d6
    1c005cf6:	4785                	li	a5,1
    1c005cf8:	c09c                	sw	a5,0(s1)
    1c005cfa:	60e6                	ld	ra,88(sp)
    1c005cfc:	64a6                	ld	s1,72(sp)
    1c005cfe:	6446                	ld	s0,80(sp)
    1c005d00:	4501                	li	a0,0
    1c005d02:	6125                	addi	sp,sp,96
    1c005d04:	8082                	ret
    1c005d06:	711d                	addi	sp,sp,-96
    1c005d08:	e862                	sd	s8,16(sp)
    1c005d0a:	ec5e                	sd	s7,24(sp)
    1c005d0c:	f852                	sd	s4,48(sp)
    1c005d0e:	fc4e                	sd	s3,56(sp)
    1c005d10:	f05a                	sd	s6,32(sp)
    1c005d12:	f456                	sd	s5,40(sp)
    1c005d14:	e0ca                	sd	s2,64(sp)
    1c005d16:	e4a6                	sd	s1,72(sp)
    1c005d18:	e8a2                	sd	s0,80(sp)
    1c005d1a:	ec86                	sd	ra,88(sp)
    1c005d1c:	8a2a                	mv	s4,a0
    1c005d1e:	8aae                	mv	s5,a1
    1c005d20:	8bb2                	mv	s7,a2
    1c005d22:	8c36                	mv	s8,a3
    1c005d24:	84b2                	mv	s1,a2
    1c005d26:	e099                	bnez	s1,0x1c005d2c
    1c005d28:	4501                	li	a0,0
    1c005d2a:	a031                	j	0x1c005d36
    1c005d2c:	020a2783          	lw	a5,32(s4)
    1c005d30:	00faef63          	bltu	s5,a5,0x1c005d4e
    1c005d34:	557d                	li	a0,-1
    1c005d36:	6446                	ld	s0,80(sp)
    1c005d38:	60e6                	ld	ra,88(sp)
    1c005d3a:	6c42                	ld	s8,16(sp)
    1c005d3c:	6be2                	ld	s7,24(sp)
    1c005d3e:	7b02                	ld	s6,32(sp)
    1c005d40:	7aa2                	ld	s5,40(sp)
    1c005d42:	7a42                	ld	s4,48(sp)
    1c005d44:	79e2                	ld	s3,56(sp)
    1c005d46:	6906                	ld	s2,64(sp)
    1c005d48:	64a6                	ld	s1,72(sp)
    1c005d4a:	6125                	addi	sp,sp,96
    1c005d4c:	8082                	ret
    1c005d4e:	8956                	mv	s2,s5
    1c005d50:	4401                	li	s0,0
    1c005d52:	024a2983          	lw	s3,36(s4)
    1c005d56:	7c09378b          	.insn	4, 0x7c09378b
    1c005d5a:	fff9859b          	addiw	a1,s3,-1
    1c005d5e:	00b97b33          	and	s6,s2,a1
    1c005d62:	7c05b58b          	.insn	4, 0x7c05b58b
    1c005d66:	40b7f5b3          	.insn	4, 0x40b7f5b3
    1c005d6a:	8552                	mv	a0,s4
    1c005d6c:	e23ff0ef          	jal	0x1c005b8e
    1c005d70:	2b01                	sext.w	s6,s6
    1c005d72:	4785                	li	a5,1
    1c005d74:	e519                	bnez	a0,0x1c005d82
    1c005d76:	0889843b          	.insn	4, 0x0889843b
    1c005d7a:	7c0b360b          	.insn	4, 0x7c0b360b
    1c005d7e:	8c11                	sub	s0,s0,a2
    1c005d80:	4781                	li	a5,0
    1c005d82:	416989bb          	subw	s3,s3,s6
    1c005d86:	0129893b          	addw	s2,s3,s2
    1c005d8a:	00947363          	bgeu	s0,s1,0x1c005d90
    1c005d8e:	d3f1                	beqz	a5,0x1c005d52
    1c005d90:	c015                	beqz	s0,0x1c005db4
    1c005d92:	0a84d433          	.insn	4, 0x0a84d433
    1c005d96:	409b8733          	sub	a4,s7,s1
    1c005d9a:	9762                	add	a4,a4,s8
    1c005d9c:	0034                	addi	a3,sp,8
    1c005d9e:	8622                	mv	a2,s0
    1c005da0:	7c0ab58b          	.insn	4, 0x7c0ab58b
    1c005da4:	8552                	mv	a0,s4
    1c005da6:	da7ff0ef          	jal	0x1c005b4c
    1c005daa:	f549                	bnez	a0,0x1c005d34
    1c005dac:	67a2                	ld	a5,8(sp)
    1c005dae:	f88793e3          	bne	a5,s0,0x1c005d34
    1c005db2:	8c9d                	sub	s1,s1,a5
    1c005db4:	8aca                	mv	s5,s2
    1c005db6:	bf85                	j	0x1c005d26
    1c005db8:	1c00e537          	lui	a0,0x1c00e
    1c005dbc:	06850513          	addi	a0,a0,104 # 0x1c00e068
    1c005dc0:	b51d                	j	0x1c005be6
    1c005dc2:	86b2                	mv	a3,a2
    1c005dc4:	862e                	mv	a2,a1
    1c005dc6:	0005059b          	sext.w	a1,a0
    1c005dca:	1c00e537          	lui	a0,0x1c00e
    1c005dce:	06850513          	addi	a0,a0,104 # 0x1c00e068
    1c005dd2:	bf15                	j	0x1c005d06
    1c005dd4:	711d                	addi	sp,sp,-96
    1c005dd6:	e4a6                	sd	s1,72(sp)
    1c005dd8:	e8a2                	sd	s0,80(sp)
    1c005dda:	03800613          	li	a2,56
    1c005dde:	842e                	mv	s0,a1
    1c005de0:	0028                	addi	a0,sp,8
    1c005de2:	4581                	li	a1,0
    1c005de4:	ec86                	sd	ra,88(sp)
    1c005de6:	158050ef          	jal	0x1c00af3e
    1c005dea:	00044583          	lbu	a1,0(s0)
    1c005dee:	1c00e7b7          	lui	a5,0x1c00e
    1c005df2:	86078793          	addi	a5,a5,-1952 # 0x1c00d860
    1c005df6:	0007c703          	lbu	a4,0(a5)
    1c005dfa:	ef09                	bnez	a4,0x1c005e14
    1c005dfc:	1c00b537          	lui	a0,0x1c00b
    1c005e00:	5e850513          	addi	a0,a0,1512 # 0x1c00b5e8
    1c005e04:	521040ef          	jal	0x1c00ab24
    1c005e08:	5529                	li	a0,-22
    1c005e0a:	60e6                	ld	ra,88(sp)
    1c005e0c:	64a6                	ld	s1,72(sp)
    1c005e0e:	6446                	ld	s0,80(sp)
    1c005e10:	6125                	addi	sp,sp,96
    1c005e12:	8082                	ret
    1c005e14:	00e58463          	beq	a1,a4,0x1c005e1c
    1c005e18:	0795                	addi	a5,a5,5
    1c005e1a:	bff1                	j	0x1c005df6
    1c005e1c:	10100713          	li	a4,257
    1c005e20:	00e11423          	sh	a4,8(sp)
    1c005e24:	0017c703          	lbu	a4,1(a5)
    1c005e28:	00e10823          	sb	a4,16(sp)
    1c005e2c:	6418                	ld	a4,8(s0)
    1c005e2e:	ec3a                	sd	a4,24(sp)
    1c005e30:	0027c703          	lbu	a4,2(a5)
    1c005e34:	4685                	li	a3,1
    1c005e36:	0ad77733          	.insn	4, 0x0ad77733
    1c005e3a:	00b11623          	sh	a1,12(sp)
    1c005e3e:	0037c683          	lbu	a3,3(a5)
    1c005e42:	00e108a3          	sb	a4,17(sp)
    1c005e46:	c689                	beqz	a3,0x1c005e50
    1c005e48:	02d10023          	sb	a3,32(sp)
    1c005e4c:	02e100a3          	sb	a4,33(sp)
    1c005e50:	4818                	lw	a4,16(s0)
    1c005e52:	c329                	beqz	a4,0x1c005e94
    1c005e54:	4689                	li	a3,2
    1c005e56:	d636                	sw	a3,44(sp)
    1c005e58:	d83a                	sw	a4,48(sp)
    1c005e5a:	6c18                	ld	a4,24(s0)
    1c005e5c:	fc3a                	sd	a4,56(sp)
    1c005e5e:	0047c783          	lbu	a5,4(a5)
    1c005e62:	02f10423          	sb	a5,40(sp)
    1c005e66:	03016403          	lwu	s0,48(sp)
    1c005e6a:	0028                	addi	a0,sp,8
    1c005e6c:	c58ff0ef          	jal	0x1c0052c4
    1c005e70:	f8054de3          	bltz	a0,0x1c005e0a
    1c005e74:	0028                	addi	a0,sp,8
    1c005e76:	a34ff0ef          	jal	0x1c0050aa
    1c005e7a:	03016783          	lwu	a5,48(sp)
    1c005e7e:	6762                	ld	a4,24(sp)
    1c005e80:	8c1d                	sub	s0,s0,a5
    1c005e82:	973e                	add	a4,a4,a5
    1c005e84:	ec3a                	sd	a4,24(sp)
    1c005e86:	7762                	ld	a4,56(sp)
    1c005e88:	d822                	sw	s0,48(sp)
    1c005e8a:	97ba                	add	a5,a5,a4
    1c005e8c:	fc3e                	sd	a5,56(sp)
    1c005e8e:	fc71                	bnez	s0,0x1c005e6a
    1c005e90:	4501                	li	a0,0
    1c005e92:	bfa5                	j	0x1c005e0a
    1c005e94:	5018                	lw	a4,32(s0)
    1c005e96:	db61                	beqz	a4,0x1c005e66
    1c005e98:	4685                	li	a3,1
    1c005e9a:	d636                	sw	a3,44(sp)
    1c005e9c:	d83a                	sw	a4,48(sp)
    1c005e9e:	7418                	ld	a4,40(s0)
    1c005ea0:	bf75                	j	0x1c005e5c
    1c005ea2:	7139                	addi	sp,sp,-64
    1c005ea4:	0085df9b          	srliw	t6,a1,0x8
    1c005ea8:	f826                	sd	s1,48(sp)
    1c005eaa:	fc22                	sd	s0,56(sp)
    1c005eac:	e05e                	sd	s7,0(sp)
    1c005eae:	e45a                	sd	s6,8(sp)
    1c005eb0:	e856                	sd	s5,16(sp)
    1c005eb2:	ec52                	sd	s4,24(sp)
    1c005eb4:	f04e                	sd	s3,32(sp)
    1c005eb6:	f44a                	sd	s2,40(sp)
    1c005eb8:	4801                	li	a6,0
    1c005eba:	7c85b58b          	.insn	4, 0x7c85b58b
    1c005ebe:	002f9f9b          	slliw	t6,t6,0x2
    1c005ec2:	4781                	li	a5,0
    1c005ec4:	4881                	li	a7,0
    1c005ec6:	4381                	li	t2,0
    1c005ec8:	4e01                	li	t3,0
    1c005eca:	4301                	li	t1,0
    1c005ecc:	4681                	li	a3,0
    1c005ece:	4f01                	li	t5,0
    1c005ed0:	4289                	li	t0,2
    1c005ed2:	4401                	li	s0,0
    1c005ed4:	4481                	li	s1,0
    1c005ed6:	25ff1763          	bne	t5,t6,0x1c006124
    1c005eda:	0104d71b          	srliw	a4,s1,0x10
    1c005ede:	8f25                	xor	a4,a4,s1
    1c005ee0:	0087549b          	srliw	s1,a4,0x8
    1c005ee4:	8cb9                	xor	s1,s1,a4
    1c005ee6:	0106d71b          	srliw	a4,a3,0x10
    1c005eea:	8eb9                	xor	a3,a3,a4
    1c005eec:	0086d71b          	srliw	a4,a3,0x8
    1c005ef0:	8eb9                	xor	a3,a3,a4
    1c005ef2:	0103571b          	srliw	a4,t1,0x10
    1c005ef6:	00e34333          	xor	t1,t1,a4
    1c005efa:	0083571b          	srliw	a4,t1,0x8
    1c005efe:	00e34333          	xor	t1,t1,a4
    1c005f02:	010e571b          	srliw	a4,t3,0x10
    1c005f06:	00ee4e33          	xor	t3,t3,a4
    1c005f0a:	008e571b          	srliw	a4,t3,0x8
    1c005f0e:	00ee4e33          	xor	t3,t3,a4
    1c005f12:	0103d71b          	srliw	a4,t2,0x10
    1c005f16:	00e3c3b3          	xor	t2,t2,a4
    1c005f1a:	0083d71b          	srliw	a4,t2,0x8
    1c005f1e:	00e3c3b3          	xor	t2,t2,a4
    1c005f22:	0104571b          	srliw	a4,s0,0x10
    1c005f26:	8c39                	xor	s0,s0,a4
    1c005f28:	0084571b          	srliw	a4,s0,0x8
    1c005f2c:	8c39                	xor	s0,s0,a4
    1c005f2e:	4709                	li	a4,2
    1c005f30:	0004891b          	sext.w	s2,s1
    1c005f34:	0006899b          	sext.w	s3,a3
    1c005f38:	00030e9b          	sext.w	t4,t1
    1c005f3c:	000e0f1b          	sext.w	t5,t3
    1c005f40:	00038f9b          	sext.w	t6,t2
    1c005f44:	0004029b          	sext.w	t0,s0
    1c005f48:	0ff4f493          	zext.b	s1,s1
    1c005f4c:	0ff6f693          	zext.b	a3,a3
    1c005f50:	0ff37313          	zext.b	t1,t1
    1c005f54:	0ffe7e13          	zext.b	t3,t3
    1c005f58:	0ff3f393          	zext.b	t2,t2
    1c005f5c:	0ff47413          	zext.b	s0,s0
    1c005f60:	00e59c63          	bne	a1,a4,0x1c005f78
    1c005f64:	0108d71b          	srliw	a4,a7,0x10
    1c005f68:	00e8c8b3          	xor	a7,a7,a4
    1c005f6c:	0088d71b          	srliw	a4,a7,0x8
    1c005f70:	00e8c8b3          	xor	a7,a7,a4
    1c005f74:	0ff8f893          	zext.b	a7,a7
    1c005f78:	0107d71b          	srliw	a4,a5,0x10
    1c005f7c:	0ff7fa93          	zext.b	s5,a5
    1c005f80:	0187d51b          	srliw	a0,a5,0x18
    1c005f84:	3c87ba0b          	.insn	4, 0x3c87ba0b
    1c005f88:	8fb9                	xor	a5,a5,a4
    1c005f8a:	8d39                	xor	a0,a0,a4
    1c005f8c:	0ff57513          	zext.b	a0,a0
    1c005f90:	0087d71b          	srliw	a4,a5,0x8
    1c005f94:	014aca33          	xor	s4,s5,s4
    1c005f98:	0ff7fb13          	zext.b	s6,a5
    1c005f9c:	3c87ba8b          	.insn	4, 0x3c87ba8b
    1c005fa0:	8fb9                	xor	a5,a5,a4
    1c005fa2:	2781                	sext.w	a5,a5
    1c005fa4:	4709                	li	a4,2
    1c005fa6:	00f94933          	xor	s2,s2,a5
    1c005faa:	0ff97913          	zext.b	s2,s2
    1c005fae:	0137c9b3          	xor	s3,a5,s3
    1c005fb2:	0ff9f993          	zext.b	s3,s3
    1c005fb6:	01d7ceb3          	xor	t4,a5,t4
    1c005fba:	0ffefe93          	zext.b	t4,t4
    1c005fbe:	01e7cf33          	xor	t5,a5,t5
    1c005fc2:	0fff7f13          	zext.b	t5,t5
    1c005fc6:	01f7cfb3          	xor	t6,a5,t6
    1c005fca:	0fffff93          	zext.b	t6,t6
    1c005fce:	0057c2b3          	xor	t0,a5,t0
    1c005fd2:	0ff2f293          	zext.b	t0,t0
    1c005fd6:	00e59663          	bne	a1,a4,0x1c005fe2
    1c005fda:	00f8c833          	xor	a6,a7,a5
    1c005fde:	0ff87813          	zext.b	a6,a6
    1c005fe2:	1c00c737          	lui	a4,0x1c00c
    1c005fe6:	84070713          	addi	a4,a4,-1984 # 0x1c00b840
    1c005fea:	90a7450b          	.insn	4, 0x90a7450b
    1c005fee:	91474a0b          	.insn	4, 0x91474a0b
    1c005ff2:	91674b0b          	.insn	4, 0x91674b0b
    1c005ff6:	002a1a1b          	slliw	s4,s4,0x2
    1c005ffa:	0035151b          	slliw	a0,a0,0x3
    1c005ffe:	01656533          	or	a0,a0,s6
    1c006002:	01456533          	or	a0,a0,s4
    1c006006:	91574a0b          	.insn	4, 0x91574a0b
    1c00600a:	90d7468b          	.insn	4, 0x90d7468b
    1c00600e:	001a1a1b          	slliw	s4,s4,0x1
    1c006012:	01456533          	or	a0,a0,s4
    1c006016:	0066969b          	slliw	a3,a3,0x6
    1c00601a:	8ec9                	or	a3,a3,a0
    1c00601c:	9097450b          	.insn	4, 0x9097450b
    1c006020:	0045151b          	slliw	a0,a0,0x4
    1c006024:	8ec9                	or	a3,a3,a0
    1c006026:	9137450b          	.insn	4, 0x9137450b
    1c00602a:	0075151b          	slliw	a0,a0,0x7
    1c00602e:	8ec9                	or	a3,a3,a0
    1c006030:	9127450b          	.insn	4, 0x9127450b
    1c006034:	0055151b          	slliw	a0,a0,0x5
    1c006038:	8ec9                	or	a3,a3,a0
    1c00603a:	9077450b          	.insn	4, 0x9077450b
    1c00603e:	00d60023          	sb	a3,0(a2)
    1c006042:	9087468b          	.insn	4, 0x9087468b
    1c006046:	0045151b          	slliw	a0,a0,0x4
    1c00604a:	0066969b          	slliw	a3,a3,0x6
    1c00604e:	8ec9                	or	a3,a3,a0
    1c006050:	9067450b          	.insn	4, 0x9067450b
    1c006054:	8ec9                	or	a3,a3,a0
    1c006056:	91c7450b          	.insn	4, 0x91c7450b
    1c00605a:	0025151b          	slliw	a0,a0,0x2
    1c00605e:	8ec9                	or	a3,a3,a0
    1c006060:	9057450b          	.insn	4, 0x9057450b
    1c006064:	0075151b          	slliw	a0,a0,0x7
    1c006068:	8ec9                	or	a3,a3,a0
    1c00606a:	91f7450b          	.insn	4, 0x91f7450b
    1c00606e:	0055151b          	slliw	a0,a0,0x5
    1c006072:	8ec9                	or	a3,a3,a0
    1c006074:	91e7450b          	.insn	4, 0x91e7450b
    1c006078:	0035151b          	slliw	a0,a0,0x3
    1c00607c:	8ec9                	or	a3,a3,a0
    1c00607e:	91d7450b          	.insn	4, 0x91d7450b
    1c006082:	0015151b          	slliw	a0,a0,0x1
    1c006086:	8ec9                	or	a3,a3,a0
    1c006088:	00d600a3          	sb	a3,1(a2)
    1c00608c:	0f07f693          	andi	a3,a5,240
    1c006090:	90d7468b          	.insn	4, 0x90d7468b
    1c006094:	0076969b          	slliw	a3,a3,0x7
    1c006098:	1c06ae8b          	.insn	4, 0x1c06ae8b
    1c00609c:	00f7f693          	andi	a3,a5,15
    1c0060a0:	90d74f0b          	.insn	4, 0x90d74f0b
    1c0060a4:	0cc7f693          	andi	a3,a5,204
    1c0060a8:	90d74e0b          	.insn	4, 0x90d74e0b
    1c0060ac:	0337f693          	andi	a3,a5,51
    1c0060b0:	90d7430b          	.insn	4, 0x90d7430b
    1c0060b4:	0aa7f693          	andi	a3,a5,170
    1c0060b8:	0557f793          	andi	a5,a5,85
    1c0060bc:	90d7450b          	.insn	4, 0x90d7450b
    1c0060c0:	90f7468b          	.insn	4, 0x90f7468b
    1c0060c4:	006f1f1b          	slliw	t5,t5,0x6
    1c0060c8:	005e1e1b          	slliw	t3,t3,0x5
    1c0060cc:	0043131b          	slliw	t1,t1,0x4
    1c0060d0:	0035151b          	slliw	a0,a0,0x3
    1c0060d4:	0026969b          	slliw	a3,a3,0x2
    1c0060d8:	4785                	li	a5,1
    1c0060da:	1c0f2f0b          	.insn	4, 0x1c0f2f0b
    1c0060de:	1c0e2e0b          	.insn	4, 0x1c0e2e0b
    1c0060e2:	1c03230b          	.insn	4, 0x1c03230b
    1c0060e6:	1c05250b          	.insn	4, 0x1c05250b
    1c0060ea:	1c06a68b          	.insn	4, 0x1c06a68b
    1c0060ee:	12f59163          	bne	a1,a5,0x1c006210
    1c0060f2:	00dee6b3          	or	a3,t4,a3
    1c0060f6:	00df67b3          	or	a5,t5,a3
    1c0060fa:	00fe67b3          	or	a5,t3,a5
    1c0060fe:	00f367b3          	or	a5,t1,a5
    1c006102:	8fc9                	or	a5,a5,a0
    1c006104:	0037e793          	ori	a5,a5,3
    1c006108:	0ff7f793          	zext.b	a5,a5
    1c00610c:	00f60123          	sb	a5,2(a2)
    1c006110:	6b82                	ld	s7,0(sp)
    1c006112:	6b22                	ld	s6,8(sp)
    1c006114:	6ac2                	ld	s5,16(sp)
    1c006116:	6a62                	ld	s4,24(sp)
    1c006118:	7982                	ld	s3,32(sp)
    1c00611a:	7922                	ld	s2,40(sp)
    1c00611c:	74c2                	ld	s1,48(sp)
    1c00611e:	7462                	ld	s0,56(sp)
    1c006120:	6121                	addi	sp,sp,64
    1c006122:	8082                	ret
    1c006124:	00852e83          	lw	t4,8(a0)
    1c006128:	e125470b          	.insn	4, 0xe125470b
    1c00612c:	01052983          	lw	s3,16(a0)
    1c006130:	01274933          	xor	s2,a4,s2
    1c006134:	01d74733          	xor	a4,a4,t4
    1c006138:	8f25                	xor	a4,a4,s1
    1c00613a:	4544                	lw	s1,12(a0)
    1c00613c:	01c52a03          	lw	s4,28(a0)
    1c006140:	009ec4b3          	xor	s1,t4,s1
    1c006144:	0124c4b3          	xor	s1,s1,s2
    1c006148:	01452e83          	lw	t4,20(a0)
    1c00614c:	01374733          	xor	a4,a4,s3
    1c006150:	01d9c9b3          	xor	s3,s3,t4
    1c006154:	01852e83          	lw	t4,24(a0)
    1c006158:	02452a83          	lw	s5,36(a0)
    1c00615c:	01d74733          	xor	a4,a4,t4
    1c006160:	014eceb3          	xor	t4,t4,s4
    1c006164:	013eceb3          	xor	t4,t4,s3
    1c006168:	02052a03          	lw	s4,32(a0)
    1c00616c:	02c52b03          	lw	s6,44(a0)
    1c006170:	01474733          	xor	a4,a4,s4
    1c006174:	015a4a33          	xor	s4,s4,s5
    1c006178:	02852a83          	lw	s5,40(a0)
    1c00617c:	03452b83          	lw	s7,52(a0)
    1c006180:	01574733          	xor	a4,a4,s5
    1c006184:	016acab3          	xor	s5,s5,s6
    1c006188:	03052b03          	lw	s6,48(a0)
    1c00618c:	00da46b3          	xor	a3,s4,a3
    1c006190:	00db46b3          	xor	a3,s6,a3
    1c006194:	0176c6b3          	xor	a3,a3,s7
    1c006198:	00d946b3          	xor	a3,s2,a3
    1c00619c:	03852903          	lw	s2,56(a0)
    1c0061a0:	04050513          	addi	a0,a0,64
    1c0061a4:	2481                	sext.w	s1,s1
    1c0061a6:	01674733          	xor	a4,a4,s6
    1c0061aa:	01534333          	xor	t1,t1,s5
    1c0061ae:	01434333          	xor	t1,t1,s4
    1c0061b2:	009eceb3          	xor	t4,t4,s1
    1c0061b6:	0064c333          	xor	t1,s1,t1
    1c0061ba:	012744b3          	xor	s1,a4,s2
    1c0061be:	016ac733          	xor	a4,s5,s6
    1c0061c2:	00ebc733          	xor	a4,s7,a4
    1c0061c6:	00e94733          	xor	a4,s2,a4
    1c0061ca:	2e81                	sext.w	t4,t4
    1c0061cc:	00ea4733          	xor	a4,s4,a4
    1c0061d0:	00eec733          	xor	a4,t4,a4
    1c0061d4:	01de4e33          	xor	t3,t3,t4
    1c0061d8:	ffc52e83          	lw	t4,-4(a0)
    1c0061dc:	00d9c6b3          	xor	a3,s3,a3
    1c0061e0:	01d74733          	xor	a4,a4,t4
    1c0061e4:	8fb9                	xor	a5,a5,a4
    1c0061e6:	001f7e93          	andi	t4,t5,1
    1c0061ea:	000e9463          	bnez	t4,0x1c0061f2
    1c0061ee:	007743b3          	xor	t2,a4,t2
    1c0061f2:	002f7e93          	andi	t4,t5,2
    1c0061f6:	000e9363          	bnez	t4,0x1c0061fc
    1c0061fa:	8c39                	xor	s0,s0,a4
    1c0061fc:	00559863          	bne	a1,t0,0x1c00620c
    1c006200:	004f7e93          	andi	t4,t5,4
    1c006204:	000e9463          	bnez	t4,0x1c00620c
    1c006208:	00e8c8b3          	xor	a7,a7,a4
    1c00620c:	2f05                	addiw	t5,t5,1
    1c00620e:	b1e1                	j	0x1c005ed6
    1c006210:	01eee7b3          	or	a5,t4,t5
    1c006214:	00fe67b3          	or	a5,t3,a5
    1c006218:	00f367b3          	or	a5,t1,a5
    1c00621c:	8fc9                	or	a5,a5,a0
    1c00621e:	8fd5                	or	a5,a5,a3
    1c006220:	9117468b          	.insn	4, 0x9117468b
    1c006224:	8fd5                	or	a5,a5,a3
    1c006226:	9107468b          	.insn	4, 0x9107468b
    1c00622a:	0016969b          	slliw	a3,a3,0x1
    1c00622e:	8fd5                	or	a5,a5,a3
    1c006230:	bde1                	j	0x1c006108
    1c006232:	00064783          	lbu	a5,0(a2)
    1c006236:	0005c803          	lbu	a6,0(a1)
    1c00623a:	0015c703          	lbu	a4,1(a1)
    1c00623e:	00f84833          	xor	a6,a6,a5
    1c006242:	0ff87813          	zext.b	a6,a6
    1c006246:	00164783          	lbu	a5,1(a2)
    1c00624a:	00264603          	lbu	a2,2(a2)
    1c00624e:	8f3d                	xor	a4,a4,a5
    1c006250:	0ff77713          	zext.b	a4,a4
    1c006254:	0025c783          	lbu	a5,2(a1)
    1c006258:	8fb1                	xor	a5,a5,a2
    1c00625a:	0ff7f793          	zext.b	a5,a5
    1c00625e:	00e86633          	or	a2,a6,a4
    1c006262:	8e5d                	or	a2,a2,a5
    1c006264:	ca7d                	beqz	a2,0x1c00635a
    1c006266:	0018589b          	srliw	a7,a6,0x1
    1c00626a:	0008061b          	sext.w	a2,a6
    1c00626e:	01184833          	xor	a6,a6,a7
    1c006272:	05587813          	andi	a6,a6,85
    1c006276:	05500893          	li	a7,85
    1c00627a:	0007059b          	sext.w	a1,a4
    1c00627e:	09181e63          	bne	a6,a7,0x1c00631a
    1c006282:	0017589b          	srliw	a7,a4,0x1
    1c006286:	01174733          	xor	a4,a4,a7
    1c00628a:	05577713          	andi	a4,a4,85
    1c00628e:	09071663          	bne	a4,a6,0x1c00631a
    1c006292:	7c86b68b          	.insn	4, 0x7c86b68b
    1c006296:	4805                	li	a6,1
    1c006298:	05069763          	bne	a3,a6,0x1c0062e6
    1c00629c:	0017d71b          	srliw	a4,a5,0x1
    1c0062a0:	8f3d                	xor	a4,a4,a5
    1c0062a2:	05477713          	andi	a4,a4,84
    1c0062a6:	05400693          	li	a3,84
    1c0062aa:	06d71863          	bne	a4,a3,0x1c00631a
    1c0062ae:	1c00b6b7          	lui	a3,0x1c00b
    1c0062b2:	64068693          	addi	a3,a3,1600 # 0x1c00b640
    1c0062b6:	80b6c70b          	.insn	4, 0x80b6c70b
    1c0062ba:	0047171b          	slliw	a4,a4,0x4
    1c0062be:	80c6c68b          	.insn	4, 0x80c6c68b
    1c0062c2:	8389                	srli	a5,a5,0x2
    1c0062c4:	9f35                	addw	a4,a4,a3
    1c0062c6:	1c00b6b7          	lui	a3,0x1c00b
    1c0062ca:	64068693          	addi	a3,a3,1600 # 0x1c00b640
    1c0062ce:	80f6c68b          	.insn	4, 0x80f6c68b
    1c0062d2:	4785                	li	a5,1
    1c0062d4:	00d797bb          	sllw	a5,a5,a3
    1c0062d8:	90e5468b          	.insn	4, 0x90e5468b
    1c0062dc:	8fb5                	xor	a5,a5,a3
    1c0062de:	10e5578b          	.insn	4, 0x10e5578b
    1c0062e2:	4505                	li	a0,1
    1c0062e4:	8082                	ret
    1c0062e6:	4809                	li	a6,2
    1c0062e8:	03069963          	bne	a3,a6,0x1c00631a
    1c0062ec:	0017d69b          	srliw	a3,a5,0x1
    1c0062f0:	8ebd                	xor	a3,a3,a5
    1c0062f2:	0556f693          	andi	a3,a3,85
    1c0062f6:	02e69263          	bne	a3,a4,0x1c00631a
    1c0062fa:	1c00b6b7          	lui	a3,0x1c00b
    1c0062fe:	64068693          	addi	a3,a3,1600 # 0x1c00b640
    1c006302:	80b6c58b          	.insn	4, 0x80b6c58b
    1c006306:	0037f713          	andi	a4,a5,3
    1c00630a:	80e6c70b          	.insn	4, 0x80e6c70b
    1c00630e:	0045959b          	slliw	a1,a1,0x4
    1c006312:	0087171b          	slliw	a4,a4,0x8
    1c006316:	9f2d                	addw	a4,a4,a1
    1c006318:	b75d                	j	0x1c0062be
    1c00631a:	1c00b737          	lui	a4,0x1c00b
    1c00631e:	74070713          	addi	a4,a4,1856 # 0x1c00b740
    1c006322:	80c7450b          	.insn	4, 0x80c7450b
    1c006326:	80b7468b          	.insn	4, 0x80b7468b
    1c00632a:	80f7478b          	.insn	4, 0x80f7478b
    1c00632e:	9d35                	addw	a0,a0,a3
    1c006330:	9d3d                	addw	a0,a0,a5
    1c006332:	4785                	li	a5,1
    1c006334:	02f50563          	beq	a0,a5,0x1c00635e
    1c006338:	1141                	addi	sp,sp,-16
    1c00633a:	1c00b5b7          	lui	a1,0x1c00b
    1c00633e:	62858593          	addi	a1,a1,1576 # 0x1c00b628
    1c006342:	1c00b537          	lui	a0,0x1c00b
    1c006346:	60850513          	addi	a0,a0,1544 # 0x1c00b608
    1c00634a:	e406                	sd	ra,8(sp)
    1c00634c:	7d8040ef          	jal	0x1c00ab24
    1c006350:	60a2                	ld	ra,8(sp)
    1c006352:	fb600513          	li	a0,-74
    1c006356:	0141                	addi	sp,sp,16
    1c006358:	8082                	ret
    1c00635a:	4501                	li	a0,0
    1c00635c:	8082                	ret
    1c00635e:	8082                	ret
    1c006360:	87ae                	mv	a5,a1
    1c006362:	0115151b          	slliw	a0,a0,0x11
    1c006366:	85b2                	mv	a1,a2
    1c006368:	9d3d                	addw	a0,a0,a5
    1c00636a:	8636                	mv	a2,a3
    1c00636c:	bc99                	j	0x1c005dc2
    1c00636e:	715d                	addi	sp,sp,-80
    1c006370:	1c0067b7          	lui	a5,0x1c006
    1c006374:	2f078793          	addi	a5,a5,752 # 0x1c0062f0
    1c006378:	fc3e                	sd	a5,56(sp)
    1c00637a:	230007b7          	lui	a5,0x23000
    1c00637e:	ec3e                	sd	a5,24(sp)
    1c006380:	040007b7          	lui	a5,0x4000
    1c006384:	0785                	addi	a5,a5,1 # 0x4000001
    1c006386:	07c6                	slli	a5,a5,0x11
    1c006388:	f03e                	sd	a5,32(sp)
    1c00638a:	400007b7          	lui	a5,0x40000
    1c00638e:	0785                	addi	a5,a5,1 # 0x40000001
    1c006390:	e82a                	sd	a0,16(sp)
    1c006392:	002c                	addi	a1,sp,8
    1c006394:	0828                	addi	a0,sp,24
    1c006396:	07b2                	slli	a5,a5,0xc
    1c006398:	4605                	li	a2,1
    1c00639a:	f43e                	sd	a5,40(sp)
    1c00639c:	4785                	li	a5,1
    1c00639e:	e486                	sd	ra,72(sp)
    1c0063a0:	c402                	sw	zero,8(sp)
    1c0063a2:	f83e                	sd	a5,48(sp)
    1c0063a4:	3da000ef          	jal	0x1c00677e
    1c0063a8:	60a6                	ld	ra,72(sp)
    1c0063aa:	6161                	addi	sp,sp,80
    1c0063ac:	8082                	ret
    1c0063ae:	9005150b          	.insn	4, 0x9005150b
    1c0063b2:	8082                	ret
    1c0063b4:	1101                	addi	sp,sp,-32
    1c0063b6:	e426                	sd	s1,8(sp)
    1c0063b8:	e822                	sd	s0,16(sp)
    1c0063ba:	84aa                	mv	s1,a0
    1c0063bc:	2501                	sext.w	a0,a0
    1c0063be:	ec06                	sd	ra,24(sp)
    1c0063c0:	fefff0ef          	jal	0x1c0063ae
    1c0063c4:	0005041b          	sext.w	s0,a0
    1c0063c8:	4204d513          	srai	a0,s1,0x20
    1c0063cc:	fe3ff0ef          	jal	0x1c0063ae
    1c0063d0:	60e2                	ld	ra,24(sp)
    1c0063d2:	1402                	slli	s0,s0,0x20
    1c0063d4:	7c05350b          	.insn	4, 0x7c05350b
    1c0063d8:	8d41                	or	a0,a0,s0
    1c0063da:	64a2                	ld	s1,8(sp)
    1c0063dc:	6442                	ld	s0,16(sp)
    1c0063de:	6105                	addi	sp,sp,32
    1c0063e0:	8082                	ret
    1c0063e2:	40355713          	srai	a4,a0,0x3
    1c0063e6:	4785                	li	a5,1
    1c0063e8:	891d                	andi	a0,a0,7
    1c0063ea:	00a7953b          	sllw	a0,a5,a0
    1c0063ee:	80e5c78b          	.insn	4, 0x80e5c78b
    1c0063f2:	8d7d                	and	a0,a0,a5
    1c0063f4:	8082                	ret
    1c0063f6:	00655713          	srli	a4,a0,0x6
    1c0063fa:	66e5c78b          	.insn	4, 0x66e5c78b
    1c0063fe:	28a797b3          	.insn	4, 0x28a797b3
    1c006402:	66e5d78b          	.insn	4, 0x66e5d78b
    1c006406:	8082                	ret
    1c006408:	01052883          	lw	a7,16(a0)
    1c00640c:	8832                	mv	a6,a2
    1c00640e:	8336                	mv	t1,a3
    1c006410:	611c                	ld	a5,0(a0)
    1c006412:	86ae                	mv	a3,a1
    1c006414:	0007061b          	sext.w	a2,a4
    1c006418:	0003059b          	sext.w	a1,t1
    1c00641c:	0108853b          	addw	a0,a7,a6
    1c006420:	8782                	jr	a5
    1c006422:	7175                	addi	sp,sp,-144
    1c006424:	f4ce                	sd	s3,104(sp)
    1c006426:	f8ca                	sd	s2,112(sp)
    1c006428:	00038937          	lui	s2,0x38
    1c00642c:	1a890993          	addi	s3,s2,424 # 0x381a8
    1c006430:	fca6                	sd	s1,120(sp)
    1c006432:	e122                	sd	s0,128(sp)
    1c006434:	99aa                	add	s3,s3,a0
    1c006436:	842e                	mv	s0,a1
    1c006438:	ecd6                	sd	s5,88(sp)
    1c00643a:	f0d2                	sd	s4,96(sp)
    1c00643c:	8aaa                	mv	s5,a0
    1c00643e:	85ce                	mv	a1,s3
    1c006440:	8522                	mv	a0,s0
    1c006442:	e506                	sd	ra,136(sp)
    1c006444:	8a32                	mv	s4,a2
    1c006446:	f9dff0ef          	jal	0x1c0063e2
    1c00644a:	10051e63          	bnez	a0,0x1c006566
    1c00644e:	12090913          	addi	s2,s2,288
    1c006452:	9956                	add	s2,s2,s5
    1c006454:	00645693          	srli	a3,s0,0x6
    1c006458:	66d9470b          	.insn	4, 0x66d9470b
    1c00645c:	288017b3          	.insn	4, 0x288017b3
    1c006460:	28871633          	.insn	4, 0x28871633
    1c006464:	66d9560b          	.insn	4, 0x66d9560b
    1c006468:	84aa                	mv	s1,a0
    1c00646a:	8ff9                	and	a5,a5,a4
    1c00646c:	e39d                	bnez	a5,0x1c006492
    1c00646e:	018ab683          	ld	a3,24(s5)
    1c006472:	04000713          	li	a4,64
    1c006476:	8622                	mv	a2,s0
    1c006478:	85d2                	mv	a1,s4
    1c00647a:	8556                	mv	a0,s5
    1c00647c:	f8dff0ef          	jal	0x1c006408
    1c006480:	892a                	mv	s2,a0
    1c006482:	c115                	beqz	a0,0x1c0064a6
    1c006484:	85ce                	mv	a1,s3
    1c006486:	8522                	mv	a0,s0
    1c006488:	000a2023          	sw	zero,0(s4)
    1c00648c:	84ca                	mv	s1,s2
    1c00648e:	f69ff0ef          	jal	0x1c0063f6
    1c006492:	60aa                	ld	ra,136(sp)
    1c006494:	6ae6                	ld	s5,88(sp)
    1c006496:	7a06                	ld	s4,96(sp)
    1c006498:	79a6                	ld	s3,104(sp)
    1c00649a:	7946                	ld	s2,112(sp)
    1c00649c:	8526                	mv	a0,s1
    1c00649e:	74e6                	ld	s1,120(sp)
    1c0064a0:	640a                	ld	s0,128(sp)
    1c0064a2:	6149                	addi	sp,sp,144
    1c0064a4:	8082                	ret
    1c0064a6:	000a2503          	lw	a0,0(s4)
    1c0064aa:	f05ff0ef          	jal	0x1c0063ae
    1c0064ae:	55425937          	lui	s2,0x55425
    1c0064b2:	0005061b          	sext.w	a2,a0
    1c0064b6:	92190793          	addi	a5,s2,-1759 # 0x55424921
    1c0064ba:	e432                	sd	a2,8(sp)
    1c0064bc:	0af60763          	beq	a2,a5,0x1c00656a
    1c0064c0:	85ce                	mv	a1,s3
    1c0064c2:	8522                	mv	a0,s0
    1c0064c4:	f33ff0ef          	jal	0x1c0063f6
    1c0064c8:	6622                	ld	a2,8(sp)
    1c0064ca:	57fd                	li	a5,-1
    1c0064cc:	08f61663          	bne	a2,a5,0x1c006558
    1c0064d0:	04000713          	li	a4,64
    1c0064d4:	4681                	li	a3,0
    1c0064d6:	8622                	mv	a2,s0
    1c0064d8:	080c                	addi	a1,sp,16
    1c0064da:	8556                	mv	a0,s5
    1c0064dc:	f2dff0ef          	jal	0x1c006408
    1c0064e0:	c119                	beqz	a0,0x1c0064e6
    1c0064e2:	4485                	li	s1,1
    1c0064e4:	b77d                	j	0x1c006492
    1c0064e6:	4542                	lw	a0,16(sp)
    1c0064e8:	ec7ff0ef          	jal	0x1c0063ae
    1c0064ec:	92390913          	addi	s2,s2,-1757
    1c0064f0:	0005061b          	sext.w	a2,a0
    1c0064f4:	01260a63          	beq	a2,s2,0x1c006508
    1c0064f8:	85a2                	mv	a1,s0
    1c0064fa:	1c00c537          	lui	a0,0x1c00c
    1c0064fe:	94050513          	addi	a0,a0,-1728 # 0x1c00b940
    1c006502:	622040ef          	jal	0x1c00ab24
    1c006506:	bff1                	j	0x1c0064e2
    1c006508:	03c00613          	li	a2,60
    1c00650c:	080c                	addi	a1,sp,16
    1c00650e:	557d                	li	a0,-1
    1c006510:	5cf040ef          	jal	0x1c00b2de
    1c006514:	0005049b          	sext.w	s1,a0
    1c006518:	4536                	lw	a0,76(sp)
    1c00651a:	e95ff0ef          	jal	0x1c0063ae
    1c00651e:	2501                	sext.w	a0,a0
    1c006520:	00a48a63          	beq	s1,a0,0x1c006534
    1c006524:	85a2                	mv	a1,s0
    1c006526:	1c00c537          	lui	a0,0x1c00c
    1c00652a:	96850513          	addi	a0,a0,-1688 # 0x1c00b968
    1c00652e:	5f6040ef          	jal	0x1c00ab24
    1c006532:	bf45                	j	0x1c0064e2
    1c006534:	464f47b7          	lui	a5,0x464f4
    1c006538:	4752                	lw	a4,20(sp)
    1c00653a:	50078793          	addi	a5,a5,1280 # 0x464f4500
    1c00653e:	f0077713          	andi	a4,a4,-256
    1c006542:	faf710e3          	bne	a4,a5,0x1c0064e2
    1c006546:	85a2                	mv	a1,s0
    1c006548:	1c00c537          	lui	a0,0x1c00c
    1c00654c:	98850513          	addi	a0,a0,-1656 # 0x1c00b988
    1c006550:	5d4040ef          	jal	0x1c00ab24
    1c006554:	449d                	li	s1,7
    1c006556:	bf35                	j	0x1c006492
    1c006558:	1c00c537          	lui	a0,0x1c00c
    1c00655c:	9b050513          	addi	a0,a0,-1616 # 0x1c00b9b0
    1c006560:	85a2                	mv	a1,s0
    1c006562:	5c2040ef          	jal	0x1c00ab24
    1c006566:	448d                	li	s1,3
    1c006568:	b72d                	j	0x1c006492
    1c00656a:	03c00613          	li	a2,60
    1c00656e:	85d2                	mv	a1,s4
    1c006570:	557d                	li	a0,-1
    1c006572:	56d040ef          	jal	0x1c00b2de
    1c006576:	0005091b          	sext.w	s2,a0
    1c00657a:	03ca2503          	lw	a0,60(s4)
    1c00657e:	e31ff0ef          	jal	0x1c0063ae
    1c006582:	2501                	sext.w	a0,a0
    1c006584:	f0a907e3          	beq	s2,a0,0x1c006492
    1c006588:	85a2                	mv	a1,s0
    1c00658a:	1c00c537          	lui	a0,0x1c00c
    1c00658e:	9d850513          	addi	a0,a0,-1576 # 0x1c00b9d8
    1c006592:	592040ef          	jal	0x1c00ab24
    1c006596:	85ce                	mv	a1,s3
    1c006598:	8522                	mv	a0,s0
    1c00659a:	e5dff0ef          	jal	0x1c0063f6
    1c00659e:	b7e1                	j	0x1c006566
    1c0065a0:	455c                	lw	a5,12(a0)
    1c0065a2:	00f67963          	bgeu	a2,a5,0x1c0065b4
    1c0065a6:	0006079b          	sext.w	a5,a2
    1c0065aa:	00064563          	bltz	a2,0x1c0065b4
    1c0065ae:	862e                	mv	a2,a1
    1c0065b0:	85be                	mv	a1,a5
    1c0065b2:	bd85                	j	0x1c006422
    1c0065b4:	5529                	li	a0,-22
    1c0065b6:	8082                	ret
    1c0065b8:	711d                	addi	sp,sp,-96
    1c0065ba:	455c                	lw	a5,12(a0)
    1c0065bc:	e862                	sd	s8,16(sp)
    1c0065be:	ec5e                	sd	s7,24(sp)
    1c0065c0:	f05a                	sd	s6,32(sp)
    1c0065c2:	f456                	sd	s5,40(sp)
    1c0065c4:	f852                	sd	s4,48(sp)
    1c0065c6:	fc4e                	sd	s3,56(sp)
    1c0065c8:	e0ca                	sd	s2,64(sp)
    1c0065ca:	e4a6                	sd	s1,72(sp)
    1c0065cc:	e8a2                	sd	s0,80(sp)
    1c0065ce:	ec86                	sd	ra,88(sp)
    1c0065d0:	08f67d63          	bgeu	a2,a5,0x1c00666a
    1c0065d4:	0006079b          	sext.w	a5,a2
    1c0065d8:	59a9                	li	s3,-22
    1c0065da:	02064b63          	bltz	a2,0x1c006610
    1c0065de:	8932                	mv	s2,a2
    1c0065e0:	8aae                	mv	s5,a1
    1c0065e2:	862e                	mv	a2,a1
    1c0065e4:	85be                	mv	a1,a5
    1c0065e6:	84aa                	mv	s1,a0
    1c0065e8:	e3bff0ef          	jal	0x1c006422
    1c0065ec:	89aa                	mv	s3,a0
    1c0065ee:	e10d                	bnez	a0,0x1c006610
    1c0065f0:	008aa503          	lw	a0,8(s5)
    1c0065f4:	dbbff0ef          	jal	0x1c0063ae
    1c0065f8:	2501                	sext.w	a0,a0
    1c0065fa:	7ffff7b7          	lui	a5,0x7ffff
    1c0065fe:	02f51663          	bne	a0,a5,0x1c00662a
    1c006602:	000387b7          	lui	a5,0x38
    1c006606:	94be                	add	s1,s1,a5
    1c006608:	0904a783          	lw	a5,144(s1)
    1c00660c:	0e079f63          	bnez	a5,0x1c00670a
    1c006610:	6446                	ld	s0,80(sp)
    1c006612:	60e6                	ld	ra,88(sp)
    1c006614:	6c42                	ld	s8,16(sp)
    1c006616:	6be2                	ld	s7,24(sp)
    1c006618:	7b02                	ld	s6,32(sp)
    1c00661a:	7aa2                	ld	s5,40(sp)
    1c00661c:	6906                	ld	s2,64(sp)
    1c00661e:	64a6                	ld	s1,72(sp)
    1c006620:	854e                	mv	a0,s3
    1c006622:	7a42                	ld	s4,48(sp)
    1c006624:	79e2                	ld	s3,56(sp)
    1c006626:	6125                	addi	sp,sp,96
    1c006628:	8082                	ret
    1c00662a:	f17d                	bnez	a0,0x1c006610
    1c00662c:	005ac703          	lbu	a4,5(s5)
    1c006630:	4789                	li	a5,2
    1c006632:	fcf71fe3          	bne	a4,a5,0x1c006610
    1c006636:	00038bb7          	lui	s7,0x38
    1c00663a:	01748b33          	add	s6,s1,s7
    1c00663e:	230b4783          	lbu	a5,560(s6)
    1c006642:	8b85                	andi	a5,a5,1
    1c006644:	d7f1                	beqz	a5,0x1c006610
    1c006646:	00caa503          	lw	a0,12(s5)
    1c00664a:	d65ff0ef          	jal	0x1c0063ae
    1c00664e:	0005041b          	sext.w	s0,a0
    1c006652:	4795                	li	a5,5
    1c006654:	0087fd63          	bgeu	a5,s0,0x1c00666e
    1c006658:	1c00c537          	lui	a0,0x1c00c
    1c00665c:	9f850513          	addi	a0,a0,-1544 # 0x1c00b9f8
    1c006660:	4699                	li	a3,6
    1c006662:	8622                	mv	a2,s0
    1c006664:	4581                	li	a1,0
    1c006666:	4be040ef          	jal	0x1c00ab24
    1c00666a:	59a9                	li	s3,-22
    1c00666c:	b755                	j	0x1c006610
    1c00666e:	2c0b3703          	ld	a4,704(s6)
    1c006672:	01748a33          	add	s4,s1,s7
    1c006676:	288716b3          	.insn	4, 0x288716b3
    1c00667a:	288017b3          	.insn	4, 0x288017b3
    1c00667e:	2cdb3023          	sd	a3,704(s6)
    1c006682:	2c8a0a13          	addi	s4,s4,712
    1c006686:	8ff9                	and	a5,a5,a4
    1c006688:	c7ad                	beqz	a5,0x1c0066f2
    1c00668a:	548a460b          	.insn	4, 0x548a460b
    1c00668e:	2e0b8b13          	addi	s6,s7,736 # 0x382e0
    1c006692:	120b8593          	addi	a1,s7,288
    1c006696:	0866179b          	.insn	4, 0x0866179b
    1c00669a:	8532                	mv	a0,a2
    1c00669c:	9b26                	add	s6,s6,s1
    1c00669e:	95a6                	add	a1,a1,s1
    1c0066a0:	8c32                	mv	s8,a2
    1c0066a2:	e432                	sd	a2,8(sp)
    1c0066a4:	9b3e                	add	s6,s6,a5
    1c0066a6:	d3dff0ef          	jal	0x1c0063e2
    1c0066aa:	6622                	ld	a2,8(sp)
    1c0066ac:	e919                	bnez	a0,0x1c0066c2
    1c0066ae:	86a2                	mv	a3,s0
    1c0066b0:	85da                	mv	a1,s6
    1c0066b2:	8526                	mv	a0,s1
    1c0066b4:	eedff0ef          	jal	0x1c0065a0
    1c0066b8:	c509                	beqz	a0,0x1c0066c2
    1c0066ba:	548a590b          	.insn	4, 0x548a590b
    1c0066be:	4981                	li	s3,0
    1c0066c0:	bf81                	j	0x1c006610
    1c0066c2:	000385b7          	lui	a1,0x38
    1c0066c6:	1a858593          	addi	a1,a1,424 # 0x381a8
    1c0066ca:	95a6                	add	a1,a1,s1
    1c0066cc:	8562                	mv	a0,s8
    1c0066ce:	d15ff0ef          	jal	0x1c0063e2
    1c0066d2:	c501                	beqz	a0,0x1c0066da
    1c0066d4:	548a590b          	.insn	4, 0x548a590b
    1c0066d8:	bf25                	j	0x1c006610
    1c0066da:	028b3503          	ld	a0,40(s6)
    1c0066de:	cd7ff0ef          	jal	0x1c0063b4
    1c0066e2:	84aa                	mv	s1,a0
    1c0066e4:	028ab503          	ld	a0,40(s5)
    1c0066e8:	ccdff0ef          	jal	0x1c0063b4
    1c0066ec:	f2a4f2e3          	bgeu	s1,a0,0x1c006610
    1c0066f0:	b7e9                	j	0x1c0066ba
    1c0066f2:	548a590b          	.insn	4, 0x548a590b
    1c0066f6:	2b8b2783          	lw	a5,696(s6)
    1c0066fa:	f087fbe3          	bgeu	a5,s0,0x1c006610
    1c0066fe:	000387b7          	lui	a5,0x38
    1c006702:	94be                	add	s1,s1,a5
    1c006704:	2a84ac23          	sw	s0,696(s1)
    1c006708:	b721                	j	0x1c006610
    1c00670a:	4999                	li	s3,6
    1c00670c:	b711                	j	0x1c006610
    1c00670e:	7179                	addi	sp,sp,-48
    1c006710:	f022                	sd	s0,32(sp)
    1c006712:	f406                	sd	ra,40(sp)
    1c006714:	00038437          	lui	s0,0x38
    1c006718:	2e040413          	addi	s0,s0,736 # 0x382e0
    1c00671c:	e052                	sd	s4,0(sp)
    1c00671e:	e44e                	sd	s3,8(sp)
    1c006720:	e84a                	sd	s2,16(sp)
    1c006722:	ec26                	sd	s1,24(sp)
    1c006724:	892a                	mv	s2,a0
    1c006726:	8a2e                	mv	s4,a1
    1c006728:	89b2                	mv	s3,a2
    1c00672a:	4481                	li	s1,0
    1c00672c:	942a                	add	s0,s0,a0
    1c00672e:	00999463          	bne	s3,s1,0x1c006736
    1c006732:	4501                	li	a0,0
    1c006734:	a82d                	j	0x1c00676e
    1c006736:	449a450b          	.insn	4, 0x449a450b
    1c00673a:	c75ff0ef          	jal	0x1c0063ae
    1c00673e:	00c92783          	lw	a5,12(s2)
    1c006742:	0005061b          	sext.w	a2,a0
    1c006746:	00f67c63          	bgeu	a2,a5,0x1c00675e
    1c00674a:	0485                	addi	s1,s1,1
    1c00674c:	00064963          	bltz	a2,0x1c00675e
    1c006750:	0866159b          	.insn	4, 0x0866159b
    1c006754:	95a2                	add	a1,a1,s0
    1c006756:	854a                	mv	a0,s2
    1c006758:	e61ff0ef          	jal	0x1c0065b8
    1c00675c:	bfc9                	j	0x1c00672e
    1c00675e:	85b2                	mv	a1,a2
    1c006760:	1c00c537          	lui	a0,0x1c00c
    1c006764:	a2050513          	addi	a0,a0,-1504 # 0x1c00ba20
    1c006768:	3bc040ef          	jal	0x1c00ab24
    1c00676c:	4509                	li	a0,2
    1c00676e:	7402                	ld	s0,32(sp)
    1c006770:	70a2                	ld	ra,40(sp)
    1c006772:	6a02                	ld	s4,0(sp)
    1c006774:	69a2                	ld	s3,8(sp)
    1c006776:	6942                	ld	s2,16(sp)
    1c006778:	64e2                	ld	s1,24(sp)
    1c00677a:	6145                	addi	sp,sp,48
    1c00677c:	8082                	ret
    1c00677e:	7151                	addi	sp,sp,-240
    1c006780:	4d5c                	lw	a5,28(a0)
    1c006782:	fd56                	sd	s5,184(sp)
    1c006784:	e1d2                	sd	s4,192(sp)
    1c006786:	eda6                	sd	s1,216(sp)
    1c006788:	f1a2                	sd	s0,224(sp)
    1c00678a:	00038a37          	lui	s4,0x38
    1c00678e:	6100                	ld	s0,0(a0)
    1c006790:	f43e                	sd	a5,40(sp)
    1c006792:	2b8a0a93          	addi	s5,s4,696 # 0x382b8
    1c006796:	000387b7          	lui	a5,0x38
    1c00679a:	2e078793          	addi	a5,a5,736 # 0x382e0
    1c00679e:	9aa2                	add	s5,s5,s0
    1c0067a0:	ed66                	sd	s9,152(sp)
    1c0067a2:	f162                	sd	s8,160(sp)
    1c0067a4:	e5ce                	sd	s3,200(sp)
    1c0067a6:	e9ca                	sd	s2,208(sp)
    1c0067a8:	e56e                	sd	s11,136(sp)
    1c0067aa:	e96a                	sd	s10,144(sp)
    1c0067ac:	f55e                	sd	s7,168(sp)
    1c0067ae:	f95a                	sd	s6,176(sp)
    1c0067b0:	00f40c33          	add	s8,s0,a5
    1c0067b4:	e4ae                	sd	a1,72(sp)
    1c0067b6:	e8b2                	sd	a2,80(sp)
    1c0067b8:	008a8793          	addi	a5,s5,8
    1c0067bc:	f586                	sd	ra,232(sp)
    1c0067be:	89aa                	mv	s3,a0
    1c0067c0:	01440cb3          	add	s9,s0,s4
    1c0067c4:	fc3e                	sd	a5,56(sp)
    1c0067c6:	00048637          	lui	a2,0x48
    1c0067ca:	2e060613          	addi	a2,a2,736 # 0x482e0
    1c0067ce:	4581                	li	a1,0
    1c0067d0:	8522                	mv	a0,s0
    1c0067d2:	76c040ef          	jal	0x1c00af3e
    1c0067d6:	0089a703          	lw	a4,8(s3)
    1c0067da:	0109e683          	lwu	a3,16(s3)
    1c0067de:	0209b783          	ld	a5,32(s3)
    1c0067e2:	0189a603          	lw	a2,24(s3)
    1c0067e6:	e01c                	sd	a5,0(s0)
    1c0067e8:	00c9e783          	lwu	a5,12(s3)
    1c0067ec:	ec1c                	sd	a5,24(s0)
    1c0067ee:	f014                	sd	a3,32(s0)
    1c0067f0:	7c07378b          	.insn	4, 0x7c07378b
    1c0067f4:	40d786b3          	sub	a3,a5,a3
    1c0067f8:	0149a783          	lw	a5,20(s3)
    1c0067fc:	230a0913          	addi	s2,s4,560
    1c006800:	02f7073b          	mulw	a4,a4,a5
    1c006804:	c810                	sw	a2,16(s0)
    1c006806:	f414                	sd	a3,40(s0)
    1c006808:	4481                	li	s1,0
    1c00680a:	0147571b          	srliw	a4,a4,0x14
    1c00680e:	e2f4570b          	.insn	4, 0xe2f4570b
    1c006812:	6711                	lui	a4,0x4
    1c006814:	7c07b78b          	.insn	4, 0x7c07b78b
    1c006818:	072d                	addi	a4,a4,11 # 0x400b
    1c00681a:	973e                	add	a4,a4,a5
    1c00681c:	40278793          	addi	a5,a5,1026
    1c006820:	02e7978b          	.insn	4, 0x02e7978b
    1c006824:	fff68713          	addi	a4,a3,-1
    1c006828:	04f7178b          	.insn	4, 0x04f7178b
    1c00682c:	9922                	add	s2,s2,s0
    1c00682e:	02d7d7b3          	divu	a5,a5,a3
    1c006832:	02d787b3          	mul	a5,a5,a3
    1c006836:	fc1c                	sd	a5,56(s0)
    1c006838:	77a2                	ld	a5,40(sp)
    1c00683a:	08fca823          	sw	a5,144(s9)
    1c00683e:	6746                	ld	a4,80(sp)
    1c006840:	0004879b          	sext.w	a5,s1
    1c006844:	04e7c463          	blt	a5,a4,0x1c00688c
    1c006848:	000387b7          	lui	a5,0x38
    1c00684c:	2e078793          	addi	a5,a5,736 # 0x382e0
    1c006850:	6489                	lui	s1,0x2
    1c006852:	00f40933          	add	s2,s0,a5
    1c006856:	4d81                	li	s11,0
    1c006858:	4b1d                	li	s6,7
    1c00685a:	4b99                	li	s7,6
    1c00685c:	14f5                	addi	s1,s1,-3 # 0x1ffd
    1c00685e:	866e                	mv	a2,s11
    1c006860:	85ca                	mv	a1,s2
    1c006862:	8522                	mv	a0,s0
    1c006864:	d55ff0ef          	jal	0x1c0065b8
    1c006868:	03651c63          	bne	a0,s6,0x1c0068a0
    1c00686c:	01b42623          	sw	s11,12(s0)
    1c006870:	1a8a0793          	addi	a5,s4,424
    1c006874:	6d26                	ld	s10,72(sp)
    1c006876:	97a2                	add	a5,a5,s0
    1c006878:	ec3e                	sd	a5,24(sp)
    1c00687a:	f002                	sd	zero,32(sp)
    1c00687c:	7782                	ld	a5,32(sp)
    1c00687e:	6746                	ld	a4,80(sp)
    1c006880:	60e7c063          	blt	a5,a4,0x1c006e80
    1c006884:	4481                	li	s1,0
    1c006886:	add9                	j	0x1c006f5c
    1c006888:	f402                	sd	zero,40(sp)
    1c00688a:	bf35                	j	0x1c0067c6
    1c00688c:	6726                	ld	a4,72(sp)
    1c00688e:	00449793          	slli	a5,s1,0x4
    1c006892:	40f7450b          	.insn	4, 0x40f7450b
    1c006896:	85ca                	mv	a1,s2
    1c006898:	0485                	addi	s1,s1,1
    1c00689a:	b5dff0ef          	jal	0x1c0063f6
    1c00689e:	b745                	j	0x1c00683e
    1c0068a0:	5d751a63          	bne	a0,s7,0x1c006e74
    1c0068a4:	090ca783          	lw	a5,144(s9)
    1c0068a8:	5c078663          	beqz	a5,0x1c006e74
    1c0068ac:	64c1                	lui	s1,0x10
    1c0068ae:	7014                	ld	a3,32(s0)
    1c0068b0:	02048713          	addi	a4,s1,32 # 0x10020
    1c0068b4:	866e                	mv	a2,s11
    1c0068b6:	04040593          	addi	a1,s0,64
    1c0068ba:	8522                	mv	a0,s0
    1c0068bc:	b4dff0ef          	jal	0x1c006408
    1c0068c0:	c909                	beqz	a0,0x1c0068d2
    1c0068c2:	4795                	li	a5,5
    1c0068c4:	02f51863          	bne	a0,a5,0x1c0068f4
    1c0068c8:	0294148b          	.insn	4, 0x0294148b
    1c0068cc:	4785                	li	a5,1
    1c0068ce:	08f4a823          	sw	a5,144(s1)
    1c0068d2:	4028                	lw	a0,64(s0)
    1c0068d4:	adbff0ef          	jal	0x1c0063ae
    1c0068d8:	7b11d637          	lui	a2,0x7b11d
    1c0068dc:	0005059b          	sext.w	a1,a0
    1c0068e0:	69f60613          	addi	a2,a2,1695 # 0x7b11d69f
    1c0068e4:	04c58563          	beq	a1,a2,0x1c00692e
    1c0068e8:	1c00c537          	lui	a0,0x1c00c
    1c0068ec:	a5050513          	addi	a0,a0,-1456 # 0x1c00ba50
    1c0068f0:	234040ef          	jal	0x1c00ab24
    1c0068f4:	1c00c537          	lui	a0,0x1c00c
    1c0068f8:	e5050513          	addi	a0,a0,-432 # 0x1c00be50
    1c0068fc:	28e040ef          	jal	0x1c00ab8a
    1c006900:	4d81                	li	s11,0
    1c006902:	000ab023          	sd	zero,0(s5)
    1c006906:	000ab423          	sd	zero,8(s5)
    1c00690a:	000ab823          	sd	zero,16(s5)
    1c00690e:	000abc23          	sd	zero,24(s5)
    1c006912:	020ab023          	sd	zero,32(s5)
    1c006916:	445c                	lw	a5,12(s0)
    1c006918:	f4fdfce3          	bgeu	s11,a5,0x1c006870
    1c00691c:	086d959b          	.insn	4, 0x086d959b
    1c006920:	95e2                	add	a1,a1,s8
    1c006922:	866e                	mv	a2,s11
    1c006924:	8522                	mv	a0,s0
    1c006926:	c93ff0ef          	jal	0x1c0065b8
    1c00692a:	2d85                	addiw	s11,s11,1
    1c00692c:	b7ed                	j	0x1c006916
    1c00692e:	04444583          	lbu	a1,68(s0)
    1c006932:	4785                	li	a5,1
    1c006934:	00f58863          	beq	a1,a5,0x1c006944
    1c006938:	1c00c537          	lui	a0,0x1c00c
    1c00693c:	a8850513          	addi	a0,a0,-1400 # 0x1c00ba88
    1c006940:	4605                	li	a2,1
    1c006942:	b77d                	j	0x1c0068f0
    1c006944:	4468                	lw	a0,76(s0)
    1c006946:	a69ff0ef          	jal	0x1c0063ae
    1c00694a:	0005049b          	sext.w	s1,a0
    1c00694e:	fff4871b          	addiw	a4,s1,-1
    1c006952:	6789                	lui	a5,0x2
    1c006954:	17f1                	addi	a5,a5,-4 # 0x1ffc
    1c006956:	00e7fa63          	bgeu	a5,a4,0x1c00696a
    1c00695a:	1c00c537          	lui	a0,0x1c00c
    1c00695e:	ac050513          	addi	a0,a0,-1344 # 0x1c00bac0
    1c006962:	85a6                	mv	a1,s1
    1c006964:	1c0040ef          	jal	0x1c00ab24
    1c006968:	b771                	j	0x1c0068f4
    1c00696a:	02843903          	ld	s2,40(s0)
    1c00696e:	7c10                	ld	a2,56(s0)
    1c006970:	03248933          	mul	s2,s1,s2
    1c006974:	00c90a63          	beq	s2,a2,0x1c006988
    1c006978:	85ca                	mv	a1,s2
    1c00697a:	1c00c537          	lui	a0,0x1c00c
    1c00697e:	af850513          	addi	a0,a0,-1288 # 0x1c00baf8
    1c006982:	1a2040ef          	jal	0x1c00ab24
    1c006986:	b7bd                	j	0x1c0068f4
    1c006988:	67c1                	lui	a5,0x10
    1c00698a:	06078793          	addi	a5,a5,96 # 0x10060
    1c00698e:	97a2                	add	a5,a5,s0
    1c006990:	e002                	sd	zero,0(sp)
    1c006992:	e43e                	sd	a5,8(sp)
    1c006994:	05040793          	addi	a5,s0,80
    1c006998:	e83e                	sd	a5,16(sp)
    1c00699a:	006d9793          	slli	a5,s11,0x6
    1c00699e:	97e2                	add	a5,a5,s8
    1c0069a0:	ec3e                	sd	a5,24(sp)
    1c0069a2:	67e1                	lui	a5,0x18
    1c0069a4:	17a1                	addi	a5,a5,-24 # 0x17fe8
    1c0069a6:	f03e                	sd	a5,32(sp)
    1c0069a8:	000487b7          	lui	a5,0x48
    1c0069ac:	2e078793          	addi	a5,a5,736 # 0x482e0
    1c0069b0:	97a2                	add	a5,a5,s0
    1c0069b2:	4b01                	li	s6,0
    1c0069b4:	f83e                	sd	a5,48(sp)
    1c0069b6:	000b0d1b          	sext.w	s10,s6
    1c0069ba:	049d4763          	blt	s10,s1,0x1c006a08
    1c0069be:	00048d37          	lui	s10,0x48
    1c0069c2:	2e0d0b93          	addi	s7,s10,736 # 0x482e0
    1c0069c6:	9d22                	add	s10,s10,s0
    1c0069c8:	2e8d2503          	lw	a0,744(s10)
    1c0069cc:	9e3ff0ef          	jal	0x1c0063ae
    1c0069d0:	9ba2                	add	s7,s7,s0
    1c0069d2:	864a                	mv	a2,s2
    1c0069d4:	00050b1b          	sext.w	s6,a0
    1c0069d8:	85de                	mv	a1,s7
    1c0069da:	557d                	li	a0,-1
    1c0069dc:	2e0d2423          	sw	zero,744(s10)
    1c0069e0:	0ff040ef          	jal	0x1c00b2de
    1c0069e4:	0005061b          	sext.w	a2,a0
    1c0069e8:	e432                	sd	a2,8(sp)
    1c0069ea:	0ecb0663          	beq	s6,a2,0x1c006ad6
    1c0069ee:	1c00c537          	lui	a0,0x1c00c
    1c0069f2:	c2850513          	addi	a0,a0,-984 # 0x1c00bc28
    1c0069f6:	194040ef          	jal	0x1c00ab8a
    1c0069fa:	1c00c537          	lui	a0,0x1c00c
    1c0069fe:	c5050513          	addi	a0,a0,-944 # 0x1c00bc50
    1c006a02:	6622                	ld	a2,8(sp)
    1c006a04:	85da                	mv	a1,s6
    1c006a06:	b5ed                	j	0x1c0068f0
    1c006a08:	67c2                	ld	a5,16(sp)
    1c006a0a:	4567c50b          	.insn	4, 0x4567c50b
    1c006a0e:	9a1ff0ef          	jal	0x1c0063ae
    1c006a12:	445c                	lw	a5,12(s0)
    1c006a14:	2501                	sext.w	a0,a0
    1c006a16:	ecf57fe3          	bgeu	a0,a5,0x1c0068f4
    1c006a1a:	8baa                	mv	s7,a0
    1c006a1c:	ec054ce3          	bltz	a0,0x1c0068f4
    1c006a20:	85aa                	mv	a1,a0
    1c006a22:	6622                	ld	a2,8(sp)
    1c006a24:	8522                	mv	a0,s0
    1c006a26:	9fdff0ef          	jal	0x1c006422
    1c006a2a:	c919                	beqz	a0,0x1c006a40
    1c006a2c:	4795                	li	a5,5
    1c006a2e:	00f50963          	beq	a0,a5,0x1c006a40
    1c006a32:	1c00c537          	lui	a0,0x1c00c
    1c006a36:	b3050513          	addi	a0,a0,-1232 # 0x1c00bb30
    1c006a3a:	865e                	mv	a2,s7
    1c006a3c:	85ea                	mv	a1,s10
    1c006a3e:	bd4d                	j	0x1c0068f0
    1c006a40:	017d9763          	bne	s11,s7,0x1c006a4e
    1c006a44:	6522                	ld	a0,8(sp)
    1c006a46:	65e2                	ld	a1,24(sp)
    1c006a48:	7602                	ld	a2,32(sp)
    1c006a4a:	504040ef          	jal	0x1c00af4e
    1c006a4e:	67c1                	lui	a5,0x10
    1c006a50:	97a2                	add	a5,a5,s0
    1c006a52:	57a8                	lw	a0,104(a5)
    1c006a54:	020d1163          	bnez	s10,0x1c006a76
    1c006a58:	957ff0ef          	jal	0x1c0063ae
    1c006a5c:	0005059b          	sext.w	a1,a0
    1c006a60:	7ffff7b7          	lui	a5,0x7ffff
    1c006a64:	02f58763          	beq	a1,a5,0x1c006a92
    1c006a68:	1c00c537          	lui	a0,0x1c00c
    1c006a6c:	b6850513          	addi	a0,a0,-1176 # 0x1c00bb68
    1c006a70:	7ffff637          	lui	a2,0x7ffff
    1c006a74:	bdb5                	j	0x1c0068f0
    1c006a76:	939ff0ef          	jal	0x1c0063ae
    1c006a7a:	7ffff637          	lui	a2,0x7ffff
    1c006a7e:	0005059b          	sext.w	a1,a0
    1c006a82:	0605                	addi	a2,a2,1 # 0x7ffff001
    1c006a84:	00c58763          	beq	a1,a2,0x1c006a92
    1c006a88:	1c00c537          	lui	a0,0x1c00c
    1c006a8c:	ba850513          	addi	a0,a0,-1112 # 0x1c00bba8
    1c006a90:	b585                	j	0x1c0068f0
    1c006a92:	67c1                	lui	a5,0x10
    1c006a94:	97a2                	add	a5,a5,s0
    1c006a96:	67c8                	ld	a0,136(a5)
    1c006a98:	91dff0ef          	jal	0x1c0063b4
    1c006a9c:	75c2                	ld	a1,48(sp)
    1c006a9e:	fce4468b          	.insn	4, 0xfce4468b
    1c006aa2:	6782                	ld	a5,0(sp)
    1c006aa4:	865e                	mv	a2,s7
    1c006aa6:	20eb158b          	.insn	4, 0x20eb158b
    1c006aaa:	0aa7f7b3          	.insn	4, 0x0aa7f7b3
    1c006aae:	8522                	mv	a0,s0
    1c006ab0:	e03e                	sd	a5,0(sp)
    1c006ab2:	957ff0ef          	jal	0x1c006408
    1c006ab6:	86aa                	mv	a3,a0
    1c006ab8:	cd09                	beqz	a0,0x1c006ad2
    1c006aba:	4795                	li	a5,5
    1c006abc:	00f50b63          	beq	a0,a5,0x1c006ad2
    1c006ac0:	865e                	mv	a2,s7
    1c006ac2:	85ea                	mv	a1,s10
    1c006ac4:	1c00c537          	lui	a0,0x1c00c
    1c006ac8:	be850513          	addi	a0,a0,-1048 # 0x1c00bbe8
    1c006acc:	058040ef          	jal	0x1c00ab24
    1c006ad0:	b515                	j	0x1c0068f4
    1c006ad2:	0b05                	addi	s6,s6,1
    1c006ad4:	b5cd                	j	0x1c0069b6
    1c006ad6:	6b41                	lui	s6,0x10
    1c006ad8:	9d5a                	add	s10,s10,s6
    1c006ada:	01640db3          	add	s11,s0,s6
    1c006ade:	6961                	lui	s2,0x18
    1c006ae0:	6782                	ld	a5,0(sp)
    1c006ae2:	9dca                	add	s11,s11,s2
    1c006ae4:	2cfd3c23          	sd	a5,728(s10)
    1c006ae8:	098a0793          	addi	a5,s4,152
    1c006aec:	97a2                	add	a5,a5,s0
    1c006aee:	089da223          	sw	s1,132(s11)
    1c006af2:	7c04                	ld	s1,56(s0)
    1c006af4:	08800613          	li	a2,136
    1c006af8:	4581                	li	a1,0
    1c006afa:	853e                	mv	a0,a5
    1c006afc:	e03e                	sd	a5,0(sp)
    1c006afe:	440040ef          	jal	0x1c00af3e
    1c006b02:	040b0b13          	addi	s6,s6,64 # 0x10040
    1c006b06:	de9b77e3          	bgeu	s6,s1,0x1c0068f4
    1c006b0a:	300d2503          	lw	a0,768(s10)
    1c006b0e:	8a1ff0ef          	jal	0x1c0063ae
    1c006b12:	d4b83637          	lui	a2,0xd4b83
    1c006b16:	0005059b          	sext.w	a1,a0
    1c006b1a:	ef760613          	addi	a2,a2,-265 # 0xffffffffd4b82ef7
    1c006b1e:	00c58763          	beq	a1,a2,0x1c006b2c
    1c006b22:	1c00c537          	lui	a0,0x1c00c
    1c006b26:	c8050513          	addi	a0,a0,-896 # 0x1c00bc80
    1c006b2a:	b3d9                	j	0x1c0068f0
    1c006b2c:	04c90913          	addi	s2,s2,76 # 0x1804c
    1c006b30:	dc9972e3          	bgeu	s2,s1,0x1c0068f4
    1c006b34:	320d2503          	lw	a0,800(s10)
    1c006b38:	877ff0ef          	jal	0x1c0063ae
    1c006b3c:	67af5637          	lui	a2,0x67af5
    1c006b40:	0005091b          	sext.w	s2,a0
    1c006b44:	d0860613          	addi	a2,a2,-760 # 0x67af4d08
    1c006b48:	85ca                	mv	a1,s2
    1c006b4a:	02c91663          	bne	s2,a2,0x1c006b76
    1c006b4e:	000207b7          	lui	a5,0x20
    1c006b52:	05878793          	addi	a5,a5,88 # 0x20058
    1c006b56:	d897ffe3          	bgeu	a5,s1,0x1c0068f4
    1c006b5a:	000607b7          	lui	a5,0x60
    1c006b5e:	97a2                	add	a5,a5,s0
    1c006b60:	32c7a503          	lw	a0,812(a5) # 0x6032c
    1c006b64:	e43e                	sd	a5,8(sp)
    1c006b66:	849ff0ef          	jal	0x1c0063ae
    1c006b6a:	0005059b          	sext.w	a1,a0
    1c006b6e:	67a2                	ld	a5,8(sp)
    1c006b70:	01258863          	beq	a1,s2,0x1c006b80
    1c006b74:	864a                	mv	a2,s2
    1c006b76:	1c00c537          	lui	a0,0x1c00c
    1c006b7a:	cc050513          	addi	a0,a0,-832 # 0x1c00bcc0
    1c006b7e:	bb8d                	j	0x1c0068f0
    1c006b80:	324d5703          	lhu	a4,804(s10)
    1c006b84:	00871b1b          	slliw	s6,a4,0x8
    1c006b88:	3c87370b          	.insn	4, 0x3c87370b
    1c006b8c:	00eb6733          	or	a4,s6,a4
    1c006b90:	3c073b0b          	.insn	4, 0x3c073b0b
    1c006b94:	3307d703          	lhu	a4,816(a5)
    1c006b98:	0087191b          	slliw	s2,a4,0x8
    1c006b9c:	3c87370b          	.insn	4, 0x3c87370b
    1c006ba0:	00e96733          	or	a4,s2,a4
    1c006ba4:	3c07370b          	.insn	4, 0x3c07370b
    1c006ba8:	e43a                	sd	a4,8(sp)
    1c006baa:	326d5703          	lhu	a4,806(s10)
    1c006bae:	0087159b          	slliw	a1,a4,0x8
    1c006bb2:	3c87370b          	.insn	4, 0x3c87370b
    1c006bb6:	8dd9                	or	a1,a1,a4
    1c006bb8:	3327d703          	lhu	a4,818(a5)
    1c006bbc:	3c05b58b          	.insn	4, 0x3c05b58b
    1c006bc0:	0087179b          	slliw	a5,a4,0x8
    1c006bc4:	3c87370b          	.insn	4, 0x3c87370b
    1c006bc8:	8fd9                	or	a5,a5,a4
    1c006bca:	3c07b78b          	.insn	4, 0x3c07b78b
    1c006bce:	6709                	lui	a4,0x2
    1c006bd0:	08bda423          	sw	a1,136(s11)
    1c006bd4:	08fda623          	sw	a5,140(s11)
    1c006bd8:	1775                	addi	a4,a4,-3 # 0x1ffd
    1c006bda:	01677863          	bgeu	a4,s6,0x1c006bea
    1c006bde:	1c00c537          	lui	a0,0x1c00c
    1c006be2:	d0050513          	addi	a0,a0,-768 # 0x1c00bd00
    1c006be6:	85da                	mv	a1,s6
    1c006be8:	bbb5                	j	0x1c006964
    1c006bea:	66a2                	ld	a3,8(sp)
    1c006bec:	00d77863          	bgeu	a4,a3,0x1c006bfc
    1c006bf0:	1c00c537          	lui	a0,0x1c00c
    1c006bf4:	d2050513          	addi	a0,a0,-736 # 0x1c00bd20
    1c006bf8:	85b6                	mv	a1,a3
    1c006bfa:	b3ad                	j	0x1c006964
    1c006bfc:	00b77763          	bgeu	a4,a1,0x1c006c0a
    1c006c00:	1c00c537          	lui	a0,0x1c00c
    1c006c04:	d4850513          	addi	a0,a0,-696 # 0x1c00bd48
    1c006c08:	bbb1                	j	0x1c006964
    1c006c0a:	10f76263          	bltu	a4,a5,0x1c006d0e
    1c006c0e:	000587b7          	lui	a5,0x58
    1c006c12:	97a2                	add	a5,a5,s0
    1c006c14:	3047a503          	lw	a0,772(a5) # 0x58304
    1c006c18:	f96ff0ef          	jal	0x1c0063ae
    1c006c1c:	000207b7          	lui	a5,0x20
    1c006c20:	2501                	sext.w	a0,a0
    1c006c22:	05878913          	addi	s2,a5,88 # 0x20058
    1c006c26:	4701                	li	a4,0
    1c006c28:	0ea71963          	bne	a4,a0,0x1c006d1a
    1c006c2c:	00048db7          	lui	s11,0x48
    1c006c30:	00058d37          	lui	s10,0x58
    1c006c34:	2d8d8d93          	addi	s11,s11,728 # 0x482d8
    1c006c38:	4701                	li	a4,0
    1c006c3a:	9d22                	add	s10,s10,s0
    1c006c3c:	9da2                	add	s11,s11,s0
    1c006c3e:	308d2503          	lw	a0,776(s10) # 0x58308
    1c006c42:	e83a                	sd	a4,16(sp)
    1c006c44:	f6aff0ef          	jal	0x1c0063ae
    1c006c48:	6742                	ld	a4,16(sp)
    1c006c4a:	2501                	sext.w	a0,a0
    1c006c4c:	0ca76c63          	bltu	a4,a0,0x1c006d24
    1c006c50:	30cd2503          	lw	a0,780(s10)
    1c006c54:	f5aff0ef          	jal	0x1c0063ae
    1c006c58:	2501                	sext.w	a0,a0
    1c006c5a:	4701                	li	a4,0
    1c006c5c:	0ee51363          	bne	a0,a4,0x1c006d42
    1c006c60:	00058737          	lui	a4,0x58
    1c006c64:	9722                	add	a4,a4,s0
    1c006c66:	31472503          	lw	a0,788(a4) # 0x58314
    1c006c6a:	f44ff0ef          	jal	0x1c0063ae
    1c006c6e:	2501                	sext.w	a0,a0
    1c006c70:	4701                	li	a4,0
    1c006c72:	0ce51d63          	bne	a0,a4,0x1c006d4c
    1c006c76:	000587b7          	lui	a5,0x58
    1c006c7a:	fa371d37          	lui	s10,0xfa371
    1c006c7e:	f0c04db7          	lui	s11,0xf0c04
    1c006c82:	97a2                	add	a5,a5,s0
    1c006c84:	e802                	sd	zero,16(sp)
    1c006c86:	f4be                	sd	a5,104(sp)
    1c006c88:	ed1d0793          	addi	a5,s10,-303 # 0xfffffffffa370ed1
    1c006c8c:	f03e                	sd	a5,32(sp)
    1c006c8e:	0a8d8793          	addi	a5,s11,168 # 0xfffffffff0c040a8
    1c006c92:	f83e                	sd	a5,48(sp)
    1c006c94:	77a6                	ld	a5,104(sp)
    1c006c96:	3187a503          	lw	a0,792(a5) # 0x58318
    1c006c9a:	f14ff0ef          	jal	0x1c0063ae
    1c006c9e:	67c2                	ld	a5,16(sp)
    1c006ca0:	2501                	sext.w	a0,a0
    1c006ca2:	0aa7ea63          	bltu	a5,a0,0x1c006d56
    1c006ca6:	000587b7          	lui	a5,0x58
    1c006caa:	00f405b3          	add	a1,s0,a5
    1c006cae:	865a                	mv	a2,s6
    1c006cb0:	32858593          	addi	a1,a1,808
    1c006cb4:	8522                	mv	a0,s0
    1c006cb6:	a59ff0ef          	jal	0x1c00670e
    1c006cba:	c2051de3          	bnez	a0,0x1c0068f4
    1c006cbe:	000605b7          	lui	a1,0x60
    1c006cc2:	95a2                	add	a1,a1,s0
    1c006cc4:	6622                	ld	a2,8(sp)
    1c006cc6:	33458593          	addi	a1,a1,820 # 0x60334
    1c006cca:	8522                	mv	a0,s0
    1c006ccc:	a43ff0ef          	jal	0x1c00670e
    1c006cd0:	c20512e3          	bnez	a0,0x1c0068f4
    1c006cd4:	67c1                	lui	a5,0x10
    1c006cd6:	00f40733          	add	a4,s0,a5
    1c006cda:	0a878793          	addi	a5,a5,168 # 0x100a8
    1c006cde:	e2c4458b          	.insn	4, 0xe2c4458b
    1c006ce2:	97a2                	add	a5,a5,s0
    1c006ce4:	000306b7          	lui	a3,0x30
    1c006ce8:	f35c                	sd	a5,160(a4)
    1c006cea:	67e1                	lui	a5,0x18
    1c006cec:	96a2                	add	a3,a3,s0
    1c006cee:	97ba                	add	a5,a5,a4
    1c006cf0:	0887a703          	lw	a4,136(a5) # 0x18088
    1c006cf4:	08c7a783          	lw	a5,140(a5)
    1c006cf8:	08e6a623          	sw	a4,140(a3) # 0x3008c
    1c006cfc:	1c00c537          	lui	a0,0x1c00c
    1c006d00:	e2050513          	addi	a0,a0,-480 # 0x1c00be20
    1c006d04:	08fca623          	sw	a5,140(s9)
    1c006d08:	61d030ef          	jal	0x1c00ab24
    1c006d0c:	b695                	j	0x1c006870
    1c006d0e:	1c00c537          	lui	a0,0x1c00c
    1c006d12:	d7050513          	addi	a0,a0,-656 # 0x1c00bd70
    1c006d16:	85be                	mv	a1,a5
    1c006d18:	b1b1                	j	0x1c006964
    1c006d1a:	0921                	addi	s2,s2,8
    1c006d1c:	bc997ce3          	bgeu	s2,s1,0x1c0068f4
    1c006d20:	2705                	addiw	a4,a4,1
    1c006d22:	b719                	j	0x1c006c28
    1c006d24:	e83a                	sd	a4,16(sp)
    1c006d26:	0921                	addi	s2,s2,8
    1c006d28:	bc9976e3          	bgeu	s2,s1,0x1c0068f4
    1c006d2c:	412dc50b          	.insn	4, 0x412dc50b
    1c006d30:	e7eff0ef          	jal	0x1c0063ae
    1c006d34:	6582                	ld	a1,0(sp)
    1c006d36:	2501                	sext.w	a0,a0
    1c006d38:	ebeff0ef          	jal	0x1c0063f6
    1c006d3c:	6742                	ld	a4,16(sp)
    1c006d3e:	2705                	addiw	a4,a4,1
    1c006d40:	bdfd                	j	0x1c006c3e
    1c006d42:	0921                	addi	s2,s2,8
    1c006d44:	ba9978e3          	bgeu	s2,s1,0x1c0068f4
    1c006d48:	2705                	addiw	a4,a4,1
    1c006d4a:	bf09                	j	0x1c006c5c
    1c006d4c:	0921                	addi	s2,s2,8
    1c006d4e:	ba9973e3          	bgeu	s2,s1,0x1c0068f4
    1c006d52:	2705                	addiw	a4,a4,1
    1c006d54:	bf39                	j	0x1c006c72
    1c006d56:	012b8d33          	add	s10,s7,s2
    1c006d5a:	02090d93          	addi	s11,s2,32
    1c006d5e:	b89dfbe3          	bgeu	s11,s1,0x1c0068f4
    1c006d62:	412bc50b          	.insn	4, 0x412bc50b
    1c006d66:	e48ff0ef          	jal	0x1c0063ae
    1c006d6a:	7782                	ld	a5,32(sp)
    1c006d6c:	0005059b          	sext.w	a1,a0
    1c006d70:	00f58863          	beq	a1,a5,0x1c006d80
    1c006d74:	1c00c537          	lui	a0,0x1c00c
    1c006d78:	da050513          	addi	a0,a0,-608 # 0x1c00bda0
    1c006d7c:	863e                	mv	a2,a5
    1c006d7e:	be8d                	j	0x1c0068f0
    1c006d80:	004d2503          	lw	a0,4(s10)
    1c006d84:	e2aff0ef          	jal	0x1c0063ae
    1c006d88:	0005079b          	sext.w	a5,a0
    1c006d8c:	010d2503          	lw	a0,16(s10)
    1c006d90:	e0be                	sd	a5,64(sp)
    1c006d92:	008d4783          	lbu	a5,8(s10)
    1c006d96:	01bb8d33          	add	s10,s7,s11
    1c006d9a:	ecbe                	sd	a5,88(sp)
    1c006d9c:	e12ff0ef          	jal	0x1c0063ae
    1c006da0:	0005079b          	sext.w	a5,a0
    1c006da4:	004d2503          	lw	a0,4(s10)
    1c006da8:	ec3e                	sd	a5,24(sp)
    1c006daa:	e04ff0ef          	jal	0x1c0063ae
    1c006dae:	0005079b          	sext.w	a5,a0
    1c006db2:	0825151b          	.insn	4, 0x0825151b
    1c006db6:	02850513          	addi	a0,a0,40
    1c006dba:	f0be                	sd	a5,96(sp)
    1c006dbc:	992a                	add	s2,s2,a0
    1c006dbe:	b2997be3          	bgeu	s2,s1,0x1c0068f4
    1c006dc2:	41bbc50b          	.insn	4, 0x41bbc50b
    1c006dc6:	de8ff0ef          	jal	0x1c0063ae
    1c006dca:	77c2                	ld	a5,48(sp)
    1c006dcc:	0005059b          	sext.w	a1,a0
    1c006dd0:	08f58a63          	beq	a1,a5,0x1c006e64
    1c006dd4:	1c00c537          	lui	a0,0x1c00c
    1c006dd8:	de050513          	addi	a0,a0,-544 # 0x1c00bde0
    1c006ddc:	863e                	mv	a2,a5
    1c006dde:	be09                	j	0x1c0068f0
    1c006de0:	77c6                	ld	a5,112(sp)
    1c006de2:	45b7c50b          	.insn	4, 0x45b7c50b
    1c006de6:	dc8ff0ef          	jal	0x1c0063ae
    1c006dea:	0005061b          	sext.w	a2,a0
    1c006dee:	00065c63          	bgez	a2,0x1c006e06
    1c006df2:	0d85                	addi	s11,s11,1
    1c006df4:	7786                	ld	a5,96(sp)
    1c006df6:	000d8d1b          	sext.w	s10,s11
    1c006dfa:	fefd63e3          	bltu	s10,a5,0x1c006de0
    1c006dfe:	67c2                	ld	a5,16(sp)
    1c006e00:	2785                	addiw	a5,a5,1
    1c006e02:	e83e                	sd	a5,16(sp)
    1c006e04:	bd41                	j	0x1c006c94
    1c006e06:	6782                	ld	a5,0(sp)
    1c006e08:	00665693          	srli	a3,a2,0x6
    1c006e0c:	66d7c58b          	.insn	4, 0x66d7c58b
    1c006e10:	28c01733          	.insn	4, 0x28c01733
    1c006e14:	40e5f533          	.insn	4, 0x40e5f533
    1c006e18:	66d7d50b          	.insn	4, 0x66d7d50b
    1c006e1c:	8f6d                	and	a4,a4,a1
    1c006e1e:	db71                	beqz	a4,0x1c006df2
    1c006e20:	67e2                	ld	a5,24(sp)
    1c006e22:	fcfd78e3          	bgeu	s10,a5,0x1c006df2
    1c006e26:	4458                	lw	a4,12(s0)
    1c006e28:	00e66663          	bltu	a2,a4,0x1c006e34
    1c006e2c:	77e6                	ld	a5,120(sp)
    1c006e2e:	fda782e3          	beq	a5,s10,0x1c006df2
    1c006e32:	b4c9                	j	0x1c0068f4
    1c006e34:	5818                	lw	a4,48(s0)
    1c006e36:	6786                	ld	a5,64(sp)
    1c006e38:	2705                	addiw	a4,a4,1
    1c006e3a:	d818                	sw	a4,48(s0)
    1c006e3c:	fbdd                	bnez	a5,0x1c006df2
    1c006e3e:	67e6                	ld	a5,88(sp)
    1c006e40:	4711                	li	a4,4
    1c006e42:	fae798e3          	bne	a5,a4,0x1c006df2
    1c006e46:	230cc703          	lbu	a4,560(s9)
    1c006e4a:	8b05                	andi	a4,a4,1
    1c006e4c:	d35d                	beqz	a4,0x1c006df2
    1c006e4e:	0866159b          	.insn	4, 0x0866159b
    1c006e52:	95e2                	add	a1,a1,s8
    1c006e54:	8522                	mv	a0,s0
    1c006e56:	f62ff0ef          	jal	0x1c0065b8
    1c006e5a:	2501                	sext.w	a0,a0
    1c006e5c:	4785                	li	a5,1
    1c006e5e:	fca7e7e3          	bltu	a5,a0,0x1c006e2c
    1c006e62:	bf41                	j	0x1c006df2
    1c006e64:	008d0793          	addi	a5,s10,8
    1c006e68:	f8be                	sd	a5,112(sp)
    1c006e6a:	67e2                	ld	a5,24(sp)
    1c006e6c:	4d81                	li	s11,0
    1c006e6e:	37fd                	addiw	a5,a5,-1
    1c006e70:	fcbe                	sd	a5,120(sp)
    1c006e72:	b749                	j	0x1c006df4
    1c006e74:	2d85                	addiw	s11,s11,1
    1c006e76:	04090913          	addi	s2,s2,64
    1c006e7a:	9e9d92e3          	bne	s11,s1,0x1c00685e
    1c006e7e:	bc61                	j	0x1c006916
    1c006e80:	000d2583          	lw	a1,0(s10)
    1c006e84:	1c00c537          	lui	a0,0x1c00c
    1c006e88:	e8850513          	addi	a0,a0,-376 # 0x1c00be88
    1c006e8c:	499030ef          	jal	0x1c00ab24
    1c006e90:	008d3783          	ld	a5,8(s10)
    1c006e94:	e43e                	sd	a5,8(sp)
    1c006e96:	000d2783          	lw	a5,0(s10)
    1c006e9a:	24079463          	bnez	a5,0x1c0070e2
    1c006e9e:	2b8ca783          	lw	a5,696(s9)
    1c006ea2:	e002                	sd	zero,0(sp)
    1c006ea4:	2785                	addiw	a5,a5,1
    1c006ea6:	e802                	sd	zero,16(sp)
    1c006ea8:	f83e                	sd	a5,48(sp)
    1c006eaa:	4482                	lw	s1,0(sp)
    1c006eac:	77c2                	ld	a5,48(sp)
    1c006eae:	22f4f063          	bgeu	s1,a5,0x1c0070ce
    1c006eb2:	7762                	ld	a4,56(sp)
    1c006eb4:	0064d793          	srli	a5,s1,0x6
    1c006eb8:	06f7178b          	.insn	4, 0x06f7178b
    1c006ebc:	e0be                	sd	a5,64(sp)
    1c006ebe:	289017b3          	.insn	4, 0x289017b3
    1c006ec2:	fff7c793          	not	a5,a5
    1c006ec6:	f4be                	sd	a5,104(sp)
    1c006ec8:	120a0793          	addi	a5,s4,288
    1c006ecc:	97a2                	add	a5,a5,s0
    1c006ece:	f0be                	sd	a5,96(sp)
    1c006ed0:	a0a1                	j	0x1c006f18
    1c006ed2:	67e6                	ld	a5,88(sp)
    1c006ed4:	6702                	ld	a4,0(sp)
    1c006ed6:	44e7c90b          	.insn	4, 0x44e7c90b
    1c006eda:	445c                	lw	a5,12(s0)
    1c006edc:	0af97063          	bgeu	s2,a5,0x1c006f7c
    1c006ee0:	08094e63          	bltz	s2,0x1c006f7c
    1c006ee4:	65e2                	ld	a1,24(sp)
    1c006ee6:	854a                	mv	a0,s2
    1c006ee8:	cfaff0ef          	jal	0x1c0063e2
    1c006eec:	cd59                	beqz	a0,0x1c006f8a
    1c006eee:	6786                	ld	a5,64(sp)
    1c006ef0:	7726                	ld	a4,104(sp)
    1c006ef2:	639c                	ld	a5,0(a5)
    1c006ef4:	4b81                	li	s7,0
    1c006ef6:	8ff9                	and	a5,a5,a4
    1c006ef8:	6706                	ld	a4,64(sp)
    1c006efa:	4901                	li	s2,0
    1c006efc:	e31c                	sd	a5,0(a4)
    1c006efe:	445c                	lw	a5,12(s0)
    1c006f00:	14fbe163          	bltu	s7,a5,0x1c007042
    1c006f04:	00090e63          	beqz	s2,0x1c006f20
    1c006f08:	6702                	ld	a4,0(sp)
    1c006f0a:	67e6                	ld	a5,88(sp)
    1c006f0c:	41890933          	sub	s2,s2,s8
    1c006f10:	40695913          	srai	s2,s2,0x6
    1c006f14:	44e7d90b          	.insn	4, 0x44e7d90b
    1c006f18:	2c8a0793          	addi	a5,s4,712
    1c006f1c:	97a2                	add	a5,a5,s0
    1c006f1e:	ecbe                	sd	a5,88(sp)
    1c006f20:	75e2                	ld	a1,56(sp)
    1c006f22:	8526                	mv	a0,s1
    1c006f24:	cbeff0ef          	jal	0x1c0063e2
    1c006f28:	f54d                	bnez	a0,0x1c006ed2
    1c006f2a:	7642                	ld	a2,48(sp)
    1c006f2c:	1c00c537          	lui	a0,0x1c00c
    1c006f30:	ea050513          	addi	a0,a0,-352 # 0x1c00bea0
    1c006f34:	85a6                	mv	a1,s1
    1c006f36:	3ef030ef          	jal	0x1c00ab24
    1c006f3a:	54a9                	li	s1,-22
    1c006f3c:	1c00c537          	lui	a0,0x1c00c
    1c006f40:	f6850513          	addi	a0,a0,-152 # 0x1c00bf68
    1c006f44:	4581                	li	a1,0
    1c006f46:	3df030ef          	jal	0x1c00ab24
    1c006f4a:	77a2                	ld	a5,40(sp)
    1c006f4c:	92079ee3          	bnez	a5,0x1c006888
    1c006f50:	1c00c537          	lui	a0,0x1c00c
    1c006f54:	f9050513          	addi	a0,a0,-112 # 0x1c00bf90
    1c006f58:	433030ef          	jal	0x1c00ab8a
    1c006f5c:	70ae                	ld	ra,232(sp)
    1c006f5e:	6daa                	ld	s11,136(sp)
    1c006f60:	6d4a                	ld	s10,144(sp)
    1c006f62:	6cea                	ld	s9,152(sp)
    1c006f64:	7c0a                	ld	s8,160(sp)
    1c006f66:	7baa                	ld	s7,168(sp)
    1c006f68:	7b4a                	ld	s6,176(sp)
    1c006f6a:	7aea                	ld	s5,184(sp)
    1c006f6c:	6a0e                	ld	s4,192(sp)
    1c006f6e:	69ae                	ld	s3,200(sp)
    1c006f70:	694e                	ld	s2,208(sp)
    1c006f72:	8526                	mv	a0,s1
    1c006f74:	64ee                	ld	s1,216(sp)
    1c006f76:	740e                	ld	s0,224(sp)
    1c006f78:	616d                	addi	sp,sp,240
    1c006f7a:	8082                	ret
    1c006f7c:	1c00c537          	lui	a0,0x1c00c
    1c006f80:	ec850513          	addi	a0,a0,-312 # 0x1c00bec8
    1c006f84:	864a                	mv	a2,s2
    1c006f86:	85a6                	mv	a1,s1
    1c006f88:	b77d                	j	0x1c006f36
    1c006f8a:	7586                	ld	a1,96(sp)
    1c006f8c:	854a                	mv	a0,s2
    1c006f8e:	08691b9b          	.insn	4, 0x08691b9b
    1c006f92:	9be2                	add	s7,s7,s8
    1c006f94:	c4eff0ef          	jal	0x1c0063e2
    1c006f98:	c535                	beqz	a0,0x1c007004
    1c006f9a:	018ba503          	lw	a0,24(s7)
    1c006f9e:	c10ff0ef          	jal	0x1c0063ae
    1c006fa2:	77c2                	ld	a5,48(sp)
    1c006fa4:	2501                	sext.w	a0,a0
    1c006fa6:	04a79a63          	bne	a5,a0,0x1c006ffa
    1c006faa:	014ba503          	lw	a0,20(s7)
    1c006fae:	c00ff0ef          	jal	0x1c0063ae
    1c006fb2:	7c053d8b          	.insn	4, 0x7c053d8b
    1c006fb6:	0005079b          	sext.w	a5,a0
    1c006fba:	876e                	mv	a4,s11
    1c006fbc:	7014                	ld	a3,32(s0)
    1c006fbe:	65a2                	ld	a1,8(sp)
    1c006fc0:	864a                	mv	a2,s2
    1c006fc2:	8522                	mv	a0,s0
    1c006fc4:	f8be                	sd	a5,112(sp)
    1c006fc6:	c42ff0ef          	jal	0x1c006408
    1c006fca:	866e                	mv	a2,s11
    1c006fcc:	65a2                	ld	a1,8(sp)
    1c006fce:	557d                	li	a0,-1
    1c006fd0:	30e040ef          	jal	0x1c00b2de
    1c006fd4:	00050d9b          	sext.w	s11,a0
    1c006fd8:	020ba503          	lw	a0,32(s7)
    1c006fdc:	bd2ff0ef          	jal	0x1c0063ae
    1c006fe0:	2501                	sext.w	a0,a0
    1c006fe2:	77c6                	ld	a5,112(sp)
    1c006fe4:	04ad8163          	beq	s11,a0,0x1c007026
    1c006fe8:	1c00c537          	lui	a0,0x1c00c
    1c006fec:	f3050513          	addi	a0,a0,-208 # 0x1c00bf30
    1c006ff0:	86ca                	mv	a3,s2
    1c006ff2:	8626                	mv	a2,s1
    1c006ff4:	4581                	li	a1,0
    1c006ff6:	32f030ef          	jal	0x1c00ab24
    1c006ffa:	65e2                	ld	a1,24(sp)
    1c006ffc:	854a                	mv	a0,s2
    1c006ffe:	bf8ff0ef          	jal	0x1c0063f6
    1c007002:	b5f5                	j	0x1c006eee
    1c007004:	1c00c7b7          	lui	a5,0x1c00c
    1c007008:	86ca                	mv	a3,s2
    1c00700a:	8626                	mv	a2,s1
    1c00700c:	4581                	li	a1,0
    1c00700e:	ef878513          	addi	a0,a5,-264 # 0x1c00bef8
    1c007012:	313030ef          	jal	0x1c00ab24
    1c007016:	86a6                	mv	a3,s1
    1c007018:	864a                	mv	a2,s2
    1c00701a:	85de                	mv	a1,s7
    1c00701c:	8522                	mv	a0,s0
    1c00701e:	d82ff0ef          	jal	0x1c0065a0
    1c007022:	dd25                	beqz	a0,0x1c006f9a
    1c007024:	b5e9                	j	0x1c006eee
    1c007026:	6702                	ld	a4,0(sp)
    1c007028:	0007849b          	sext.w	s1,a5
    1c00702c:	0705                	addi	a4,a4,1
    1c00702e:	e03a                	sd	a4,0(sp)
    1c007030:	f007c6e3          	bltz	a5,0x1c006f3c
    1c007034:	6722                	ld	a4,8(sp)
    1c007036:	9726                	add	a4,a4,s1
    1c007038:	e43a                	sd	a4,8(sp)
    1c00703a:	6742                	ld	a4,16(sp)
    1c00703c:	9fb9                	addw	a5,a5,a4
    1c00703e:	e83e                	sd	a5,16(sp)
    1c007040:	b5ad                	j	0x1c006eaa
    1c007042:	086b9b1b          	.insn	4, 0x086b9b1b
    1c007046:	9b62                	add	s6,s6,s8
    1c007048:	008b2503          	lw	a0,8(s6)
    1c00704c:	b62ff0ef          	jal	0x1c0063ae
    1c007050:	0005079b          	sext.w	a5,a0
    1c007054:	65e2                	ld	a1,24(sp)
    1c007056:	855e                	mv	a0,s7
    1c007058:	f8be                	sd	a5,112(sp)
    1c00705a:	b88ff0ef          	jal	0x1c0063e2
    1c00705e:	77c6                	ld	a5,112(sp)
    1c007060:	8d5d                	or	a0,a0,a5
    1c007062:	2501                	sext.w	a0,a0
    1c007064:	e529                	bnez	a0,0x1c0070ae
    1c007066:	00cb2503          	lw	a0,12(s6)
    1c00706a:	b44ff0ef          	jal	0x1c0063ae
    1c00706e:	2501                	sext.w	a0,a0
    1c007070:	02a49f63          	bne	s1,a0,0x1c0070ae
    1c007074:	7586                	ld	a1,96(sp)
    1c007076:	855e                	mv	a0,s7
    1c007078:	b6aff0ef          	jal	0x1c0063e2
    1c00707c:	c909                	beqz	a0,0x1c00708e
    1c00707e:	75e2                	ld	a1,56(sp)
    1c007080:	8526                	mv	a0,s1
    1c007082:	b74ff0ef          	jal	0x1c0063f6
    1c007086:	02091663          	bnez	s2,0x1c0070b2
    1c00708a:	895a                	mv	s2,s6
    1c00708c:	a00d                	j	0x1c0070ae
    1c00708e:	1c00c7b7          	lui	a5,0x1c00c
    1c007092:	86de                	mv	a3,s7
    1c007094:	8626                	mv	a2,s1
    1c007096:	4581                	li	a1,0
    1c007098:	ef878513          	addi	a0,a5,-264 # 0x1c00bef8
    1c00709c:	289030ef          	jal	0x1c00ab24
    1c0070a0:	86a6                	mv	a3,s1
    1c0070a2:	865e                	mv	a2,s7
    1c0070a4:	85da                	mv	a1,s6
    1c0070a6:	8522                	mv	a0,s0
    1c0070a8:	cf8ff0ef          	jal	0x1c0065a0
    1c0070ac:	d969                	beqz	a0,0x1c00707e
    1c0070ae:	2b85                	addiw	s7,s7,1
    1c0070b0:	b5b9                	j	0x1c006efe
    1c0070b2:	02893503          	ld	a0,40(s2)
    1c0070b6:	afeff0ef          	jal	0x1c0063b4
    1c0070ba:	8daa                	mv	s11,a0
    1c0070bc:	028b3503          	ld	a0,40(s6)
    1c0070c0:	af4ff0ef          	jal	0x1c0063b4
    1c0070c4:	00adbdb3          	sltu	s11,s11,a0
    1c0070c8:	43bb190b          	.insn	4, 0x43bb190b
    1c0070cc:	b7cd                	j	0x1c0070ae
    1c0070ce:	67c2                	ld	a5,16(sp)
    1c0070d0:	44c2                	lw	s1,16(sp)
    1c0070d2:	0d41                	addi	s10,s10,16
    1c0070d4:	e607cbe3          	bltz	a5,0x1c006f4a
    1c0070d8:	7782                	ld	a5,32(sp)
    1c0070da:	2785                	addiw	a5,a5,1
    1c0070dc:	f03e                	sd	a5,32(sp)
    1c0070de:	f9eff06f          	j	0x1c00687c
    1c0070e2:	54a9                	li	s1,-22
    1c0070e4:	b59d                	j	0x1c006f4a
    1c0070e6:	4108                	lw	a0,0(a0)
    1c0070e8:	9005150b          	.insn	4, 0x9005150b
    1c0070ec:	8082                	ret
    1c0070ee:	1101                	addi	sp,sp,-32
    1c0070f0:	e426                	sd	s1,8(sp)
    1c0070f2:	e822                	sd	s0,16(sp)
    1c0070f4:	842a                	mv	s0,a0
    1c0070f6:	0511                	addi	a0,a0,4
    1c0070f8:	ec06                	sd	ra,24(sp)
    1c0070fa:	fedff0ef          	jal	0x1c0070e6
    1c0070fe:	00747793          	andi	a5,s0,7
    1c007102:	efbd                	bnez	a5,0x1c007180
    1c007104:	0005049b          	sext.w	s1,a0
    1c007108:	8522                	mv	a0,s0
    1c00710a:	fddff0ef          	jal	0x1c0070e6
    1c00710e:	d00e0737          	lui	a4,0xd00e0
    1c007112:	0005079b          	sext.w	a5,a0
    1c007116:	eed70713          	addi	a4,a4,-275 # 0xffffffffd00dfeed
    1c00711a:	02e79b63          	bne	a5,a4,0x1c007150
    1c00711e:	01440513          	addi	a0,s0,20
    1c007122:	fc5ff0ef          	jal	0x1c0070e6
    1c007126:	0005079b          	sext.w	a5,a0
    1c00712a:	4705                	li	a4,1
    1c00712c:	5559                	li	a0,-10
    1c00712e:	00f77c63          	bgeu	a4,a5,0x1c007146
    1c007132:	01840513          	addi	a0,s0,24
    1c007136:	fb1ff0ef          	jal	0x1c0070e6
    1c00713a:	0005079b          	sext.w	a5,a0
    1c00713e:	4745                	li	a4,17
    1c007140:	5559                	li	a0,-10
    1c007142:	02f77663          	bgeu	a4,a5,0x1c00716e
    1c007146:	60e2                	ld	ra,24(sp)
    1c007148:	64a2                	ld	s1,8(sp)
    1c00714a:	6442                	ld	s0,16(sp)
    1c00714c:	6105                	addi	sp,sp,32
    1c00714e:	8082                	ret
    1c007150:	2ff20737          	lui	a4,0x2ff20
    1c007154:	11270713          	addi	a4,a4,274 # 0x2ff20112
    1c007158:	555d                	li	a0,-9
    1c00715a:	fee796e3          	bne	a5,a4,0x1c007146
    1c00715e:	02440513          	addi	a0,s0,36
    1c007162:	f85ff0ef          	jal	0x1c0070e6
    1c007166:	0005079b          	sext.w	a5,a0
    1c00716a:	5565                	li	a0,-7
    1c00716c:	dfe9                	beqz	a5,0x1c007146
    1c00716e:	800007b7          	lui	a5,0x80000
    1c007172:	ffe7c793          	xori	a5,a5,-2
    1c007176:	5561                	li	a0,-8
    1c007178:	fc97e7e3          	bltu	a5,s1,0x1c007146
    1c00717c:	8526                	mv	a0,s1
    1c00717e:	b7e1                	j	0x1c007146
    1c007180:	5535                	li	a0,-19
    1c007182:	b7d1                	j	0x1c007146
    1c007184:	4785                	li	a5,1
    1c007186:	02a7f063          	bgeu	a5,a0,0x1c0071a6
    1c00718a:	4709                	li	a4,2
    1c00718c:	02000793          	li	a5,32
    1c007190:	00e50963          	beq	a0,a4,0x1c0071a2
    1c007194:	4741                	li	a4,16
    1c007196:	02400793          	li	a5,36
    1c00719a:	00a77463          	bgeu	a4,a0,0x1c0071a2
    1c00719e:	02800793          	li	a5,40
    1c0071a2:	853e                	mv	a0,a5
    1c0071a4:	8082                	ret
    1c0071a6:	47f1                	li	a5,28
    1c0071a8:	bfed                	j	0x1c0071a2
    1c0071aa:	1141                	addi	sp,sp,-16
    1c0071ac:	0551                	addi	a0,a0,20
    1c0071ae:	e406                	sd	ra,8(sp)
    1c0071b0:	f37ff0ef          	jal	0x1c0070e6
    1c0071b4:	60a2                	ld	ra,8(sp)
    1c0071b6:	2501                	sext.w	a0,a0
    1c0071b8:	0141                	addi	sp,sp,16
    1c0071ba:	b7e9                	j	0x1c007184
    1c0071bc:	00757793          	andi	a5,a0,7
    1c0071c0:	10079663          	bnez	a5,0x1c0072cc
    1c0071c4:	7179                	addi	sp,sp,-48
    1c0071c6:	f022                	sd	s0,32(sp)
    1c0071c8:	f406                	sd	ra,40(sp)
    1c0071ca:	e052                	sd	s4,0(sp)
    1c0071cc:	e44e                	sd	s3,8(sp)
    1c0071ce:	e84a                	sd	s2,16(sp)
    1c0071d0:	ec26                	sd	s1,24(sp)
    1c0071d2:	842a                	mv	s0,a0
    1c0071d4:	f13ff0ef          	jal	0x1c0070e6
    1c0071d8:	d00e07b7          	lui	a5,0xd00e0
    1c0071dc:	0005071b          	sext.w	a4,a0
    1c0071e0:	eed78793          	addi	a5,a5,-275 # 0xffffffffd00dfeed
    1c0071e4:	555d                	li	a0,-9
    1c0071e6:	08f71363          	bne	a4,a5,0x1c00726c
    1c0071ea:	01440513          	addi	a0,s0,20
    1c0071ee:	ef9ff0ef          	jal	0x1c0070e6
    1c0071f2:	00050a1b          	sext.w	s4,a0
    1c0071f6:	4785                	li	a5,1
    1c0071f8:	5559                	li	a0,-10
    1c0071fa:	0747f963          	bgeu	a5,s4,0x1c00726c
    1c0071fe:	01840513          	addi	a0,s0,24
    1c007202:	ee5ff0ef          	jal	0x1c0070e6
    1c007206:	0005079b          	sext.w	a5,a0
    1c00720a:	4745                	li	a4,17
    1c00720c:	5559                	li	a0,-10
    1c00720e:	04f76f63          	bltu	a4,a5,0x1c00726c
    1c007212:	04fa6d63          	bltu	s4,a5,0x1c00726c
    1c007216:	8522                	mv	a0,s0
    1c007218:	f93ff0ef          	jal	0x1c0071aa
    1c00721c:	89aa                	mv	s3,a0
    1c00721e:	00440513          	addi	a0,s0,4
    1c007222:	ec5ff0ef          	jal	0x1c0070e6
    1c007226:	0005091b          	sext.w	s2,a0
    1c00722a:	7c05378b          	.insn	4, 0x7c05378b
    1c00722e:	5561                	li	a0,-8
    1c007230:	0337ee63          	bltu	a5,s3,0x1c00726c
    1c007234:	02094c63          	bltz	s2,0x1c00726c
    1c007238:	01040513          	addi	a0,s0,16
    1c00723c:	eabff0ef          	jal	0x1c0070e6
    1c007240:	0005079b          	sext.w	a5,a0
    1c007244:	2981                	sext.w	s3,s3
    1c007246:	5561                	li	a0,-8
    1c007248:	0337e263          	bltu	a5,s3,0x1c00726c
    1c00724c:	02f96063          	bltu	s2,a5,0x1c00726c
    1c007250:	00840513          	addi	a0,s0,8
    1c007254:	e93ff0ef          	jal	0x1c0070e6
    1c007258:	0005049b          	sext.w	s1,a0
    1c00725c:	47c1                	li	a5,16
    1c00725e:	0147ef63          	bltu	a5,s4,0x1c00727c
    1c007262:	5561                	li	a0,-8
    1c007264:	0134e463          	bltu	s1,s3,0x1c00726c
    1c007268:	02997a63          	bgeu	s2,s1,0x1c00729c
    1c00726c:	7402                	ld	s0,32(sp)
    1c00726e:	70a2                	ld	ra,40(sp)
    1c007270:	6a02                	ld	s4,0(sp)
    1c007272:	69a2                	ld	s3,8(sp)
    1c007274:	6942                	ld	s2,16(sp)
    1c007276:	64e2                	ld	s1,24(sp)
    1c007278:	6145                	addi	sp,sp,48
    1c00727a:	8082                	ret
    1c00727c:	02440513          	addi	a0,s0,36
    1c007280:	e67ff0ef          	jal	0x1c0070e6
    1c007284:	0005079b          	sext.w	a5,a0
    1c007288:	5561                	li	a0,-8
    1c00728a:	ff34e1e3          	bltu	s1,s3,0x1c00726c
    1c00728e:	fc996fe3          	bltu	s2,s1,0x1c00726c
    1c007292:	9fa5                	addw	a5,a5,s1
    1c007294:	fc97ece3          	bltu	a5,s1,0x1c00726c
    1c007298:	fcf96ae3          	bltu	s2,a5,0x1c00726c
    1c00729c:	00c40513          	addi	a0,s0,12
    1c0072a0:	e47ff0ef          	jal	0x1c0070e6
    1c0072a4:	0005049b          	sext.w	s1,a0
    1c0072a8:	02040513          	addi	a0,s0,32
    1c0072ac:	e3bff0ef          	jal	0x1c0070e6
    1c0072b0:	0005079b          	sext.w	a5,a0
    1c0072b4:	5561                	li	a0,-8
    1c0072b6:	fb34ebe3          	bltu	s1,s3,0x1c00726c
    1c0072ba:	fa9969e3          	bltu	s2,s1,0x1c00726c
    1c0072be:	9fa5                	addw	a5,a5,s1
    1c0072c0:	fa97e6e3          	bltu	a5,s1,0x1c00726c
    1c0072c4:	faf964e3          	bltu	s2,a5,0x1c00726c
    1c0072c8:	4501                	li	a0,0
    1c0072ca:	b74d                	j	0x1c00726c
    1c0072cc:	5535                	li	a0,-19
    1c0072ce:	8082                	ret
    1c0072d0:	7139                	addi	sp,sp,-64
    1c0072d2:	f426                	sd	s1,40(sp)
    1c0072d4:	f822                	sd	s0,48(sp)
    1c0072d6:	84aa                	mv	s1,a0
    1c0072d8:	0521                	addi	a0,a0,8
    1c0072da:	e456                	sd	s5,8(sp)
    1c0072dc:	e852                	sd	s4,16(sp)
    1c0072de:	ec4e                	sd	s3,24(sp)
    1c0072e0:	f04a                	sd	s2,32(sp)
    1c0072e2:	0005899b          	sext.w	s3,a1
    1c0072e6:	fc06                	sd	ra,56(sp)
    1c0072e8:	8aae                	mv	s5,a1
    1c0072ea:	8932                	mv	s2,a2
    1c0072ec:	dfbff0ef          	jal	0x1c0070e6
    1c0072f0:	013507bb          	addw	a5,a0,s3
    1c0072f4:	060ac663          	bltz	s5,0x1c007360
    1c0072f8:	00050a1b          	sext.w	s4,a0
    1c0072fc:	4501                	li	a0,0
    1c0072fe:	0537e863          	bltu	a5,s3,0x1c00734e
    1c007302:	0127843b          	addw	s0,a5,s2
    1c007306:	04f46463          	bltu	s0,a5,0x1c00734e
    1c00730a:	00448513          	addi	a0,s1,4
    1c00730e:	dd9ff0ef          	jal	0x1c0070e6
    1c007312:	0005079b          	sext.w	a5,a0
    1c007316:	4501                	li	a0,0
    1c007318:	0287eb63          	bltu	a5,s0,0x1c00734e
    1c00731c:	01448513          	addi	a0,s1,20
    1c007320:	dc7ff0ef          	jal	0x1c0070e6
    1c007324:	2501                	sext.w	a0,a0
    1c007326:	47c1                	li	a5,16
    1c007328:	02a7f063          	bgeu	a5,a0,0x1c007348
    1c00732c:	0129893b          	addw	s2,s3,s2
    1c007330:	4501                	li	a0,0
    1c007332:	01396e63          	bltu	s2,s3,0x1c00734e
    1c007336:	02448513          	addi	a0,s1,36
    1c00733a:	dadff0ef          	jal	0x1c0070e6
    1c00733e:	0005079b          	sext.w	a5,a0
    1c007342:	4501                	li	a0,0
    1c007344:	0127e563          	bltu	a5,s2,0x1c00734e
    1c007348:	095a053b          	.insn	4, 0x095a053b
    1c00734c:	9526                	add	a0,a0,s1
    1c00734e:	70e2                	ld	ra,56(sp)
    1c007350:	6aa2                	ld	s5,8(sp)
    1c007352:	6a42                	ld	s4,16(sp)
    1c007354:	69e2                	ld	s3,24(sp)
    1c007356:	7902                	ld	s2,32(sp)
    1c007358:	74a2                	ld	s1,40(sp)
    1c00735a:	7442                	ld	s0,48(sp)
    1c00735c:	6121                	addi	sp,sp,64
    1c00735e:	8082                	ret
    1c007360:	4501                	li	a0,0
    1c007362:	b7f5                	j	0x1c00734e
    1c007364:	715d                	addi	sp,sp,-80
    1c007366:	f84a                	sd	s2,48(sp)
    1c007368:	fc26                	sd	s1,56(sp)
    1c00736a:	e062                	sd	s8,0(sp)
    1c00736c:	e45e                	sd	s7,8(sp)
    1c00736e:	e85a                	sd	s6,16(sp)
    1c007370:	ec56                	sd	s5,24(sp)
    1c007372:	f052                	sd	s4,32(sp)
    1c007374:	f44e                	sd	s3,40(sp)
    1c007376:	e0a2                	sd	s0,64(sp)
    1c007378:	e486                	sd	ra,72(sp)
    1c00737a:	57e1                	li	a5,-8
    1c00737c:	84b2                	mv	s1,a2
    1c00737e:	c21c                	sw	a5,0(a2)
    1c007380:	4611                	li	a2,4
    1c007382:	892a                	mv	s2,a0
    1c007384:	89ae                	mv	s3,a1
    1c007386:	f4bff0ef          	jal	0x1c0072d0
    1c00738a:	e119                	bnez	a0,0x1c007390
    1c00738c:	4a25                	li	s4,9
    1c00738e:	a89d                	j	0x1c007404
    1c007390:	4118                	lw	a4,0(a0)
    1c007392:	00498b9b          	addiw	s7,s3,4
    1c007396:	0187569b          	srliw	a3,a4,0x18
    1c00739a:	0187179b          	slliw	a5,a4,0x18
    1c00739e:	8fd5                	or	a5,a5,a3
    1c0073a0:	3c87368b          	.insn	4, 0x3c87368b
    1c0073a4:	5d07370b          	.insn	4, 0x5d07370b
    1c0073a8:	0ff6f693          	zext.b	a3,a3
    1c0073ac:	0ff77713          	zext.b	a4,a4
    1c0073b0:	0106969b          	slliw	a3,a3,0x10
    1c0073b4:	0087171b          	slliw	a4,a4,0x8
    1c0073b8:	8fd5                	or	a5,a5,a3
    1c0073ba:	8fd9                	or	a5,a5,a4
    1c0073bc:	fff7869b          	addiw	a3,a5,-1
    1c0073c0:	5755                	li	a4,-11
    1c0073c2:	c098                	sw	a4,0(s1)
    1c0073c4:	845e                	mv	s0,s7
    1c0073c6:	8a3e                	mv	s4,a5
    1c0073c8:	4721                	li	a4,8
    1c0073ca:	fcd761e3          	bltu	a4,a3,0x1c00738c
    1c0073ce:	1c00c737          	lui	a4,0x1c00c
    1c0073d2:	fa470713          	addi	a4,a4,-92 # 0x1c00bfa4
    1c0073d6:	54d7478b          	.insn	4, 0x54d7478b
    1c0073da:	8782                	jr	a5
    1c0073dc:	85a2                	mv	a1,s0
    1c0073de:	4605                	li	a2,1
    1c0073e0:	854a                	mv	a0,s2
    1c0073e2:	2405                	addiw	s0,s0,1
    1c0073e4:	eedff0ef          	jal	0x1c0072d0
    1c0073e8:	d155                	beqz	a0,0x1c00738c
    1c0073ea:	00054783          	lbu	a5,0(a0)
    1c0073ee:	f7fd                	bnez	a5,0x1c0073dc
    1c0073f0:	4134063b          	subw	a2,s0,s3
    1c0073f4:	85ce                	mv	a1,s3
    1c0073f6:	854a                	mv	a0,s2
    1c0073f8:	ed9ff0ef          	jal	0x1c0072d0
    1c0073fc:	d941                	beqz	a0,0x1c00738c
    1c0073fe:	240d                	addiw	s0,s0,3
    1c007400:	9871                	andi	s0,s0,-4
    1c007402:	c080                	sw	s0,0(s1)
    1c007404:	6406                	ld	s0,64(sp)
    1c007406:	60a6                	ld	ra,72(sp)
    1c007408:	6c02                	ld	s8,0(sp)
    1c00740a:	6ba2                	ld	s7,8(sp)
    1c00740c:	6b42                	ld	s6,16(sp)
    1c00740e:	6ae2                	ld	s5,24(sp)
    1c007410:	7942                	ld	s2,48(sp)
    1c007412:	74e2                	ld	s1,56(sp)
    1c007414:	8552                	mv	a0,s4
    1c007416:	7a02                	ld	s4,32(sp)
    1c007418:	79a2                	ld	s3,40(sp)
    1c00741a:	6161                	addi	sp,sp,80
    1c00741c:	8082                	ret
    1c00741e:	4611                	li	a2,4
    1c007420:	85de                	mv	a1,s7
    1c007422:	854a                	mv	a0,s2
    1c007424:	eadff0ef          	jal	0x1c0072d0
    1c007428:	d135                	beqz	a0,0x1c00738c
    1c00742a:	411c                	lw	a5,0(a0)
    1c00742c:	0187d69b          	srliw	a3,a5,0x18
    1c007430:	0187971b          	slliw	a4,a5,0x18
    1c007434:	8f55                	or	a4,a4,a3
    1c007436:	3c87b68b          	.insn	4, 0x3c87b68b
    1c00743a:	0ff6f693          	zext.b	a3,a3
    1c00743e:	5d07b78b          	.insn	4, 0x5d07b78b
    1c007442:	0106969b          	slliw	a3,a3,0x10
    1c007446:	0ff7f793          	zext.b	a5,a5
    1c00744a:	8f55                	or	a4,a4,a3
    1c00744c:	0087979b          	slliw	a5,a5,0x8
    1c007450:	8fd9                	or	a5,a5,a4
    1c007452:	00fb873b          	addw	a4,s7,a5
    1c007456:	8c3e                	mv	s8,a5
    1c007458:	800007b7          	lui	a5,0x80000
    1c00745c:	ffe7c793          	xori	a5,a5,-2
    1c007460:	8aba                	mv	s5,a4
    1c007462:	f2e7e5e3          	bltu	a5,a4,0x1c00738c
    1c007466:	f37763e3          	bltu	a4,s7,0x1c00738c
    1c00746a:	01490513          	addi	a0,s2,20
    1c00746e:	0087041b          	addiw	s0,a4,8
    1c007472:	c75ff0ef          	jal	0x1c0070e6
    1c007476:	2501                	sext.w	a0,a0
    1c007478:	47bd                	li	a5,15
    1c00747a:	f6a7ebe3          	bltu	a5,a0,0x1c0073f0
    1c00747e:	479d                	li	a5,7
    1c007480:	f787f8e3          	bgeu	a5,s8,0x1c0073f0
    1c007484:	41840b3b          	subw	s6,s0,s8
    1c007488:	007b7b13          	andi	s6,s6,7
    1c00748c:	f60b02e3          	beqz	s6,0x1c0073f0
    1c007490:	00ca841b          	addiw	s0,s5,12
    1c007494:	bfb1                	j	0x1c0073f0
    1c007496:	1101                	addi	sp,sp,-32
    1c007498:	c62e                	sw	a1,12(sp)
    1c00749a:	ec06                	sd	ra,24(sp)
    1c00749c:	0005d663          	bgez	a1,0x1c0074a8
    1c0074a0:	5571                	li	a0,-4
    1c0074a2:	60e2                	ld	ra,24(sp)
    1c0074a4:	6105                	addi	sp,sp,32
    1c0074a6:	8082                	ret
    1c0074a8:	0035f793          	andi	a5,a1,3
    1c0074ac:	fbf5                	bnez	a5,0x1c0074a0
    1c0074ae:	0070                	addi	a2,sp,12
    1c0074b0:	eb5ff0ef          	jal	0x1c007364
    1c0074b4:	2501                	sext.w	a0,a0
    1c0074b6:	4785                	li	a5,1
    1c0074b8:	fef514e3          	bne	a0,a5,0x1c0074a0
    1c0074bc:	4532                	lw	a0,12(sp)
    1c0074be:	b7d5                	j	0x1c0074a2
    1c0074c0:	1101                	addi	sp,sp,-32
    1c0074c2:	c62e                	sw	a1,12(sp)
    1c0074c4:	ec06                	sd	ra,24(sp)
    1c0074c6:	0005d663          	bgez	a1,0x1c0074d2
    1c0074ca:	5571                	li	a0,-4
    1c0074cc:	60e2                	ld	ra,24(sp)
    1c0074ce:	6105                	addi	sp,sp,32
    1c0074d0:	8082                	ret
    1c0074d2:	0035f793          	andi	a5,a1,3
    1c0074d6:	fbf5                	bnez	a5,0x1c0074ca
    1c0074d8:	0070                	addi	a2,sp,12
    1c0074da:	e8bff0ef          	jal	0x1c007364
    1c0074de:	2501                	sext.w	a0,a0
    1c0074e0:	478d                	li	a5,3
    1c0074e2:	fef514e3          	bne	a0,a5,0x1c0074ca
    1c0074e6:	4532                	lw	a0,12(sp)
    1c0074e8:	b7d5                	j	0x1c0074cc
    1c0074ea:	715d                	addi	sp,sp,-80
    1c0074ec:	fc26                	sd	s1,56(sp)
    1c0074ee:	e0a2                	sd	s0,64(sp)
    1c0074f0:	ec56                	sd	s5,24(sp)
    1c0074f2:	f052                	sd	s4,32(sp)
    1c0074f4:	f44e                	sd	s3,40(sp)
    1c0074f6:	f84a                	sd	s2,48(sp)
    1c0074f8:	c602                	sw	zero,12(sp)
    1c0074fa:	e486                	sd	ra,72(sp)
    1c0074fc:	892a                	mv	s2,a0
    1c0074fe:	84b2                	mv	s1,a2
    1c007500:	0205d763          	bgez	a1,0x1c00752e
    1c007504:	4989                	li	s3,2
    1c007506:	4a25                	li	s4,9
    1c007508:	4a85                	li	s5,1
    1c00750a:	4432                	lw	s0,12(sp)
    1c00750c:	0070                	addi	a2,sp,12
    1c00750e:	854a                	mv	a0,s2
    1c007510:	85a2                	mv	a1,s0
    1c007512:	e53ff0ef          	jal	0x1c007364
    1c007516:	2501                	sext.w	a0,a0
    1c007518:	03350b63          	beq	a0,s3,0x1c00754e
    1c00751c:	05450263          	beq	a0,s4,0x1c007560
    1c007520:	ff5515e3          	bne	a0,s5,0x1c00750a
    1c007524:	c899                	beqz	s1,0x1c00753a
    1c007526:	409c                	lw	a5,0(s1)
    1c007528:	2785                	addiw	a5,a5,1 # 0xffffffff80000001
    1c00752a:	c09c                	sw	a5,0(s1)
    1c00752c:	a039                	j	0x1c00753a
    1c00752e:	f69ff0ef          	jal	0x1c007496
    1c007532:	c62a                	sw	a0,12(sp)
    1c007534:	842a                	mv	s0,a0
    1c007536:	fc0557e3          	bgez	a0,0x1c007504
    1c00753a:	60a6                	ld	ra,72(sp)
    1c00753c:	6ae2                	ld	s5,24(sp)
    1c00753e:	7a02                	ld	s4,32(sp)
    1c007540:	79a2                	ld	s3,40(sp)
    1c007542:	7942                	ld	s2,48(sp)
    1c007544:	8522                	mv	a0,s0
    1c007546:	74e2                	ld	s1,56(sp)
    1c007548:	6406                	ld	s0,64(sp)
    1c00754a:	6161                	addi	sp,sp,80
    1c00754c:	8082                	ret
    1c00754e:	dcd5                	beqz	s1,0x1c00750a
    1c007550:	409c                	lw	a5,0(s1)
    1c007552:	fff7871b          	addiw	a4,a5,-1
    1c007556:	c098                	sw	a4,0(s1)
    1c007558:	fa0759e3          	bgez	a4,0x1c00750a
    1c00755c:	4432                	lw	s0,12(sp)
    1c00755e:	bff1                	j	0x1c00753a
    1c007560:	4432                	lw	s0,12(sp)
    1c007562:	00045663          	bgez	s0,0x1c00756e
    1c007566:	57e1                	li	a5,-8
    1c007568:	fcf419e3          	bne	s0,a5,0x1c00753a
    1c00756c:	f4f9                	bnez	s1,0x1c00753a
    1c00756e:	547d                	li	s0,-1
    1c007570:	b7e9                	j	0x1c00753a
    1c007572:	1101                	addi	sp,sp,-32
    1c007574:	0070                	addi	a2,sp,12
    1c007576:	ec06                	sd	ra,24(sp)
    1c007578:	c602                	sw	zero,12(sp)
    1c00757a:	f71ff0ef          	jal	0x1c0074ea
    1c00757e:	00054663          	bltz	a0,0x1c00758a
    1c007582:	4732                	lw	a4,12(sp)
    1c007584:	4785                	li	a5,1
    1c007586:	00f70363          	beq	a4,a5,0x1c00758c
    1c00758a:	557d                	li	a0,-1
    1c00758c:	60e2                	ld	ra,24(sp)
    1c00758e:	6105                	addi	sp,sp,32
    1c007590:	8082                	ret
    1c007592:	7179                	addi	sp,sp,-48
    1c007594:	ec26                	sd	s1,24(sp)
    1c007596:	f022                	sd	s0,32(sp)
    1c007598:	4785                	li	a5,1
    1c00759a:	84aa                	mv	s1,a0
    1c00759c:	c63e                	sw	a5,12(sp)
    1c00759e:	f406                	sd	ra,40(sp)
    1c0075a0:	852e                	mv	a0,a1
    1c0075a2:	4405                	li	s0,1
    1c0075a4:	85aa                	mv	a1,a0
    1c0075a6:	0070                	addi	a2,sp,12
    1c0075a8:	8526                	mv	a0,s1
    1c0075aa:	f41ff0ef          	jal	0x1c0074ea
    1c0075ae:	00054c63          	bltz	a0,0x1c0075c6
    1c0075b2:	47b2                	lw	a5,12(sp)
    1c0075b4:	00f05963          	blez	a5,0x1c0075c6
    1c0075b8:	fe8796e3          	bne	a5,s0,0x1c0075a4
    1c0075bc:	70a2                	ld	ra,40(sp)
    1c0075be:	64e2                	ld	s1,24(sp)
    1c0075c0:	7402                	ld	s0,32(sp)
    1c0075c2:	6145                	addi	sp,sp,48
    1c0075c4:	8082                	ret
    1c0075c6:	557d                	li	a0,-1
    1c0075c8:	bfd5                	j	0x1c0075bc
    1c0075ca:	7179                	addi	sp,sp,-48
    1c0075cc:	ec26                	sd	s1,24(sp)
    1c0075ce:	f022                	sd	s0,32(sp)
    1c0075d0:	842a                	mv	s0,a0
    1c0075d2:	8532                	mv	a0,a2
    1c0075d4:	e44e                	sd	s3,8(sp)
    1c0075d6:	e84a                	sd	s2,16(sp)
    1c0075d8:	84ae                	mv	s1,a1
    1c0075da:	f406                	sd	ra,40(sp)
    1c0075dc:	89b2                	mv	s3,a2
    1c0075de:	22f030ef          	jal	0x1c00b00c
    1c0075e2:	0015091b          	addiw	s2,a0,1
    1c0075e6:	412484b3          	sub	s1,s1,s2
    1c0075ea:	94a2                	add	s1,s1,s0
    1c0075ec:	0084fb63          	bgeu	s1,s0,0x1c007602
    1c0075f0:	4401                	li	s0,0
    1c0075f2:	70a2                	ld	ra,40(sp)
    1c0075f4:	69a2                	ld	s3,8(sp)
    1c0075f6:	6942                	ld	s2,16(sp)
    1c0075f8:	8522                	mv	a0,s0
    1c0075fa:	64e2                	ld	s1,24(sp)
    1c0075fc:	7402                	ld	s0,32(sp)
    1c0075fe:	6145                	addi	sp,sp,48
    1c007600:	8082                	ret
    1c007602:	864a                	mv	a2,s2
    1c007604:	85ce                	mv	a1,s3
    1c007606:	8522                	mv	a0,s0
    1c007608:	1cd030ef          	jal	0x1c00afd4
    1c00760c:	d17d                	beqz	a0,0x1c0075f2
    1c00760e:	0405                	addi	s0,s0,1
    1c007610:	bff1                	j	0x1c0075ec
    1c007612:	1101                	addi	sp,sp,-32
    1c007614:	0074                	addi	a3,sp,12
    1c007616:	ec06                	sd	ra,24(sp)
    1c007618:	4f4000ef          	jal	0x1c007b0c
    1c00761c:	e511                	bnez	a0,0x1c007628
    1c00761e:	4732                	lw	a4,12(sp)
    1c007620:	60e2                	ld	ra,24(sp)
    1c007622:	853a                	mv	a0,a4
    1c007624:	6105                	addi	sp,sp,32
    1c007626:	8082                	ret
    1c007628:	4632                	lw	a2,12(sp)
    1c00762a:	4791                	li	a5,4
    1c00762c:	5749                	li	a4,-14
    1c00762e:	fef619e3          	bne	a2,a5,0x1c007620
    1c007632:	4118                	lw	a4,0(a0)
    1c007634:	0187569b          	srliw	a3,a4,0x18
    1c007638:	0187179b          	slliw	a5,a4,0x18
    1c00763c:	8fd5                	or	a5,a5,a3
    1c00763e:	3c87368b          	.insn	4, 0x3c87368b
    1c007642:	5d07370b          	.insn	4, 0x5d07370b
    1c007646:	0ff6f693          	zext.b	a3,a3
    1c00764a:	0ff77713          	zext.b	a4,a4
    1c00764e:	0087171b          	slliw	a4,a4,0x8
    1c007652:	0106969b          	slliw	a3,a3,0x10
    1c007656:	8fd5                	or	a5,a5,a3
    1c007658:	8fd9                	or	a5,a5,a4
    1c00765a:	5749                	li	a4,-14
    1c00765c:	fcf662e3          	bltu	a2,a5,0x1c007620
    1c007660:	873e                	mv	a4,a5
    1c007662:	bf7d                	j	0x1c007620
    1c007664:	1141                	addi	sp,sp,-16
    1c007666:	1c00c637          	lui	a2,0x1c00c
    1c00766a:	fc860613          	addi	a2,a2,-56 # 0x1c00bfc8
    1c00766e:	e406                	sd	ra,8(sp)
    1c007670:	fa3ff0ef          	jal	0x1c007612
    1c007674:	c901                	beqz	a0,0x1c007684
    1c007676:	57fd                	li	a5,-1
    1c007678:	00f51363          	bne	a0,a5,0x1c00767e
    1c00767c:	4509                	li	a0,2
    1c00767e:	60a2                	ld	ra,8(sp)
    1c007680:	0141                	addi	sp,sp,16
    1c007682:	8082                	ret
    1c007684:	5549                	li	a0,-14
    1c007686:	bfe5                	j	0x1c00767e
    1c007688:	1141                	addi	sp,sp,-16
    1c00768a:	1c00c637          	lui	a2,0x1c00c
    1c00768e:	fd860613          	addi	a2,a2,-40 # 0x1c00bfd8
    1c007692:	e406                	sd	ra,8(sp)
    1c007694:	f7fff0ef          	jal	0x1c007612
    1c007698:	57fd                	li	a5,-1
    1c00769a:	00f51363          	bne	a0,a5,0x1c0076a0
    1c00769e:	4505                	li	a0,1
    1c0076a0:	60a2                	ld	ra,8(sp)
    1c0076a2:	0141                	addi	sp,sp,16
    1c0076a4:	8082                	ret
    1c0076a6:	4108                	lw	a0,0(a0)
    1c0076a8:	9005150b          	.insn	4, 0x9005150b
    1c0076ac:	8082                	ret
    1c0076ae:	715d                	addi	sp,sp,-80
    1c0076b0:	f44e                	sd	s3,40(sp)
    1c0076b2:	f84a                	sd	s2,48(sp)
    1c0076b4:	fc26                	sd	s1,56(sp)
    1c0076b6:	e0a2                	sd	s0,64(sp)
    1c0076b8:	e486                	sd	ra,72(sp)
    1c0076ba:	84aa                	mv	s1,a0
    1c0076bc:	490d                	li	s2,3
    1c0076be:	49a5                	li	s3,9
    1c0076c0:	4411                	li	s0,4
    1c0076c2:	0870                	addi	a2,sp,28
    1c0076c4:	8526                	mv	a0,s1
    1c0076c6:	e42e                	sd	a1,8(sp)
    1c0076c8:	c9dff0ef          	jal	0x1c007364
    1c0076cc:	2501                	sext.w	a0,a0
    1c0076ce:	65a2                	ld	a1,8(sp)
    1c0076d0:	01250c63          	beq	a0,s2,0x1c0076e8
    1c0076d4:	45f2                	lw	a1,28(sp)
    1c0076d6:	01351663          	bne	a0,s3,0x1c0076e2
    1c0076da:	0005c763          	bltz	a1,0x1c0076e8
    1c0076de:	55d5                	li	a1,-11
    1c0076e0:	a021                	j	0x1c0076e8
    1c0076e2:	fe8500e3          	beq	a0,s0,0x1c0076c2
    1c0076e6:	55fd                	li	a1,-1
    1c0076e8:	60a6                	ld	ra,72(sp)
    1c0076ea:	79a2                	ld	s3,40(sp)
    1c0076ec:	7942                	ld	s2,48(sp)
    1c0076ee:	74e2                	ld	s1,56(sp)
    1c0076f0:	6406                	ld	s0,64(sp)
    1c0076f2:	852e                	mv	a0,a1
    1c0076f4:	6161                	addi	sp,sp,80
    1c0076f6:	8082                	ret
    1c0076f8:	9005150b          	.insn	4, 0x9005150b
    1c0076fc:	8082                	ret
    1c0076fe:	1101                	addi	sp,sp,-32
    1c007700:	e04a                	sd	s2,0(sp)
    1c007702:	e426                	sd	s1,8(sp)
    1c007704:	e822                	sd	s0,16(sp)
    1c007706:	ec06                	sd	ra,24(sp)
    1c007708:	842a                	mv	s0,a0
    1c00770a:	892e                	mv	s2,a1
    1c00770c:	84b2                	mv	s1,a2
    1c00770e:	db3ff0ef          	jal	0x1c0074c0
    1c007712:	00055c63          	bgez	a0,0x1c00772a
    1c007716:	4401                	li	s0,0
    1c007718:	c091                	beqz	s1,0x1c00771c
    1c00771a:	c088                	sw	a0,0(s1)
    1c00771c:	8522                	mv	a0,s0
    1c00771e:	6442                	ld	s0,16(sp)
    1c007720:	60e2                	ld	ra,24(sp)
    1c007722:	6902                	ld	s2,0(sp)
    1c007724:	64a2                	ld	s1,8(sp)
    1c007726:	6105                	addi	sp,sp,32
    1c007728:	8082                	ret
    1c00772a:	00840513          	addi	a0,s0,8
    1c00772e:	f79ff0ef          	jal	0x1c0076a6
    1c007732:	0925053b          	.insn	4, 0x0925053b
    1c007736:	942a                	add	s0,s0,a0
    1c007738:	d0f5                	beqz	s1,0x1c00771c
    1c00773a:	4048                	lw	a0,4(s0)
    1c00773c:	fbdff0ef          	jal	0x1c0076f8
    1c007740:	bfe9                	j	0x1c00771a
    1c007742:	7139                	addi	sp,sp,-64
    1c007744:	e852                	sd	s4,16(sp)
    1c007746:	ec4e                	sd	s3,24(sp)
    1c007748:	f04a                	sd	s2,32(sp)
    1c00774a:	f426                	sd	s1,40(sp)
    1c00774c:	f822                	sd	s0,48(sp)
    1c00774e:	fc06                	sd	ra,56(sp)
    1c007750:	e05a                	sd	s6,0(sp)
    1c007752:	e456                	sd	s5,8(sp)
    1c007754:	8a2a                	mv	s4,a0
    1c007756:	892e                	mv	s2,a1
    1c007758:	89b2                	mv	s3,a2
    1c00775a:	995ff0ef          	jal	0x1c0070ee
    1c00775e:	842a                	mv	s0,a0
    1c007760:	0c054263          	bltz	a0,0x1c007824
    1c007764:	00ca0513          	addi	a0,s4,12
    1c007768:	f3fff0ef          	jal	0x1c0076a6
    1c00776c:	012507bb          	addw	a5,a0,s2
    1c007770:	2401                	sext.w	s0,s0
    1c007772:	00090b1b          	sext.w	s6,s2
    1c007776:	84be                	mv	s1,a5
    1c007778:	0a87fc63          	bgeu	a5,s0,0x1c007830
    1c00777c:	8552                	mv	a0,s4
    1c00777e:	40f40abb          	subw	s5,s0,a5
    1c007782:	f25ff0ef          	jal	0x1c0076a6
    1c007786:	d00e07b7          	lui	a5,0xd00e0
    1c00778a:	2501                	sext.w	a0,a0
    1c00778c:	eed78793          	addi	a5,a5,-275 # 0xffffffffd00dfeed
    1c007790:	7c0ab40b          	.insn	4, 0x7c0ab40b
    1c007794:	06f51163          	bne	a0,a5,0x1c0077f6
    1c007798:	08094c63          	bltz	s2,0x1c007830
    1c00779c:	014a0513          	addi	a0,s4,20
    1c0077a0:	f07ff0ef          	jal	0x1c0076a6
    1c0077a4:	2501                	sext.w	a0,a0
    1c0077a6:	47c1                	li	a5,16
    1c0077a8:	00a7ff63          	bgeu	a5,a0,0x1c0077c6
    1c0077ac:	020a0513          	addi	a0,s4,32
    1c0077b0:	ef7ff0ef          	jal	0x1c0076a6
    1c0077b4:	2501                	sext.w	a0,a0
    1c0077b6:	06ab7d63          	bgeu	s6,a0,0x1c007830
    1c0077ba:	416507bb          	subw	a5,a0,s6
    1c0077be:	0157f463          	bgeu	a5,s5,0x1c0077c6
    1c0077c2:	7c07b40b          	.insn	4, 0x7c07b40b
    1c0077c6:	094484bb          	.insn	4, 0x094484bb
    1c0077ca:	8622                	mv	a2,s0
    1c0077cc:	4581                	li	a1,0
    1c0077ce:	8526                	mv	a0,s1
    1c0077d0:	021030ef          	jal	0x1c00aff0
    1c0077d4:	c125                	beqz	a0,0x1c007834
    1c0077d6:	00098563          	beqz	s3,0x1c0077e0
    1c0077da:	8d05                	sub	a0,a0,s1
    1c0077dc:	00a9a023          	sw	a0,0(s3)
    1c0077e0:	7442                	ld	s0,48(sp)
    1c0077e2:	70e2                	ld	ra,56(sp)
    1c0077e4:	6b02                	ld	s6,0(sp)
    1c0077e6:	6aa2                	ld	s5,8(sp)
    1c0077e8:	6a42                	ld	s4,16(sp)
    1c0077ea:	69e2                	ld	s3,24(sp)
    1c0077ec:	8526                	mv	a0,s1
    1c0077ee:	7902                	ld	s2,32(sp)
    1c0077f0:	74a2                	ld	s1,40(sp)
    1c0077f2:	6121                	addi	sp,sp,64
    1c0077f4:	8082                	ret
    1c0077f6:	2ff207b7          	lui	a5,0x2ff20
    1c0077fa:	11278793          	addi	a5,a5,274 # 0x2ff20112
    1c0077fe:	02f51263          	bne	a0,a5,0x1c007822
    1c007802:	02095763          	bgez	s2,0x1c007830
    1c007806:	020a0513          	addi	a0,s4,32
    1c00780a:	e9dff0ef          	jal	0x1c0076a6
    1c00780e:	41200b3b          	negw	s6,s2
    1c007812:	2501                	sext.w	a0,a0
    1c007814:	01656e63          	bltu	a0,s6,0x1c007830
    1c007818:	fb5b77e3          	bgeu	s6,s5,0x1c0077c6
    1c00781c:	7c0b340b          	.insn	4, 0x7c0b340b
    1c007820:	b75d                	j	0x1c0077c6
    1c007822:	544d                	li	s0,-13
    1c007824:	4481                	li	s1,0
    1c007826:	fa098de3          	beqz	s3,0x1c0077e0
    1c00782a:	0089a023          	sw	s0,0(s3)
    1c00782e:	bf4d                	j	0x1c0077e0
    1c007830:	5471                	li	s0,-4
    1c007832:	bfcd                	j	0x1c007824
    1c007834:	5461                	li	s0,-8
    1c007836:	b7fd                	j	0x1c007824
    1c007838:	7179                	addi	sp,sp,-48
    1c00783a:	ec26                	sd	s1,24(sp)
    1c00783c:	f022                	sd	s0,32(sp)
    1c00783e:	84aa                	mv	s1,a0
    1c007840:	0521                	addi	a0,a0,8
    1c007842:	e44e                	sd	s3,8(sp)
    1c007844:	e84a                	sd	s2,16(sp)
    1c007846:	f406                	sd	ra,40(sp)
    1c007848:	89ae                	mv	s3,a1
    1c00784a:	8932                	mv	s2,a2
    1c00784c:	e5bff0ef          	jal	0x1c0076a6
    1c007850:	0005041b          	sext.w	s0,a0
    1c007854:	8526                	mv	a0,s1
    1c007856:	899ff0ef          	jal	0x1c0070ee
    1c00785a:	04054563          	bltz	a0,0x1c0078a4
    1c00785e:	85ce                	mv	a1,s3
    1c007860:	8526                	mv	a0,s1
    1c007862:	c35ff0ef          	jal	0x1c007496
    1c007866:	02054f63          	bltz	a0,0x1c0078a4
    1c00786a:	01448513          	addi	a0,s1,20
    1c00786e:	0934043b          	.insn	4, 0x0934043b
    1c007872:	e35ff0ef          	jal	0x1c0076a6
    1c007876:	9426                	add	s0,s0,s1
    1c007878:	2501                	sext.w	a0,a0
    1c00787a:	0411                	addi	s0,s0,4
    1c00787c:	47bd                	li	a5,15
    1c00787e:	00a7ea63          	bltu	a5,a0,0x1c007892
    1c007882:	02f00593          	li	a1,47
    1c007886:	8522                	mv	a0,s0
    1c007888:	7d0030ef          	jal	0x1c00b058
    1c00788c:	c919                	beqz	a0,0x1c0078a2
    1c00788e:	00150413          	addi	s0,a0,1
    1c007892:	00090c63          	beqz	s2,0x1c0078aa
    1c007896:	8522                	mv	a0,s0
    1c007898:	774030ef          	jal	0x1c00b00c
    1c00789c:	00a92023          	sw	a0,0(s2)
    1c0078a0:	a029                	j	0x1c0078aa
    1c0078a2:	5555                	li	a0,-11
    1c0078a4:	4401                	li	s0,0
    1c0078a6:	fe091be3          	bnez	s2,0x1c00789c
    1c0078aa:	70a2                	ld	ra,40(sp)
    1c0078ac:	69a2                	ld	s3,8(sp)
    1c0078ae:	6942                	ld	s2,16(sp)
    1c0078b0:	8522                	mv	a0,s0
    1c0078b2:	64e2                	ld	s1,24(sp)
    1c0078b4:	7402                	ld	s0,32(sp)
    1c0078b6:	6145                	addi	sp,sp,48
    1c0078b8:	8082                	ret
    1c0078ba:	711d                	addi	sp,sp,-96
    1c0078bc:	fc4e                	sd	s3,56(sp)
    1c0078be:	e0ca                	sd	s2,64(sp)
    1c0078c0:	e4a6                	sd	s1,72(sp)
    1c0078c2:	e8a2                	sd	s0,80(sp)
    1c0078c4:	f456                	sd	s5,40(sp)
    1c0078c6:	f852                	sd	s4,48(sp)
    1c0078c8:	e42e                	sd	a1,8(sp)
    1c0078ca:	ec86                	sd	ra,88(sp)
    1c0078cc:	892a                	mv	s2,a0
    1c0078ce:	89b2                	mv	s3,a2
    1c0078d0:	84b6                	mv	s1,a3
    1c0078d2:	81dff0ef          	jal	0x1c0070ee
    1c0078d6:	842a                	mv	s0,a0
    1c0078d8:	06054663          	bltz	a0,0x1c007944
    1c0078dc:	65a2                	ld	a1,8(sp)
    1c0078de:	4a85                	li	s5,1
    1c0078e0:	842e                	mv	s0,a1
    1c0078e2:	cc02                	sw	zero,24(sp)
    1c0078e4:	47e2                	lw	a5,24(sp)
    1c0078e6:	04044d63          	bltz	s0,0x1c007940
    1c0078ea:	0007d463          	bgez	a5,0x1c0078f2
    1c0078ee:	547d                	li	s0,-1
    1c0078f0:	a891                	j	0x1c007944
    1c0078f2:	05579063          	bne	a5,s5,0x1c007932
    1c0078f6:	0870                	addi	a2,sp,28
    1c0078f8:	85a2                	mv	a1,s0
    1c0078fa:	854a                	mv	a0,s2
    1c0078fc:	f3dff0ef          	jal	0x1c007838
    1c007900:	8a2a                	mv	s4,a0
    1c007902:	c905                	beqz	a0,0x1c007932
    1c007904:	47f2                	lw	a5,28(sp)
    1c007906:	0297c663          	blt	a5,s1,0x1c007932
    1c00790a:	8626                	mv	a2,s1
    1c00790c:	85ce                	mv	a1,s3
    1c00790e:	6c6030ef          	jal	0x1c00afd4
    1c007912:	e105                	bnez	a0,0x1c007932
    1c007914:	809a4a0b          	.insn	4, 0x809a4a0b
    1c007918:	020a0663          	beqz	s4,0x1c007944
    1c00791c:	8626                	mv	a2,s1
    1c00791e:	04000593          	li	a1,64
    1c007922:	854e                	mv	a0,s3
    1c007924:	6cc030ef          	jal	0x1c00aff0
    1c007928:	e509                	bnez	a0,0x1c007932
    1c00792a:	04000793          	li	a5,64
    1c00792e:	00fa0b63          	beq	s4,a5,0x1c007944
    1c007932:	85a2                	mv	a1,s0
    1c007934:	0830                	addi	a2,sp,24
    1c007936:	854a                	mv	a0,s2
    1c007938:	bb3ff0ef          	jal	0x1c0074ea
    1c00793c:	842a                	mv	s0,a0
    1c00793e:	b75d                	j	0x1c0078e4
    1c007940:	fa07c7e3          	bltz	a5,0x1c0078ee
    1c007944:	60e6                	ld	ra,88(sp)
    1c007946:	7aa2                	ld	s5,40(sp)
    1c007948:	7a42                	ld	s4,48(sp)
    1c00794a:	79e2                	ld	s3,56(sp)
    1c00794c:	6906                	ld	s2,64(sp)
    1c00794e:	8522                	mv	a0,s0
    1c007950:	64a6                	ld	s1,72(sp)
    1c007952:	6446                	ld	s0,80(sp)
    1c007954:	6125                	addi	sp,sp,96
    1c007956:	8082                	ret
    1c007958:	1101                	addi	sp,sp,-32
    1c00795a:	e822                	sd	s0,16(sp)
    1c00795c:	ec06                	sd	ra,24(sp)
    1c00795e:	842a                	mv	s0,a0
    1c007960:	8532                	mv	a0,a2
    1c007962:	f8b1560b          	.insn	4, 0xf8b1560b
    1c007966:	6a6030ef          	jal	0x1c00b00c
    1c00796a:	f8b1460b          	.insn	4, 0xf8b1460b
    1c00796e:	0005069b          	sext.w	a3,a0
    1c007972:	8522                	mv	a0,s0
    1c007974:	6442                	ld	s0,16(sp)
    1c007976:	60e2                	ld	ra,24(sp)
    1c007978:	6105                	addi	sp,sp,32
    1c00797a:	b781                	j	0x1c0078ba
    1c00797c:	1141                	addi	sp,sp,-16
    1c00797e:	e022                	sd	s0,0(sp)
    1c007980:	e406                	sd	ra,8(sp)
    1c007982:	842a                	mv	s0,a0
    1c007984:	b13ff0ef          	jal	0x1c007496
    1c007988:	00054863          	bltz	a0,0x1c007998
    1c00798c:	85aa                	mv	a1,a0
    1c00798e:	8522                	mv	a0,s0
    1c007990:	6402                	ld	s0,0(sp)
    1c007992:	60a2                	ld	ra,8(sp)
    1c007994:	0141                	addi	sp,sp,16
    1c007996:	bb21                	j	0x1c0076ae
    1c007998:	6402                	ld	s0,0(sp)
    1c00799a:	60a2                	ld	ra,8(sp)
    1c00799c:	0141                	addi	sp,sp,16
    1c00799e:	8082                	ret
    1c0079a0:	1141                	addi	sp,sp,-16
    1c0079a2:	e022                	sd	s0,0(sp)
    1c0079a4:	e406                	sd	ra,8(sp)
    1c0079a6:	842a                	mv	s0,a0
    1c0079a8:	b19ff0ef          	jal	0x1c0074c0
    1c0079ac:	00054863          	bltz	a0,0x1c0079bc
    1c0079b0:	85aa                	mv	a1,a0
    1c0079b2:	8522                	mv	a0,s0
    1c0079b4:	6402                	ld	s0,0(sp)
    1c0079b6:	60a2                	ld	ra,8(sp)
    1c0079b8:	0141                	addi	sp,sp,16
    1c0079ba:	b9d5                	j	0x1c0076ae
    1c0079bc:	6402                	ld	s0,0(sp)
    1c0079be:	60a2                	ld	ra,8(sp)
    1c0079c0:	0141                	addi	sp,sp,16
    1c0079c2:	8082                	ret
    1c0079c4:	715d                	addi	sp,sp,-80
    1c0079c6:	e85a                	sd	s6,16(sp)
    1c0079c8:	ec56                	sd	s5,24(sp)
    1c0079ca:	f052                	sd	s4,32(sp)
    1c0079cc:	f44e                	sd	s3,40(sp)
    1c0079ce:	f84a                	sd	s2,48(sp)
    1c0079d0:	fc26                	sd	s1,56(sp)
    1c0079d2:	e0a2                	sd	s0,64(sp)
    1c0079d4:	e486                	sd	ra,72(sp)
    1c0079d6:	89aa                	mv	s3,a0
    1c0079d8:	8b32                	mv	s6,a2
    1c0079da:	8a36                	mv	s4,a3
    1c0079dc:	893a                	mv	s2,a4
    1c0079de:	8abe                	mv	s5,a5
    1c0079e0:	f9dff0ef          	jal	0x1c00797c
    1c0079e4:	842a                	mv	s0,a0
    1c0079e6:	00055863          	bgez	a0,0x1c0079f6
    1c0079ea:	4481                	li	s1,0
    1c0079ec:	04090063          	beqz	s2,0x1c007a2c
    1c0079f0:	00892023          	sw	s0,0(s2)
    1c0079f4:	a825                	j	0x1c007a2c
    1c0079f6:	864a                	mv	a2,s2
    1c0079f8:	85a2                	mv	a1,s0
    1c0079fa:	854e                	mv	a0,s3
    1c0079fc:	d03ff0ef          	jal	0x1c0076fe
    1c007a00:	84aa                	mv	s1,a0
    1c007a02:	c921                	beqz	a0,0x1c007a52
    1c007a04:	4508                	lw	a0,8(a0)
    1c007a06:	cf3ff0ef          	jal	0x1c0076f8
    1c007a0a:	0005059b          	sext.w	a1,a0
    1c007a0e:	0070                	addi	a2,sp,12
    1c007a10:	854e                	mv	a0,s3
    1c007a12:	d31ff0ef          	jal	0x1c007742
    1c007a16:	c515                	beqz	a0,0x1c007a42
    1c007a18:	47b2                	lw	a5,12(sp)
    1c007a1a:	03479463          	bne	a5,s4,0x1c007a42
    1c007a1e:	8652                	mv	a2,s4
    1c007a20:	85da                	mv	a1,s6
    1c007a22:	5b2030ef          	jal	0x1c00afd4
    1c007a26:	ed11                	bnez	a0,0x1c007a42
    1c007a28:	020a9263          	bnez	s5,0x1c007a4c
    1c007a2c:	6406                	ld	s0,64(sp)
    1c007a2e:	60a6                	ld	ra,72(sp)
    1c007a30:	6b42                	ld	s6,16(sp)
    1c007a32:	6ae2                	ld	s5,24(sp)
    1c007a34:	7a02                	ld	s4,32(sp)
    1c007a36:	79a2                	ld	s3,40(sp)
    1c007a38:	8526                	mv	a0,s1
    1c007a3a:	7942                	ld	s2,48(sp)
    1c007a3c:	74e2                	ld	s1,56(sp)
    1c007a3e:	6161                	addi	sp,sp,80
    1c007a40:	8082                	ret
    1c007a42:	85a2                	mv	a1,s0
    1c007a44:	854e                	mv	a0,s3
    1c007a46:	f5bff0ef          	jal	0x1c0079a0
    1c007a4a:	bf69                	j	0x1c0079e4
    1c007a4c:	008aa023          	sw	s0,0(s5)
    1c007a50:	bff1                	j	0x1c007a2c
    1c007a52:	544d                	li	s0,-13
    1c007a54:	bf59                	j	0x1c0079ea
    1c007a56:	7179                	addi	sp,sp,-48
    1c007a58:	f022                	sd	s0,32(sp)
    1c007a5a:	f406                	sd	ra,40(sp)
    1c007a5c:	842a                	mv	s0,a0
    1c007a5e:	0551                	addi	a0,a0,20
    1c007a60:	f8d1570b          	.insn	4, 0xf8d1570b
    1c007a64:	fab1560b          	.insn	4, 0xfab1560b
    1c007a68:	c3fff0ef          	jal	0x1c0076a6
    1c007a6c:	2501                	sext.w	a0,a0
    1c007a6e:	f8d1470b          	.insn	4, 0xf8d1470b
    1c007a72:	fab1460b          	.insn	4, 0xfab1460b
    1c007a76:	47bd                	li	a5,15
    1c007a78:	00a7ea63          	bltu	a5,a0,0x1c007a8c
    1c007a7c:	c319                	beqz	a4,0x1c007a82
    1c007a7e:	57d9                	li	a5,-10
    1c007a80:	c31c                	sw	a5,0(a4)
    1c007a82:	7402                	ld	s0,32(sp)
    1c007a84:	70a2                	ld	ra,40(sp)
    1c007a86:	4501                	li	a0,0
    1c007a88:	6145                	addi	sp,sp,48
    1c007a8a:	8082                	ret
    1c007a8c:	8522                	mv	a0,s0
    1c007a8e:	4781                	li	a5,0
    1c007a90:	7402                	ld	s0,32(sp)
    1c007a92:	70a2                	ld	ra,40(sp)
    1c007a94:	6145                	addi	sp,sp,48
    1c007a96:	b73d                	j	0x1c0079c4
    1c007a98:	7179                	addi	sp,sp,-48
    1c007a9a:	ec2e                	sd	a1,24(sp)
    1c007a9c:	f022                	sd	s0,32(sp)
    1c007a9e:	842a                	mv	s0,a0
    1c007aa0:	8532                	mv	a0,a2
    1c007aa2:	f406                	sd	ra,40(sp)
    1c007aa4:	e432                	sd	a2,8(sp)
    1c007aa6:	e836                	sd	a3,16(sp)
    1c007aa8:	564030ef          	jal	0x1c00b00c
    1c007aac:	6622                	ld	a2,8(sp)
    1c007aae:	6742                	ld	a4,16(sp)
    1c007ab0:	70a2                	ld	ra,40(sp)
    1c007ab2:	0005069b          	sext.w	a3,a0
    1c007ab6:	8522                	mv	a0,s0
    1c007ab8:	65e2                	ld	a1,24(sp)
    1c007aba:	7402                	ld	s0,32(sp)
    1c007abc:	6145                	addi	sp,sp,48
    1c007abe:	bf61                	j	0x1c007a56
    1c007ac0:	7179                	addi	sp,sp,-48
    1c007ac2:	007c                	addi	a5,sp,12
    1c007ac4:	ec26                	sd	s1,24(sp)
    1c007ac6:	f022                	sd	s0,32(sp)
    1c007ac8:	f406                	sd	ra,40(sp)
    1c007aca:	84aa                	mv	s1,a0
    1c007acc:	ef9ff0ef          	jal	0x1c0079c4
    1c007ad0:	842a                	mv	s0,a0
    1c007ad2:	c50d                	beqz	a0,0x1c007afc
    1c007ad4:	01448513          	addi	a0,s1,20
    1c007ad8:	bcfff0ef          	jal	0x1c0076a6
    1c007adc:	2501                	sext.w	a0,a0
    1c007ade:	47bd                	li	a5,15
    1c007ae0:	02a7e463          	bltu	a5,a0,0x1c007b08
    1c007ae4:	47b2                	lw	a5,12(sp)
    1c007ae6:	07b1                	addi	a5,a5,12
    1c007ae8:	8b9d                	andi	a5,a5,7
    1c007aea:	cf99                	beqz	a5,0x1c007b08
    1c007aec:	4048                	lw	a0,4(s0)
    1c007aee:	c0bff0ef          	jal	0x1c0076f8
    1c007af2:	2501                	sext.w	a0,a0
    1c007af4:	479d                	li	a5,7
    1c007af6:	00a7f963          	bgeu	a5,a0,0x1c007b08
    1c007afa:	0441                	addi	s0,s0,16
    1c007afc:	70a2                	ld	ra,40(sp)
    1c007afe:	8522                	mv	a0,s0
    1c007b00:	64e2                	ld	s1,24(sp)
    1c007b02:	7402                	ld	s0,32(sp)
    1c007b04:	6145                	addi	sp,sp,48
    1c007b06:	8082                	ret
    1c007b08:	0431                	addi	s0,s0,12
    1c007b0a:	bfcd                	j	0x1c007afc
    1c007b0c:	7179                	addi	sp,sp,-48
    1c007b0e:	ec2e                	sd	a1,24(sp)
    1c007b10:	f022                	sd	s0,32(sp)
    1c007b12:	842a                	mv	s0,a0
    1c007b14:	8532                	mv	a0,a2
    1c007b16:	f406                	sd	ra,40(sp)
    1c007b18:	e432                	sd	a2,8(sp)
    1c007b1a:	e836                	sd	a3,16(sp)
    1c007b1c:	4f0030ef          	jal	0x1c00b00c
    1c007b20:	6622                	ld	a2,8(sp)
    1c007b22:	6742                	ld	a4,16(sp)
    1c007b24:	70a2                	ld	ra,40(sp)
    1c007b26:	0005069b          	sext.w	a3,a0
    1c007b2a:	8522                	mv	a0,s0
    1c007b2c:	65e2                	ld	a1,24(sp)
    1c007b2e:	7402                	ld	s0,32(sp)
    1c007b30:	6145                	addi	sp,sp,48
    1c007b32:	b779                	j	0x1c007ac0
    1c007b34:	7139                	addi	sp,sp,-64
    1c007b36:	f426                	sd	s1,40(sp)
    1c007b38:	f822                	sd	s0,48(sp)
    1c007b3a:	84ae                	mv	s1,a1
    1c007b3c:	1c00c5b7          	lui	a1,0x1c00c
    1c007b40:	fe858593          	addi	a1,a1,-24 # 0x1c00bfe8
    1c007b44:	fc06                	sd	ra,56(sp)
    1c007b46:	e432                	sd	a2,8(sp)
    1c007b48:	842a                	mv	s0,a0
    1c007b4a:	0fc000ef          	jal	0x1c007c46
    1c007b4e:	02054763          	bltz	a0,0x1c007b7c
    1c007b52:	85aa                	mv	a1,a0
    1c007b54:	66a2                	ld	a3,8(sp)
    1c007b56:	0878                	addi	a4,sp,28
    1c007b58:	8626                	mv	a2,s1
    1c007b5a:	8522                	mv	a0,s0
    1c007b5c:	f65ff0ef          	jal	0x1c007ac0
    1c007b60:	cd11                	beqz	a0,0x1c007b7c
    1c007b62:	47f2                	lw	a5,28(sp)
    1c007b64:	00f05c63          	blez	a5,0x1c007b7c
    1c007b68:	97aa                	add	a5,a5,a0
    1c007b6a:	fff7c783          	lbu	a5,-1(a5)
    1c007b6e:	e799                	bnez	a5,0x1c007b7c
    1c007b70:	00054703          	lbu	a4,0(a0)
    1c007b74:	02f00793          	li	a5,47
    1c007b78:	00f70363          	beq	a4,a5,0x1c007b7e
    1c007b7c:	4501                	li	a0,0
    1c007b7e:	70e2                	ld	ra,56(sp)
    1c007b80:	74a2                	ld	s1,40(sp)
    1c007b82:	7442                	ld	s0,48(sp)
    1c007b84:	6121                	addi	sp,sp,64
    1c007b86:	8082                	ret
    1c007b88:	715d                	addi	sp,sp,-80
    1c007b8a:	fc26                	sd	s1,56(sp)
    1c007b8c:	e0a2                	sd	s0,64(sp)
    1c007b8e:	ec56                	sd	s5,24(sp)
    1c007b90:	f052                	sd	s4,32(sp)
    1c007b92:	f44e                	sd	s3,40(sp)
    1c007b94:	f84a                	sd	s2,48(sp)
    1c007b96:	e432                	sd	a2,8(sp)
    1c007b98:	e486                	sd	ra,72(sp)
    1c007b9a:	8a2a                	mv	s4,a0
    1c007b9c:	842e                	mv	s0,a1
    1c007b9e:	d50ff0ef          	jal	0x1c0070ee
    1c007ba2:	84aa                	mv	s1,a0
    1c007ba4:	00054663          	bltz	a0,0x1c007bb0
    1c007ba8:	6622                	ld	a2,8(sp)
    1c007baa:	00c04d63          	bgtz	a2,0x1c007bc4
    1c007bae:	54ed                	li	s1,-5
    1c007bb0:	60a6                	ld	ra,72(sp)
    1c007bb2:	6ae2                	ld	s5,24(sp)
    1c007bb4:	7a02                	ld	s4,32(sp)
    1c007bb6:	79a2                	ld	s3,40(sp)
    1c007bb8:	7942                	ld	s2,48(sp)
    1c007bba:	8526                	mv	a0,s1
    1c007bbc:	74e2                	ld	s1,56(sp)
    1c007bbe:	6406                	ld	s0,64(sp)
    1c007bc0:	6161                	addi	sp,sp,80
    1c007bc2:	8082                	ret
    1c007bc4:	00044703          	lbu	a4,0(s0)
    1c007bc8:	02f00793          	li	a5,47
    1c007bcc:	00c409b3          	add	s3,s0,a2
    1c007bd0:	06f70963          	beq	a4,a5,0x1c007c42
    1c007bd4:	02f00593          	li	a1,47
    1c007bd8:	8522                	mv	a0,s0
    1c007bda:	416030ef          	jal	0x1c00aff0
    1c007bde:	892a                	mv	s2,a0
    1c007be0:	40a9990b          	.insn	4, 0x40a9990b
    1c007be4:	85a2                	mv	a1,s0
    1c007be6:	4089063b          	subw	a2,s2,s0
    1c007bea:	8552                	mv	a0,s4
    1c007bec:	f49ff0ef          	jal	0x1c007b34
    1c007bf0:	85aa                	mv	a1,a0
    1c007bf2:	dd55                	beqz	a0,0x1c007bae
    1c007bf4:	8552                	mv	a0,s4
    1c007bf6:	050000ef          	jal	0x1c007c46
    1c007bfa:	84aa                	mv	s1,a0
    1c007bfc:	844a                	mv	s0,s2
    1c007bfe:	02f00a93          	li	s5,47
    1c007c02:	a825                	j	0x1c007c3a
    1c007c04:	0905                	addi	s2,s2,1
    1c007c06:	fb2985e3          	beq	s3,s2,0x1c007bb0
    1c007c0a:	00094783          	lbu	a5,0(s2)
    1c007c0e:	ff578be3          	beq	a5,s5,0x1c007c04
    1c007c12:	41298633          	sub	a2,s3,s2
    1c007c16:	02f00593          	li	a1,47
    1c007c1a:	854a                	mv	a0,s2
    1c007c1c:	3d4030ef          	jal	0x1c00aff0
    1c007c20:	842a                	mv	s0,a0
    1c007c22:	40a9940b          	.insn	4, 0x40a9940b
    1c007c26:	85a6                	mv	a1,s1
    1c007c28:	412406bb          	subw	a3,s0,s2
    1c007c2c:	864a                	mv	a2,s2
    1c007c2e:	8552                	mv	a0,s4
    1c007c30:	c8bff0ef          	jal	0x1c0078ba
    1c007c34:	84aa                	mv	s1,a0
    1c007c36:	f6054de3          	bltz	a0,0x1c007bb0
    1c007c3a:	f7347be3          	bgeu	s0,s3,0x1c007bb0
    1c007c3e:	8922                	mv	s2,s0
    1c007c40:	b7e9                	j	0x1c007c0a
    1c007c42:	4481                	li	s1,0
    1c007c44:	bf6d                	j	0x1c007bfe
    1c007c46:	1101                	addi	sp,sp,-32
    1c007c48:	e42e                	sd	a1,8(sp)
    1c007c4a:	e822                	sd	s0,16(sp)
    1c007c4c:	842a                	mv	s0,a0
    1c007c4e:	852e                	mv	a0,a1
    1c007c50:	ec06                	sd	ra,24(sp)
    1c007c52:	3ba030ef          	jal	0x1c00b00c
    1c007c56:	60e2                	ld	ra,24(sp)
    1c007c58:	0005061b          	sext.w	a2,a0
    1c007c5c:	8522                	mv	a0,s0
    1c007c5e:	65a2                	ld	a1,8(sp)
    1c007c60:	6442                	ld	s0,16(sp)
    1c007c62:	6105                	addi	sp,sp,32
    1c007c64:	b715                	j	0x1c007b88
    1c007c66:	9005150b          	.insn	4, 0x9005150b
    1c007c6a:	8082                	ret
    1c007c6c:	4108                	lw	a0,0(a0)
    1c007c6e:	9005150b          	.insn	4, 0x9005150b
    1c007c72:	8082                	ret
    1c007c74:	7179                	addi	sp,sp,-48
    1c007c76:	e84a                	sd	s2,16(sp)
    1c007c78:	ec26                	sd	s1,24(sp)
    1c007c7a:	84aa                	mv	s1,a0
    1c007c7c:	0541                	addi	a0,a0,16
    1c007c7e:	e052                	sd	s4,0(sp)
    1c007c80:	e44e                	sd	s3,8(sp)
    1c007c82:	f022                	sd	s0,32(sp)
    1c007c84:	f406                	sd	ra,40(sp)
    1c007c86:	892e                	mv	s2,a1
    1c007c88:	8a32                	mv	s4,a2
    1c007c8a:	fe3ff0ef          	jal	0x1c007c6c
    1c007c8e:	0005041b          	sext.w	s0,a0
    1c007c92:	02700793          	li	a5,39
    1c007c96:	0487fe63          	bgeu	a5,s0,0x1c007cf2
    1c007c9a:	00848513          	addi	a0,s1,8
    1c007c9e:	fcfff0ef          	jal	0x1c007c6c
    1c007ca2:	0089093b          	addw	s2,s2,s0
    1c007ca6:	0005099b          	sext.w	s3,a0
    1c007caa:	4405                	li	s0,1
    1c007cac:	0329ea63          	bltu	s3,s2,0x1c007ce0
    1c007cb0:	00c48513          	addi	a0,s1,12
    1c007cb4:	fb9ff0ef          	jal	0x1c007c6c
    1c007cb8:	0005091b          	sext.w	s2,a0
    1c007cbc:	013a09bb          	addw	s3,s4,s3
    1c007cc0:	03396063          	bltu	s2,s3,0x1c007ce0
    1c007cc4:	00448513          	addi	a0,s1,4
    1c007cc8:	fa5ff0ef          	jal	0x1c007c6c
    1c007ccc:	0005099b          	sext.w	s3,a0
    1c007cd0:	02048513          	addi	a0,s1,32
    1c007cd4:	f99ff0ef          	jal	0x1c007c6c
    1c007cd8:	0125043b          	addw	s0,a0,s2
    1c007cdc:	0089b433          	sltu	s0,s3,s0
    1c007ce0:	8522                	mv	a0,s0
    1c007ce2:	7402                	ld	s0,32(sp)
    1c007ce4:	70a2                	ld	ra,40(sp)
    1c007ce6:	6a02                	ld	s4,0(sp)
    1c007ce8:	69a2                	ld	s3,8(sp)
    1c007cea:	6942                	ld	s2,16(sp)
    1c007cec:	64e2                	ld	s1,24(sp)
    1c007cee:	6145                	addi	sp,sp,48
    1c007cf0:	8082                	ret
    1c007cf2:	4405                	li	s0,1
    1c007cf4:	b7f5                	j	0x1c007ce0
    1c007cf6:	7139                	addi	sp,sp,-64
    1c007cf8:	f426                	sd	s1,40(sp)
    1c007cfa:	f822                	sd	s0,48(sp)
    1c007cfc:	84aa                	mv	s1,a0
    1c007cfe:	0531                	addi	a0,a0,12
    1c007d00:	ec4e                	sd	s3,24(sp)
    1c007d02:	f04a                	sd	s2,32(sp)
    1c007d04:	89ae                	mv	s3,a1
    1c007d06:	e456                	sd	s5,8(sp)
    1c007d08:	e852                	sd	s4,16(sp)
    1c007d0a:	fc06                	sd	ra,56(sp)
    1c007d0c:	8432                	mv	s0,a2
    1c007d0e:	8a36                	mv	s4,a3
    1c007d10:	f5dff0ef          	jal	0x1c007c6c
    1c007d14:	0005091b          	sext.w	s2,a0
    1c007d18:	02048513          	addi	a0,s1,32
    1c007d1c:	f51ff0ef          	jal	0x1c007c6c
    1c007d20:	0125093b          	addw	s2,a0,s2
    1c007d24:	40998733          	sub	a4,s3,s1
    1c007d28:	5571                	li	a0,-4
    1c007d2a:	04044b63          	bltz	s0,0x1c007d80
    1c007d2e:	00e407b3          	add	a5,s0,a4
    1c007d32:	5571                	li	a0,-4
    1c007d34:	04e7e663          	bltu	a5,a4,0x1c007d80
    1c007d38:	7c093a8b          	.insn	4, 0x7c093a8b
    1c007d3c:	04fae263          	bltu	s5,a5,0x1c007d80
    1c007d40:	0499e063          	bltu	s3,s1,0x1c007d80
    1c007d44:	000a079b          	sext.w	a5,s4
    1c007d48:	0004069b          	sext.w	a3,s0
    1c007d4c:	0149073b          	addw	a4,s2,s4
    1c007d50:	02876863          	bltu	a4,s0,0x1c007d80
    1c007d54:	9f95                	subw	a5,a5,a3
    1c007d56:	00448513          	addi	a0,s1,4
    1c007d5a:	0127893b          	addw	s2,a5,s2
    1c007d5e:	f0fff0ef          	jal	0x1c007c6c
    1c007d62:	0005079b          	sext.w	a5,a0
    1c007d66:	5575                	li	a0,-3
    1c007d68:	0127ec63          	bltu	a5,s2,0x1c007d80
    1c007d6c:	008985b3          	add	a1,s3,s0
    1c007d70:	01548633          	add	a2,s1,s5
    1c007d74:	8e0d                	sub	a2,a2,a1
    1c007d76:	01498533          	add	a0,s3,s4
    1c007d7a:	21e030ef          	jal	0x1c00af98
    1c007d7e:	4501                	li	a0,0
    1c007d80:	70e2                	ld	ra,56(sp)
    1c007d82:	6aa2                	ld	s5,8(sp)
    1c007d84:	6a42                	ld	s4,16(sp)
    1c007d86:	69e2                	ld	s3,24(sp)
    1c007d88:	7902                	ld	s2,32(sp)
    1c007d8a:	74a2                	ld	s1,40(sp)
    1c007d8c:	7442                	ld	s0,48(sp)
    1c007d8e:	6121                	addi	sp,sp,64
    1c007d90:	8082                	ret
    1c007d92:	1101                	addi	sp,sp,-32
    1c007d94:	e426                	sd	s1,8(sp)
    1c007d96:	e822                	sd	s0,16(sp)
    1c007d98:	ec06                	sd	ra,24(sp)
    1c007d9a:	842a                	mv	s0,a0
    1c007d9c:	b52ff0ef          	jal	0x1c0070ee
    1c007da0:	02054d63          	bltz	a0,0x1c007dda
    1c007da4:	01440513          	addi	a0,s0,20
    1c007da8:	ec5ff0ef          	jal	0x1c007c6c
    1c007dac:	0005049b          	sext.w	s1,a0
    1c007db0:	47c1                	li	a5,16
    1c007db2:	5559                	li	a0,-10
    1c007db4:	0297f363          	bgeu	a5,s1,0x1c007dda
    1c007db8:	02440513          	addi	a0,s0,36
    1c007dbc:	eb1ff0ef          	jal	0x1c007c6c
    1c007dc0:	0005061b          	sext.w	a2,a0
    1c007dc4:	45c1                	li	a1,16
    1c007dc6:	8522                	mv	a0,s0
    1c007dc8:	eadff0ef          	jal	0x1c007c74
    1c007dcc:	ed01                	bnez	a0,0x1c007de4
    1c007dce:	47c5                	li	a5,17
    1c007dd0:	00f48563          	beq	s1,a5,0x1c007dda
    1c007dd4:	110007b7          	lui	a5,0x11000
    1c007dd8:	c85c                	sw	a5,20(s0)
    1c007dda:	60e2                	ld	ra,24(sp)
    1c007ddc:	64a2                	ld	s1,8(sp)
    1c007dde:	6442                	ld	s0,16(sp)
    1c007de0:	6105                	addi	sp,sp,32
    1c007de2:	8082                	ret
    1c007de4:	5551                	li	a0,-12
    1c007de6:	bfd5                	j	0x1c007dda
    1c007de8:	7179                	addi	sp,sp,-48
    1c007dea:	e44e                	sd	s3,8(sp)
    1c007dec:	e84a                	sd	s2,16(sp)
    1c007dee:	ec26                	sd	s1,24(sp)
    1c007df0:	f022                	sd	s0,32(sp)
    1c007df2:	f406                	sd	ra,40(sp)
    1c007df4:	842a                	mv	s0,a0
    1c007df6:	89b2                	mv	s3,a2
    1c007df8:	84b6                	mv	s1,a3
    1c007dfa:	efdff0ef          	jal	0x1c007cf6
    1c007dfe:	892a                	mv	s2,a0
    1c007e00:	e11d                	bnez	a0,0x1c007e26
    1c007e02:	02440513          	addi	a0,s0,36
    1c007e06:	e67ff0ef          	jal	0x1c007c6c
    1c007e0a:	413484bb          	subw	s1,s1,s3
    1c007e0e:	9d25                	addw	a0,a0,s1
    1c007e10:	e57ff0ef          	jal	0x1c007c66
    1c007e14:	d048                	sw	a0,36(s0)
    1c007e16:	00c40513          	addi	a0,s0,12
    1c007e1a:	e53ff0ef          	jal	0x1c007c6c
    1c007e1e:	9d25                	addw	a0,a0,s1
    1c007e20:	e47ff0ef          	jal	0x1c007c66
    1c007e24:	c448                	sw	a0,12(s0)
    1c007e26:	70a2                	ld	ra,40(sp)
    1c007e28:	64e2                	ld	s1,24(sp)
    1c007e2a:	7402                	ld	s0,32(sp)
    1c007e2c:	854a                	mv	a0,s2
    1c007e2e:	69a2                	ld	s3,8(sp)
    1c007e30:	6942                	ld	s2,16(sp)
    1c007e32:	6145                	addi	sp,sp,48
    1c007e34:	8082                	ret
    1c007e36:	7119                	addi	sp,sp,-128
    1c007e38:	f466                	sd	s9,40(sp)
    1c007e3a:	f862                	sd	s8,48(sp)
    1c007e3c:	fc5e                	sd	s7,56(sp)
    1c007e3e:	e0da                	sd	s6,64(sp)
    1c007e40:	ecce                	sd	s3,88(sp)
    1c007e42:	f0ca                	sd	s2,96(sp)
    1c007e44:	ec6e                	sd	s11,24(sp)
    1c007e46:	f06a                	sd	s10,32(sp)
    1c007e48:	e4d6                	sd	s5,72(sp)
    1c007e4a:	e8d2                	sd	s4,80(sp)
    1c007e4c:	f4a6                	sd	s1,104(sp)
    1c007e4e:	f8a2                	sd	s0,112(sp)
    1c007e50:	fc86                	sd	ra,120(sp)
    1c007e52:	842a                	mv	s0,a0
    1c007e54:	8bb2                	mv	s7,a2
    1c007e56:	89b6                	mv	s3,a3
    1c007e58:	8cba                	mv	s9,a4
    1c007e5a:	e3cff0ef          	jal	0x1c007496
    1c007e5e:	892a                	mv	s2,a0
    1c007e60:	08054263          	bltz	a0,0x1c007ee4
    1c007e64:	00c40493          	addi	s1,s0,12
    1c007e68:	8526                	mv	a0,s1
    1c007e6a:	e03ff0ef          	jal	0x1c007c6c
    1c007e6e:	08850abb          	.insn	4, 0x08850abb
    1c007e72:	855e                	mv	a0,s7
    1c007e74:	198030ef          	jal	0x1c00b00c
    1c007e78:	02040b13          	addi	s6,s0,32
    1c007e7c:	8c2a                	mv	s8,a0
    1c007e7e:	855a                	mv	a0,s6
    1c007e80:	dedff0ef          	jal	0x1c007c6c
    1c007e84:	0005059b          	sext.w	a1,a0
    1c007e88:	865e                	mv	a2,s7
    1c007e8a:	8556                	mv	a0,s5
    1c007e8c:	f3eff0ef          	jal	0x1c0075ca
    1c007e90:	c935                	beqz	a0,0x1c007f04
    1c007e92:	415504bb          	subw	s1,a0,s5
    1c007e96:	4781                	li	a5,0
    1c007e98:	e43e                	sd	a5,8(sp)
    1c007e9a:	0c04cb63          	bltz	s1,0x1c007f70
    1c007e9e:	00840513          	addi	a0,s0,8
    1c007ea2:	dcbff0ef          	jal	0x1c007c6c
    1c007ea6:	092505bb          	.insn	4, 0x092505bb
    1c007eaa:	0039869b          	addiw	a3,s3,3
    1c007eae:	9af1                	andi	a3,a3,-4
    1c007eb0:	95a2                	add	a1,a1,s0
    1c007eb2:	26b1                	addiw	a3,a3,12
    1c007eb4:	4601                	li	a2,0
    1c007eb6:	8522                	mv	a0,s0
    1c007eb8:	00bcb023          	sd	a1,0(s9)
    1c007ebc:	f2dff0ef          	jal	0x1c007de8
    1c007ec0:	67a2                	ld	a5,8(sp)
    1c007ec2:	00098a1b          	sext.w	s4,s3
    1c007ec6:	892a                	mv	s2,a0
    1c007ec8:	c549                	beqz	a0,0x1c007f52
    1c007eca:	cf89                	beqz	a5,0x1c007ee4
    1c007ecc:	855e                	mv	a0,s7
    1c007ece:	13e030ef          	jal	0x1c00b00c
    1c007ed2:	84aa                	mv	s1,a0
    1c007ed4:	855a                	mv	a0,s6
    1c007ed6:	d97ff0ef          	jal	0x1c007c6c
    1c007eda:	357d                	addiw	a0,a0,-1
    1c007edc:	9d05                	subw	a0,a0,s1
    1c007ede:	d89ff0ef          	jal	0x1c007c66
    1c007ee2:	d008                	sw	a0,32(s0)
    1c007ee4:	70e6                	ld	ra,120(sp)
    1c007ee6:	6de2                	ld	s11,24(sp)
    1c007ee8:	7d02                	ld	s10,32(sp)
    1c007eea:	7ca2                	ld	s9,40(sp)
    1c007eec:	7c42                	ld	s8,48(sp)
    1c007eee:	7be2                	ld	s7,56(sp)
    1c007ef0:	6b06                	ld	s6,64(sp)
    1c007ef2:	6aa6                	ld	s5,72(sp)
    1c007ef4:	6a46                	ld	s4,80(sp)
    1c007ef6:	74a6                	ld	s1,104(sp)
    1c007ef8:	7446                	ld	s0,112(sp)
    1c007efa:	854a                	mv	a0,s2
    1c007efc:	69e6                	ld	s3,88(sp)
    1c007efe:	7906                	ld	s2,96(sp)
    1c007f00:	6109                	addi	sp,sp,128
    1c007f02:	8082                	ret
    1c007f04:	855a                	mv	a0,s6
    1c007f06:	d67ff0ef          	jal	0x1c007c6c
    1c007f0a:	7c053a0b          	.insn	4, 0x7c053a0b
    1c007f0e:	00050d9b          	sext.w	s11,a0
    1c007f12:	8526                	mv	a0,s1
    1c007f14:	d59ff0ef          	jal	0x1c007c6c
    1c007f18:	094505bb          	.insn	4, 0x094505bb
    1c007f1c:	2c05                	addiw	s8,s8,1
    1c007f1e:	86e2                	mv	a3,s8
    1c007f20:	4601                	li	a2,0
    1c007f22:	95a2                	add	a1,a1,s0
    1c007f24:	8522                	mv	a0,s0
    1c007f26:	dd1ff0ef          	jal	0x1c007cf6
    1c007f2a:	84aa                	mv	s1,a0
    1c007f2c:	4781                	li	a5,0
    1c007f2e:	f52d                	bnez	a0,0x1c007e98
    1c007f30:	855a                	mv	a0,s6
    1c007f32:	d3bff0ef          	jal	0x1c007c6c
    1c007f36:	00ac053b          	addw	a0,s8,a0
    1c007f3a:	d2dff0ef          	jal	0x1c007c66
    1c007f3e:	8662                	mv	a2,s8
    1c007f40:	d008                	sw	a0,32(s0)
    1c007f42:	85de                	mv	a1,s7
    1c007f44:	014a8533          	add	a0,s5,s4
    1c007f48:	006030ef          	jal	0x1c00af4e
    1c007f4c:	84ee                	mv	s1,s11
    1c007f4e:	4785                	li	a5,1
    1c007f50:	b7a1                	j	0x1c007e98
    1c007f52:	000cb403          	ld	s0,0(s9)
    1c007f56:	030007b7          	lui	a5,0x3000
    1c007f5a:	0004851b          	sext.w	a0,s1
    1c007f5e:	c01c                	sw	a5,0(s0)
    1c007f60:	d07ff0ef          	jal	0x1c007c66
    1c007f64:	c408                	sw	a0,8(s0)
    1c007f66:	8552                	mv	a0,s4
    1c007f68:	cffff0ef          	jal	0x1c007c66
    1c007f6c:	c048                	sw	a0,4(s0)
    1c007f6e:	bf9d                	j	0x1c007ee4
    1c007f70:	8926                	mv	s2,s1
    1c007f72:	bf8d                	j	0x1c007ee4
    1c007f74:	715d                	addi	sp,sp,-80
    1c007f76:	f44e                	sd	s3,40(sp)
    1c007f78:	f84a                	sd	s2,48(sp)
    1c007f7a:	fc26                	sd	s1,56(sp)
    1c007f7c:	e0a2                	sd	s0,64(sp)
    1c007f7e:	ec56                	sd	s5,24(sp)
    1c007f80:	f052                	sd	s4,32(sp)
    1c007f82:	e486                	sd	ra,72(sp)
    1c007f84:	842a                	mv	s0,a0
    1c007f86:	89ae                	mv	s3,a1
    1c007f88:	8a32                	mv	s4,a2
    1c007f8a:	84b6                	mv	s1,a3
    1c007f8c:	893a                	mv	s2,a4
    1c007f8e:	e05ff0ef          	jal	0x1c007d92
    1c007f92:	ed11                	bnez	a0,0x1c007fae
    1c007f94:	0054                	addi	a3,sp,4
    1c007f96:	8652                	mv	a2,s4
    1c007f98:	85ce                	mv	a1,s3
    1c007f9a:	8522                	mv	a0,s0
    1c007f9c:	afdff0ef          	jal	0x1c007a98
    1c007fa0:	e42a                	sd	a0,8(sp)
    1c007fa2:	ed19                	bnez	a0,0x1c007fc0
    1c007fa4:	4512                	lw	a0,4(sp)
    1c007fa6:	57fd                	li	a5,-1
    1c007fa8:	04f50a63          	beq	a0,a5,0x1c007ffc
    1c007fac:	cd1d                	beqz	a0,0x1c007fea
    1c007fae:	60a6                	ld	ra,72(sp)
    1c007fb0:	6ae2                	ld	s5,24(sp)
    1c007fb2:	7a02                	ld	s4,32(sp)
    1c007fb4:	79a2                	ld	s3,40(sp)
    1c007fb6:	7942                	ld	s2,48(sp)
    1c007fb8:	74e2                	ld	s1,56(sp)
    1c007fba:	6406                	ld	s0,64(sp)
    1c007fbc:	6161                	addi	sp,sp,80
    1c007fbe:	8082                	ret
    1c007fc0:	4612                	lw	a2,4(sp)
    1c007fc2:	0034869b          	addiw	a3,s1,3
    1c007fc6:	9af1                	andi	a3,a3,-4
    1c007fc8:	260d                	addiw	a2,a2,3
    1c007fca:	9a71                	andi	a2,a2,-4
    1c007fcc:	00c50593          	addi	a1,a0,12
    1c007fd0:	2681                	sext.w	a3,a3
    1c007fd2:	8522                	mv	a0,s0
    1c007fd4:	2601                	sext.w	a2,a2
    1c007fd6:	00048a9b          	sext.w	s5,s1
    1c007fda:	e0fff0ef          	jal	0x1c007de8
    1c007fde:	ed01                	bnez	a0,0x1c007ff6
    1c007fe0:	8556                	mv	a0,s5
    1c007fe2:	c85ff0ef          	jal	0x1c007c66
    1c007fe6:	67a2                	ld	a5,8(sp)
    1c007fe8:	c3c8                	sw	a0,4(a5)
    1c007fea:	67a2                	ld	a5,8(sp)
    1c007fec:	4501                	li	a0,0
    1c007fee:	07b1                	addi	a5,a5,12 # 0x300000c
    1c007ff0:	00f93023          	sd	a5,0(s2)
    1c007ff4:	bf6d                	j	0x1c007fae
    1c007ff6:	57fd                	li	a5,-1
    1c007ff8:	faf51be3          	bne	a0,a5,0x1c007fae
    1c007ffc:	0038                	addi	a4,sp,8
    1c007ffe:	86a6                	mv	a3,s1
    1c008000:	8652                	mv	a2,s4
    1c008002:	85ce                	mv	a1,s3
    1c008004:	8522                	mv	a0,s0
    1c008006:	e31ff0ef          	jal	0x1c007e36
    1c00800a:	b74d                	j	0x1c007fac
    1c00800c:	7179                	addi	sp,sp,-48
    1c00800e:	f022                	sd	s0,32(sp)
    1c008010:	f406                	sd	ra,40(sp)
    1c008012:	843a                	mv	s0,a4
    1c008014:	e84a                	sd	s2,16(sp)
    1c008016:	ec26                	sd	s1,24(sp)
    1c008018:	8936                	mv	s2,a3
    1c00801a:	0038                	addi	a4,sp,8
    1c00801c:	86a2                	mv	a3,s0
    1c00801e:	f57ff0ef          	jal	0x1c007f74
    1c008022:	84aa                	mv	s1,a0
    1c008024:	e519                	bnez	a0,0x1c008032
    1c008026:	c411                	beqz	s0,0x1c008032
    1c008028:	6522                	ld	a0,8(sp)
    1c00802a:	8622                	mv	a2,s0
    1c00802c:	85ca                	mv	a1,s2
    1c00802e:	721020ef          	jal	0x1c00af4e
    1c008032:	7402                	ld	s0,32(sp)
    1c008034:	70a2                	ld	ra,40(sp)
    1c008036:	8526                	mv	a0,s1
    1c008038:	6942                	ld	s2,16(sp)
    1c00803a:	64e2                	ld	s1,24(sp)
    1c00803c:	6145                	addi	sp,sp,48
    1c00803e:	8082                	ret
    1c008040:	711d                	addi	sp,sp,-96
    1c008042:	f05a                	sd	s6,32(sp)
    1c008044:	f456                	sd	s5,40(sp)
    1c008046:	e8a2                	sd	s0,80(sp)
    1c008048:	ec86                	sd	ra,88(sp)
    1c00804a:	f852                	sd	s4,48(sp)
    1c00804c:	fc4e                	sd	s3,56(sp)
    1c00804e:	e0ca                	sd	s2,64(sp)
    1c008050:	e4a6                	sd	s1,72(sp)
    1c008052:	e42e                	sd	a1,8(sp)
    1c008054:	842a                	mv	s0,a0
    1c008056:	8b32                	mv	s6,a2
    1c008058:	89b6                	mv	s3,a3
    1c00805a:	d39ff0ef          	jal	0x1c007d92
    1c00805e:	e959                	bnez	a0,0x1c0080f4
    1c008060:	65a2                	ld	a1,8(sp)
    1c008062:	86ce                	mv	a3,s3
    1c008064:	865a                	mv	a2,s6
    1c008066:	8522                	mv	a0,s0
    1c008068:	853ff0ef          	jal	0x1c0078ba
    1c00806c:	08055e63          	bgez	a0,0x1c008108
    1c008070:	57fd                	li	a5,-1
    1c008072:	65a2                	ld	a1,8(sp)
    1c008074:	08f51063          	bne	a0,a5,0x1c0080f4
    1c008078:	0870                	addi	a2,sp,28
    1c00807a:	8522                	mv	a0,s0
    1c00807c:	ae8ff0ef          	jal	0x1c007364
    1c008080:	0005079b          	sext.w	a5,a0
    1c008084:	4705                	li	a4,1
    1c008086:	554d                	li	a0,-13
    1c008088:	06e79663          	bne	a5,a4,0x1c0080f4
    1c00808c:	4485                	li	s1,1
    1c00808e:	4af2                	lw	s5,28(sp)
    1c008090:	0870                	addi	a2,sp,28
    1c008092:	8522                	mv	a0,s0
    1c008094:	85d6                	mv	a1,s5
    1c008096:	aceff0ef          	jal	0x1c007364
    1c00809a:	3575                	addiw	a0,a0,-3
    1c00809c:	fea4f9e3          	bgeu	s1,a0,0x1c00808e
    1c0080a0:	00840513          	addi	a0,s0,8
    1c0080a4:	bc9ff0ef          	jal	0x1c007c6c
    1c0080a8:	09550a3b          	.insn	4, 0x09550a3b
    1c0080ac:	0049849b          	addiw	s1,s3,4
    1c0080b0:	98f1                	andi	s1,s1,-4
    1c0080b2:	01440933          	add	s2,s0,s4
    1c0080b6:	24a1                	addiw	s1,s1,8
    1c0080b8:	86a6                	mv	a3,s1
    1c0080ba:	4601                	li	a2,0
    1c0080bc:	85ca                	mv	a1,s2
    1c0080be:	8522                	mv	a0,s0
    1c0080c0:	d29ff0ef          	jal	0x1c007de8
    1c0080c4:	e905                	bnez	a0,0x1c0080f4
    1c0080c6:	010007b7          	lui	a5,0x1000
    1c0080ca:	4144578b          	.insn	4, 0x4144578b
    1c0080ce:	00490793          	addi	a5,s2,4
    1c0080d2:	853e                	mv	a0,a5
    1c0080d4:	4581                	li	a1,0
    1c0080d6:	00498613          	addi	a2,s3,4
    1c0080da:	9a71                	andi	a2,a2,-4
    1c0080dc:	663020ef          	jal	0x1c00af3e
    1c0080e0:	864e                	mv	a2,s3
    1c0080e2:	85da                	mv	a1,s6
    1c0080e4:	66b020ef          	jal	0x1c00af4e
    1c0080e8:	94ca                	add	s1,s1,s2
    1c0080ea:	020007b7          	lui	a5,0x2000
    1c0080ee:	8556                	mv	a0,s5
    1c0080f0:	fef4ae23          	sw	a5,-4(s1)
    1c0080f4:	6446                	ld	s0,80(sp)
    1c0080f6:	60e6                	ld	ra,88(sp)
    1c0080f8:	7b02                	ld	s6,32(sp)
    1c0080fa:	7aa2                	ld	s5,40(sp)
    1c0080fc:	7a42                	ld	s4,48(sp)
    1c0080fe:	79e2                	ld	s3,56(sp)
    1c008100:	6906                	ld	s2,64(sp)
    1c008102:	64a6                	ld	s1,72(sp)
    1c008104:	6125                	addi	sp,sp,96
    1c008106:	8082                	ret
    1c008108:	5579                	li	a0,-2
    1c00810a:	b7ed                	j	0x1c0080f4
    1c00810c:	1101                	addi	sp,sp,-32
    1c00810e:	e822                	sd	s0,16(sp)
    1c008110:	ec06                	sd	ra,24(sp)
    1c008112:	842a                	mv	s0,a0
    1c008114:	8532                	mv	a0,a2
    1c008116:	f8b1560b          	.insn	4, 0xf8b1560b
    1c00811a:	6f3020ef          	jal	0x1c00b00c
    1c00811e:	f8b1460b          	.insn	4, 0xf8b1460b
    1c008122:	0005069b          	sext.w	a3,a0
    1c008126:	8522                	mv	a0,s0
    1c008128:	6442                	ld	s0,16(sp)
    1c00812a:	60e2                	ld	ra,24(sp)
    1c00812c:	6105                	addi	sp,sp,32
    1c00812e:	bf09                	j	0x1c008040
    1c008130:	02a04463          	bgtz	a0,0x1c008158
    1c008134:	c51d                	beqz	a0,0x1c008162
    1c008136:	57b5                	li	a5,-19
    1c008138:	00f54b63          	blt	a0,a5,0x1c00814e
    1c00813c:	40a0053b          	negw	a0,a0
    1c008140:	1c00c7b7          	lui	a5,0x1c00c
    1c008144:	1e078793          	addi	a5,a5,480 # 0x1c00c1e0
    1c008148:	66a7c50b          	.insn	4, 0x66a7c50b
    1c00814c:	e509                	bnez	a0,0x1c008156
    1c00814e:	1c00c537          	lui	a0,0x1c00c
    1c008152:	ff850513          	addi	a0,a0,-8 # 0x1c00bff8
    1c008156:	8082                	ret
    1c008158:	1c00c537          	lui	a0,0x1c00c
    1c00815c:	01850513          	addi	a0,a0,24 # 0x1c00c018
    1c008160:	8082                	ret
    1c008162:	1c00c537          	lui	a0,0x1c00c
    1c008166:	00850513          	addi	a0,a0,8 # 0x1c00c008
    1c00816a:	8082                	ret
    1c00816c:	7179                	addi	sp,sp,-48
    1c00816e:	ec26                	sd	s1,24(sp)
    1c008170:	f022                	sd	s0,32(sp)
    1c008172:	8436                	mv	s0,a3
    1c008174:	0074                	addi	a3,sp,12
    1c008176:	f406                	sd	ra,40(sp)
    1c008178:	84b2                	mv	s1,a2
    1c00817a:	993ff0ef          	jal	0x1c007b0c
    1c00817e:	c50d                	beqz	a0,0x1c0081a8
    1c008180:	45b2                	lw	a1,12(sp)
    1c008182:	4681                	li	a3,0
    1c008184:	4781                	li	a5,0
    1c008186:	8425b60b          	.insn	4, 0x8425b60b
    1c00818a:	02c69163          	bne	a3,a2,0x1c0081ac
    1c00818e:	4721                	li	a4,8
    1c008190:	02b77863          	bgeu	a4,a1,0x1c0081c0
    1c008194:	fe07b70b          	.insn	4, 0xfe07b70b
    1c008198:	c705                	beqz	a4,0x1c0081c0
    1c00819a:	1c00c537          	lui	a0,0x1c00c
    1c00819e:	28050513          	addi	a0,a0,640 # 0x1c00c280
    1c0081a2:	85a6                	mv	a1,s1
    1c0081a4:	181020ef          	jal	0x1c00ab24
    1c0081a8:	557d                	li	a0,-1
    1c0081aa:	a829                	j	0x1c0081c4
    1c0081ac:	44d5470b          	.insn	4, 0x44d5470b
    1c0081b0:	1782                	slli	a5,a5,0x20
    1c0081b2:	9007170b          	.insn	4, 0x9007170b
    1c0081b6:	7c07370b          	.insn	4, 0x7c07370b
    1c0081ba:	8fd9                	or	a5,a5,a4
    1c0081bc:	0685                	addi	a3,a3,1
    1c0081be:	b7f1                	j	0x1c00818a
    1c0081c0:	4501                	li	a0,0
    1c0081c2:	e01c                	sd	a5,0(s0)
    1c0081c4:	70a2                	ld	ra,40(sp)
    1c0081c6:	64e2                	ld	s1,24(sp)
    1c0081c8:	7402                	ld	s0,32(sp)
    1c0081ca:	6145                	addi	sp,sp,48
    1c0081cc:	8082                	ret
    1c0081ce:	86b2                	mv	a3,a2
    1c0081d0:	1c00c637          	lui	a2,0x1c00c
    1c0081d4:	2a060613          	addi	a2,a2,672 # 0x1c00c2a0
    1c0081d8:	bf51                	j	0x1c00816c
    1c0081da:	86b2                	mv	a3,a2
    1c0081dc:	1c00c637          	lui	a2,0x1c00c
    1c0081e0:	2a860613          	addi	a2,a2,680 # 0x1c00c2a8
    1c0081e4:	b761                	j	0x1c00816c
    1c0081e6:	1101                	addi	sp,sp,-32
    1c0081e8:	e822                	sd	s0,16(sp)
    1c0081ea:	ec06                	sd	ra,24(sp)
    1c0081ec:	8432                	mv	s0,a2
    1c0081ee:	0074                	addi	a3,sp,12
    1c0081f0:	1c00c637          	lui	a2,0x1c00c
    1c0081f4:	2b060613          	addi	a2,a2,688 # 0x1c00c2b0
    1c0081f8:	915ff0ef          	jal	0x1c007b0c
    1c0081fc:	60e2                	ld	ra,24(sp)
    1c0081fe:	e008                	sd	a0,0(s0)
    1c008200:	00153513          	seqz	a0,a0
    1c008204:	6442                	ld	s0,16(sp)
    1c008206:	0005250b          	.insn	4, 0x0005250b
    1c00820a:	6105                	addi	sp,sp,32
    1c00820c:	8082                	ret
    1c00820e:	7179                	addi	sp,sp,-48
    1c008210:	ec26                	sd	s1,24(sp)
    1c008212:	f022                	sd	s0,32(sp)
    1c008214:	84b2                	mv	s1,a2
    1c008216:	8436                	mv	s0,a3
    1c008218:	1c00c637          	lui	a2,0x1c00c
    1c00821c:	2b860613          	addi	a2,a2,696 # 0x1c00c2b8
    1c008220:	0074                	addi	a3,sp,12
    1c008222:	f406                	sd	ra,40(sp)
    1c008224:	8e9ff0ef          	jal	0x1c007b0c
    1c008228:	e088                	sd	a0,0(s1)
    1c00822a:	c909                	beqz	a0,0x1c00823c
    1c00822c:	47b2                	lw	a5,12(sp)
    1c00822e:	4501                	li	a0,0
    1c008230:	64e2                	ld	s1,24(sp)
    1c008232:	70a2                	ld	ra,40(sp)
    1c008234:	c01c                	sw	a5,0(s0)
    1c008236:	7402                	ld	s0,32(sp)
    1c008238:	6145                	addi	sp,sp,48
    1c00823a:	8082                	ret
    1c00823c:	4781                	li	a5,0
    1c00823e:	557d                	li	a0,-1
    1c008240:	bfc5                	j	0x1c008230
    1c008242:	7171                	addi	sp,sp,-176
    1c008244:	f4de                	sd	s7,104(sp)
    1c008246:	f8da                	sd	s6,112(sp)
    1c008248:	fcd6                	sd	s5,120(sp)
    1c00824a:	e152                	sd	s4,128(sp)
    1c00824c:	e54e                	sd	s3,136(sp)
    1c00824e:	e94a                	sd	s2,144(sp)
    1c008250:	ed26                	sd	s1,152(sp)
    1c008252:	f122                	sd	s0,160(sp)
    1c008254:	f506                	sd	ra,168(sp)
    1c008256:	892a                	mv	s2,a0
    1c008258:	89b2                	mv	s3,a2
    1c00825a:	8a36                	mv	s4,a3
    1c00825c:	b16ff0ef          	jal	0x1c007572
    1c008260:	84aa                	mv	s1,a0
    1c008262:	5479                	li	s0,-2
    1c008264:	1c00cab7          	lui	s5,0x1c00c
    1c008268:	1c00cb37          	lui	s6,0x1c00c
    1c00826c:	1c00cbb7          	lui	s7,0x1c00c
    1c008270:	0004de63          	bgez	s1,0x1c00828c
    1c008274:	70aa                	ld	ra,168(sp)
    1c008276:	7ba6                	ld	s7,104(sp)
    1c008278:	7b46                	ld	s6,112(sp)
    1c00827a:	7ae6                	ld	s5,120(sp)
    1c00827c:	6a0a                	ld	s4,128(sp)
    1c00827e:	69aa                	ld	s3,136(sp)
    1c008280:	694a                	ld	s2,144(sp)
    1c008282:	8522                	mv	a0,s0
    1c008284:	64ea                	ld	s1,152(sp)
    1c008286:	740a                	ld	s0,160(sp)
    1c008288:	614d                	addi	sp,sp,176
    1c00828a:	8082                	ret
    1c00828c:	4601                	li	a2,0
    1c00828e:	85a6                	mv	a1,s1
    1c008290:	854a                	mv	a0,s2
    1c008292:	da6ff0ef          	jal	0x1c007838
    1c008296:	4611                	li	a2,4
    1c008298:	2c0a8593          	addi	a1,s5,704 # 0x1c00c2c0
    1c00829c:	59f020ef          	jal	0x1c00b03a
    1c0082a0:	e10d                	bnez	a0,0x1c0082c2
    1c0082a2:	0810                	addi	a2,sp,16
    1c0082a4:	85a6                	mv	a1,s1
    1c0082a6:	854a                	mv	a0,s2
    1c0082a8:	f3fff0ef          	jal	0x1c0081e6
    1c0082ac:	e919                	bnez	a0,0x1c0082c2
    1c0082ae:	6542                	ld	a0,16(sp)
    1c0082b0:	2c8b0593          	addi	a1,s6,712 # 0x1c00c2c8
    1c0082b4:	56b020ef          	jal	0x1c00b01e
    1c0082b8:	c919                	beqz	a0,0x1c0082ce
    1c0082ba:	2d0b8513          	addi	a0,s7,720 # 0x1c00c2d0
    1c0082be:	0cd020ef          	jal	0x1c00ab8a
    1c0082c2:	85a6                	mv	a1,s1
    1c0082c4:	854a                	mv	a0,s2
    1c0082c6:	accff0ef          	jal	0x1c007592
    1c0082ca:	84aa                	mv	s1,a0
    1c0082cc:	b755                	j	0x1c008270
    1c0082ce:	0074                	addi	a3,sp,12
    1c0082d0:	0830                	addi	a2,sp,24
    1c0082d2:	85a6                	mv	a1,s1
    1c0082d4:	854a                	mv	a0,s2
    1c0082d6:	f39ff0ef          	jal	0x1c00820e
    1c0082da:	f565                	bnez	a0,0x1c0082c2
    1c0082dc:	4732                	lw	a4,12(sp)
    1c0082de:	02000793          	li	a5,32
    1c0082e2:	02f71d63          	bne	a4,a5,0x1c00831c
    1c0082e6:	65e2                	ld	a1,24(sp)
    1c0082e8:	02000613          	li	a2,32
    1c0082ec:	1008                	addi	a0,sp,32
    1c0082ee:	461020ef          	jal	0x1c00af4e
    1c0082f2:	0090                	addi	a2,sp,64
    1c0082f4:	85d2                	mv	a1,s4
    1c0082f6:	854e                	mv	a0,s3
    1c0082f8:	74d020ef          	jal	0x1c00b244
    1c0082fc:	842a                	mv	s0,a0
    1c0082fe:	f93d                	bnez	a0,0x1c008274
    1c008300:	02000613          	li	a2,32
    1c008304:	100c                	addi	a1,sp,32
    1c008306:	0088                	addi	a0,sp,64
    1c008308:	4cd020ef          	jal	0x1c00afd4
    1c00830c:	842a                	mv	s0,a0
    1c00830e:	d955                	beqz	a0,0x1c0082c2
    1c008310:	1c00c537          	lui	a0,0x1c00c
    1c008314:	2e850513          	addi	a0,a0,744 # 0x1c00c2e8
    1c008318:	073020ef          	jal	0x1c00ab8a
    1c00831c:	5429                	li	s0,-22
    1c00831e:	bf99                	j	0x1c008274
    1c008320:	1c00e6b7          	lui	a3,0x1c00e
    1c008324:	0b868793          	addi	a5,a3,184 # 0x1c00e0b8
    1c008328:	49425737          	lui	a4,0x49425
    1c00832c:	34f70713          	addi	a4,a4,847 # 0x4942534f
    1c008330:	882a                	mv	a6,a0
    1c008332:	e398                	sd	a4,0(a5)
    1c008334:	4501                	li	a0,0
    1c008336:	4709                	li	a4,2
    1c008338:	0207b423          	sd	zero,40(a5)
    1c00833c:	e798                	sd	a4,8(a5)
    1c00833e:	eb90                	sd	a2,16(a5)
    1c008340:	4705                	li	a4,1
    1c008342:	0b868613          	addi	a2,a3,184
    1c008346:	ef98                	sd	a4,24(a5)
    1c008348:	0207b023          	sd	zero,32(a5)
    1c00834c:	8802                	jr	a6
    1c00834e:	1141                	addi	sp,sp,-16
    1c008350:	21a00537          	lui	a0,0x21a00
    1c008354:	e406                	sd	ra,8(sp)
    1c008356:	818fe0ef          	jal	0x1c00636e
    1c00835a:	ed09                	bnez	a0,0x1c008374
    1c00835c:	21a007b7          	lui	a5,0x21a00
    1c008360:	439c                	lw	a5,0(a5)
    1c008362:	d00e0737          	lui	a4,0xd00e0
    1c008366:	eed70713          	addi	a4,a4,-275 # 0xffffffffd00dfeed
    1c00836a:	9007978b          	.insn	4, 0x9007978b
    1c00836e:	00e78363          	beq	a5,a4,0x1c008374
    1c008372:	5529                	li	a0,-22
    1c008374:	60a2                	ld	ra,8(sp)
    1c008376:	0141                	addi	sp,sp,16
    1c008378:	8082                	ret
    1c00837a:	21a007b7          	lui	a5,0x21a00
    1c00837e:	4398                	lw	a4,0(a5)
    1c008380:	d00e06b7          	lui	a3,0xd00e0
    1c008384:	eed68693          	addi	a3,a3,-275 # 0xffffffffd00dfeed
    1c008388:	9007170b          	.insn	4, 0x9007170b
    1c00838c:	57a9                	li	a5,-22
    1c00838e:	22d71763          	bne	a4,a3,0x1c0085bc
    1c008392:	7175                	addi	sp,sp,-144
    1c008394:	1c00c5b7          	lui	a1,0x1c00c
    1c008398:	30058593          	addi	a1,a1,768 # 0x1c00c300
    1c00839c:	21a00537          	lui	a0,0x21a00
    1c0083a0:	f46e                	sd	s11,40(sp)
    1c0083a2:	f86a                	sd	s10,48(sp)
    1c0083a4:	fc66                	sd	s9,56(sp)
    1c0083a6:	e0e2                	sd	s8,64(sp)
    1c0083a8:	e4de                	sd	s7,72(sp)
    1c0083aa:	e8da                	sd	s6,80(sp)
    1c0083ac:	ecd6                	sd	s5,88(sp)
    1c0083ae:	f0d2                	sd	s4,96(sp)
    1c0083b0:	f4ce                	sd	s3,104(sp)
    1c0083b2:	f8ca                	sd	s2,112(sp)
    1c0083b4:	fca6                	sd	s1,120(sp)
    1c0083b6:	e122                	sd	s0,128(sp)
    1c0083b8:	e506                	sd	ra,136(sp)
    1c0083ba:	88dff0ef          	jal	0x1c007c46
    1c0083be:	85aa                	mv	a1,a0
    1c0083c0:	00055a63          	bgez	a0,0x1c0083d4
    1c0083c4:	1c00c537          	lui	a0,0x1c00c
    1c0083c8:	30850513          	addi	a0,a0,776 # 0x1c00c308
    1c0083cc:	e42e                	sd	a1,8(sp)
    1c0083ce:	756020ef          	jal	0x1c00ab24
    1c0083d2:	65a2                	ld	a1,8(sp)
    1c0083d4:	21a00537          	lui	a0,0x21a00
    1c0083d8:	99aff0ef          	jal	0x1c007572
    1c0083dc:	842a                	mv	s0,a0
    1c0083de:	4901                	li	s2,0
    1c0083e0:	4481                	li	s1,0
    1c0083e2:	4981                	li	s3,0
    1c0083e4:	1c00cc37          	lui	s8,0x1c00c
    1c0083e8:	1c00ccb7          	lui	s9,0x1c00c
    1c0083ec:	1c00cd37          	lui	s10,0x1c00c
    1c0083f0:	1c00cdb7          	lui	s11,0x1c00c
    1c0083f4:	02045463          	bgez	s0,0x1c00841c
    1c0083f8:	00090a63          	beqz	s2,0x1c00840c
    1c0083fc:	6f2010ef          	jal	0x1c009aee
    1c008400:	862a                	mv	a2,a0
    1c008402:	200005b7          	lui	a1,0x20000
    1c008406:	854a                	mv	a0,s2
    1c008408:	3bc000ef          	jal	0x1c0087c4
    1c00840c:	18048863          	beqz	s1,0x1c00859c
    1c008410:	864e                	mv	a2,s3
    1c008412:	85ca                	mv	a1,s2
    1c008414:	8526                	mv	a0,s1
    1c008416:	f0bff0ef          	jal	0x1c008320
    1c00841a:	a855                	j	0x1c0084ce
    1c00841c:	1c00c7b7          	lui	a5,0x1c00c
    1c008420:	0814                	addi	a3,sp,16
    1c008422:	32878613          	addi	a2,a5,808 # 0x1c00c328
    1c008426:	85a2                	mv	a1,s0
    1c008428:	21a00537          	lui	a0,0x21a00
    1c00842c:	ee0ff0ef          	jal	0x1c007b0c
    1c008430:	8aaa                	mv	s5,a0
    1c008432:	e90d                	bnez	a0,0x1c008464
    1c008434:	45c2                	lw	a1,16(sp)
    1c008436:	1c00c537          	lui	a0,0x1c00c
    1c00843a:	33050513          	addi	a0,a0,816 # 0x1c00c330
    1c00843e:	6e6020ef          	jal	0x1c00ab24
    1c008442:	47c2                	lw	a5,16(sp)
    1c008444:	60aa                	ld	ra,136(sp)
    1c008446:	7da2                	ld	s11,40(sp)
    1c008448:	7d42                	ld	s10,48(sp)
    1c00844a:	7ce2                	ld	s9,56(sp)
    1c00844c:	6c06                	ld	s8,64(sp)
    1c00844e:	6ba6                	ld	s7,72(sp)
    1c008450:	6b46                	ld	s6,80(sp)
    1c008452:	6ae6                	ld	s5,88(sp)
    1c008454:	7a06                	ld	s4,96(sp)
    1c008456:	79a6                	ld	s3,104(sp)
    1c008458:	7946                	ld	s2,112(sp)
    1c00845a:	74e6                	ld	s1,120(sp)
    1c00845c:	640a                	ld	s0,128(sp)
    1c00845e:	853e                	mv	a0,a5
    1c008460:	6149                	addi	sp,sp,144
    1c008462:	8082                	ret
    1c008464:	1c00c7b7          	lui	a5,0x1c00c
    1c008468:	35078593          	addi	a1,a5,848 # 0x1c00c350
    1c00846c:	3b3020ef          	jal	0x1c00b01e
    1c008470:	e915                	bnez	a0,0x1c0084a4
    1c008472:	67c010ef          	jal	0x1c009aee
    1c008476:	1ff007b7          	lui	a5,0x1ff00
    1c00847a:	00f50933          	add	s2,a0,a5
    1c00847e:	8a4a                	mv	s4,s2
    1c008480:	1c00c7b7          	lui	a5,0x1c00c
    1c008484:	0854                	addi	a3,sp,20
    1c008486:	3d878613          	addi	a2,a5,984 # 0x1c00c3d8
    1c00848a:	85a2                	mv	a1,s0
    1c00848c:	21a00537          	lui	a0,0x21a00
    1c008490:	e7cff0ef          	jal	0x1c007b0c
    1c008494:	8b2a                	mv	s6,a0
    1c008496:	4bd2                	lw	s7,20(sp)
    1c008498:	ed59                	bnez	a0,0x1c008536
    1c00849a:	080b8e63          	beqz	s7,0x1c008536
    1c00849e:	3e0d0513          	addi	a0,s10,992 # 0x1c00c3e0
    1c0084a2:	a049                	j	0x1c008524
    1c0084a4:	358d8593          	addi	a1,s11,856 # 0x1c00c358
    1c0084a8:	8556                	mv	a0,s5
    1c0084aa:	375020ef          	jal	0x1c00b01e
    1c0084ae:	ed0d                	bnez	a0,0x1c0084e8
    1c0084b0:	06099c63          	bnez	s3,0x1c008528
    1c0084b4:	0830                	addi	a2,sp,24
    1c0084b6:	85a2                	mv	a1,s0
    1c0084b8:	21a00537          	lui	a0,0x21a00
    1c0084bc:	d13ff0ef          	jal	0x1c0081ce
    1c0084c0:	c909                	beqz	a0,0x1c0084d2
    1c0084c2:	1c00c537          	lui	a0,0x1c00c
    1c0084c6:	36850513          	addi	a0,a0,872 # 0x1c00c368
    1c0084ca:	6c0020ef          	jal	0x1c00ab8a
    1c0084ce:	57fd                	li	a5,-1
    1c0084d0:	bf95                	j	0x1c008444
    1c0084d2:	6a62                	ld	s4,24(sp)
    1c0084d4:	0830                	addi	a2,sp,24
    1c0084d6:	85a2                	mv	a1,s0
    1c0084d8:	21a00537          	lui	a0,0x21a00
    1c0084dc:	cffff0ef          	jal	0x1c0081da
    1c0084e0:	89d2                	mv	s3,s4
    1c0084e2:	fd59                	bnez	a0,0x1c008480
    1c0084e4:	69e2                	ld	s3,24(sp)
    1c0084e6:	bf69                	j	0x1c008480
    1c0084e8:	1c00c5b7          	lui	a1,0x1c00c
    1c0084ec:	3a058593          	addi	a1,a1,928 # 0x1c00c3a0
    1c0084f0:	8556                	mv	a0,s5
    1c0084f2:	32d020ef          	jal	0x1c00b01e
    1c0084f6:	e11d                	bnez	a0,0x1c00851c
    1c0084f8:	e885                	bnez	s1,0x1c008528
    1c0084fa:	0830                	addi	a2,sp,24
    1c0084fc:	85a2                	mv	a1,s0
    1c0084fe:	21a00537          	lui	a0,0x21a00
    1c008502:	ccdff0ef          	jal	0x1c0081ce
    1c008506:	c909                	beqz	a0,0x1c008518
    1c008508:	5e6010ef          	jal	0x1c009aee
    1c00850c:	1fe007b7          	lui	a5,0x1fe00
    1c008510:	00f504b3          	add	s1,a0,a5
    1c008514:	8a26                	mv	s4,s1
    1c008516:	b7ad                	j	0x1c008480
    1c008518:	64e2                	ld	s1,24(sp)
    1c00851a:	bfed                	j	0x1c008514
    1c00851c:	1c00c537          	lui	a0,0x1c00c
    1c008520:	3b050513          	addi	a0,a0,944 # 0x1c00c3b0
    1c008524:	666020ef          	jal	0x1c00ab8a
    1c008528:	85a2                	mv	a1,s0
    1c00852a:	21a00537          	lui	a0,0x21a00
    1c00852e:	864ff0ef          	jal	0x1c007592
    1c008532:	842a                	mv	s0,a0
    1c008534:	b5c1                	j	0x1c0083f4
    1c008536:	86de                	mv	a3,s7
    1c008538:	865a                	mv	a2,s6
    1c00853a:	85a2                	mv	a1,s0
    1c00853c:	21a00537          	lui	a0,0x21a00
    1c008540:	d03ff0ef          	jal	0x1c008242
    1c008544:	0025071b          	addiw	a4,a0,2 # 0x21a00002
    1c008548:	9b75                	andi	a4,a4,-3
    1c00854a:	2701                	sext.w	a4,a4
    1c00854c:	87aa                	mv	a5,a0
    1c00854e:	ee071be3          	bnez	a4,0x1c008444
    1c008552:	1c00c7b7          	lui	a5,0x1c00c
    1c008556:	0814                	addi	a3,sp,16
    1c008558:	40878613          	addi	a2,a5,1032 # 0x1c00c408
    1c00855c:	85a2                	mv	a1,s0
    1c00855e:	21a00537          	lui	a0,0x21a00
    1c008562:	daaff0ef          	jal	0x1c007b0c
    1c008566:	cd19                	beqz	a0,0x1c008584
    1c008568:	418c8593          	addi	a1,s9,1048 # 0x1c00c418
    1c00856c:	2b3020ef          	jal	0x1c00b01e
    1c008570:	e911                	bnez	a0,0x1c008584
    1c008572:	1c00c537          	lui	a0,0x1c00c
    1c008576:	42050513          	addi	a0,a0,1056 # 0x1c00c420
    1c00857a:	610020ef          	jal	0x1c00ab8a
    1c00857e:	fa100793          	li	a5,-95
    1c008582:	b5c9                	j	0x1c008444
    1c008584:	8652                	mv	a2,s4
    1c008586:	85d6                	mv	a1,s5
    1c008588:	438c0513          	addi	a0,s8,1080 # 0x1c00c438
    1c00858c:	598020ef          	jal	0x1c00ab24
    1c008590:	865e                	mv	a2,s7
    1c008592:	85da                	mv	a1,s6
    1c008594:	8552                	mv	a0,s4
    1c008596:	1b9020ef          	jal	0x1c00af4e
    1c00859a:	b779                	j	0x1c008528
    1c00859c:	57fd                	li	a5,-1
    1c00859e:	ea0983e3          	beqz	s3,0x1c008444
    1c0085a2:	85ce                	mv	a1,s3
    1c0085a4:	1c00c537          	lui	a0,0x1c00c
    1c0085a8:	45850513          	addi	a0,a0,1112 # 0x1c00c458
    1c0085ac:	e43e                	sd	a5,8(sp)
    1c0085ae:	576020ef          	jal	0x1c00ab24
    1c0085b2:	85ca                	mv	a1,s2
    1c0085b4:	4501                	li	a0,0
    1c0085b6:	9982                	jalr	s3
    1c0085b8:	67a2                	ld	a5,8(sp)
    1c0085ba:	b569                	j	0x1c008444
    1c0085bc:	853e                	mv	a0,a5
    1c0085be:	8082                	ret
    1c0085c0:	8205150b          	.insn	4, 0x8205150b
    1c0085c4:	e188                	sd	a0,0(a1)
    1c0085c6:	8082                	ret
    1c0085c8:	7179                	addi	sp,sp,-48
    1c0085ca:	e42e                	sd	a1,8(sp)
    1c0085cc:	e84a                	sd	s2,16(sp)
    1c0085ce:	ec26                	sd	s1,24(sp)
    1c0085d0:	f022                	sd	s0,32(sp)
    1c0085d2:	f406                	sd	ra,40(sp)
    1c0085d4:	892a                	mv	s2,a0
    1c0085d6:	84b2                	mv	s1,a2
    1c0085d8:	b80ff0ef          	jal	0x1c007958
    1c0085dc:	57fd                	li	a5,-1
    1c0085de:	65a2                	ld	a1,8(sp)
    1c0085e0:	00f51663          	bne	a0,a5,0x1c0085ec
    1c0085e4:	8626                	mv	a2,s1
    1c0085e6:	854a                	mv	a0,s2
    1c0085e8:	b25ff0ef          	jal	0x1c00810c
    1c0085ec:	842a                	mv	s0,a0
    1c0085ee:	02055063          	bgez	a0,0x1c00860e
    1c0085f2:	b3fff0ef          	jal	0x1c008130
    1c0085f6:	86aa                	mv	a3,a0
    1c0085f8:	1c00c5b7          	lui	a1,0x1c00c
    1c0085fc:	54058593          	addi	a1,a1,1344 # 0x1c00c540
    1c008600:	1c00c537          	lui	a0,0x1c00c
    1c008604:	47850513          	addi	a0,a0,1144 # 0x1c00c478
    1c008608:	8626                	mv	a2,s1
    1c00860a:	51a020ef          	jal	0x1c00ab24
    1c00860e:	8522                	mv	a0,s0
    1c008610:	7402                	ld	s0,32(sp)
    1c008612:	70a2                	ld	ra,40(sp)
    1c008614:	6942                	ld	s2,16(sp)
    1c008616:	64e2                	ld	s1,24(sp)
    1c008618:	6145                	addi	sp,sp,48
    1c00861a:	8082                	ret
    1c00861c:	715d                	addi	sp,sp,-80
    1c00861e:	e85a                	sd	s6,16(sp)
    1c008620:	ec56                	sd	s5,24(sp)
    1c008622:	f052                	sd	s4,32(sp)
    1c008624:	f44e                	sd	s3,40(sp)
    1c008626:	f84a                	sd	s2,48(sp)
    1c008628:	fc26                	sd	s1,56(sp)
    1c00862a:	e0a2                	sd	s0,64(sp)
    1c00862c:	e486                	sd	ra,72(sp)
    1c00862e:	84b6                	mv	s1,a3
    1c008630:	4785                	li	a5,1
    1c008632:	02d7da63          	bge	a5,a3,0x1c008666
    1c008636:	4685                	li	a3,1
    1c008638:	8626                	mv	a2,s1
    1c00863a:	1c00c5b7          	lui	a1,0x1c00c
    1c00863e:	52858593          	addi	a1,a1,1320 # 0x1c00c528
    1c008642:	1c00c537          	lui	a0,0x1c00c
    1c008646:	48850513          	addi	a0,a0,1160 # 0x1c00c488
    1c00864a:	4da020ef          	jal	0x1c00ab24
    1c00864e:	547d                	li	s0,-1
    1c008650:	8522                	mv	a0,s0
    1c008652:	6406                	ld	s0,64(sp)
    1c008654:	60a6                	ld	ra,72(sp)
    1c008656:	6b42                	ld	s6,16(sp)
    1c008658:	6ae2                	ld	s5,24(sp)
    1c00865a:	7a02                	ld	s4,32(sp)
    1c00865c:	79a2                	ld	s3,40(sp)
    1c00865e:	7942                	ld	s2,48(sp)
    1c008660:	74e2                	ld	s1,56(sp)
    1c008662:	6161                	addi	sp,sp,80
    1c008664:	8082                	ret
    1c008666:	892a                	mv	s2,a0
    1c008668:	8aae                	mv	s5,a1
    1c00866a:	8a32                	mv	s4,a2
    1c00866c:	b51fe0ef          	jal	0x1c0071bc
    1c008670:	842a                	mv	s0,a0
    1c008672:	02055063          	bgez	a0,0x1c008692
    1c008676:	abbff0ef          	jal	0x1c008130
    1c00867a:	862a                	mv	a2,a0
    1c00867c:	1c00c5b7          	lui	a1,0x1c00c
    1c008680:	52858593          	addi	a1,a1,1320 # 0x1c00c528
    1c008684:	1c00c537          	lui	a0,0x1c00c
    1c008688:	4e050513          	addi	a0,a0,1248 # 0x1c00c4e0
    1c00868c:	498020ef          	jal	0x1c00ab24
    1c008690:	b7c1                	j	0x1c008650
    1c008692:	1c00c9b7          	lui	s3,0x1c00c
    1c008696:	4e898613          	addi	a2,s3,1256 # 0x1c00c4e8
    1c00869a:	4581                	li	a1,0
    1c00869c:	854a                	mv	a0,s2
    1c00869e:	f2bff0ef          	jal	0x1c0085c8
    1c0086a2:	842a                	mv	s0,a0
    1c0086a4:	fa0546e3          	bltz	a0,0x1c008650
    1c0086a8:	1c00cb37          	lui	s6,0x1c00c
    1c0086ac:	4e898693          	addi	a3,s3,1256
    1c0086b0:	85aa                	mv	a1,a0
    1c0086b2:	471d                	li	a4,7
    1c0086b4:	4f0b0613          	addi	a2,s6,1264 # 0x1c00c4f0
    1c0086b8:	854a                	mv	a0,s2
    1c0086ba:	953ff0ef          	jal	0x1c00800c
    1c0086be:	89aa                	mv	s3,a0
    1c0086c0:	4781                	li	a5,0
    1c0086c2:	02055863          	bgez	a0,0x1c0086f2
    1c0086c6:	a6bff0ef          	jal	0x1c008130
    1c0086ca:	862a                	mv	a2,a0
    1c0086cc:	4f0b0593          	addi	a1,s6,1264
    1c0086d0:	1c00c537          	lui	a0,0x1c00c
    1c0086d4:	50050513          	addi	a0,a0,1280 # 0x1c00c500
    1c0086d8:	44c020ef          	jal	0x1c00ab24
    1c0086dc:	844e                	mv	s0,s3
    1c0086de:	bf8d                	j	0x1c008650
    1c0086e0:	000ab703          	ld	a4,0(s5)
    1c0086e4:	4785                	li	a5,1
    1c0086e6:	e711                	bnez	a4,0x1c0086f2
    1c0086e8:	000a3703          	ld	a4,0(s4)
    1c0086ec:	e319                	bnez	a4,0x1c0086f2
    1c0086ee:	4401                	li	s0,0
    1c0086f0:	b785                	j	0x1c008650
    1c0086f2:	fe97c7e3          	blt	a5,s1,0x1c0086e0
    1c0086f6:	dfe5                	beqz	a5,0x1c0086ee
    1c0086f8:	4581                	li	a1,0
    1c0086fa:	854a                	mv	a0,s2
    1c0086fc:	f69fe0ef          	jal	0x1c007664
    1c008700:	84aa                	mv	s1,a0
    1c008702:	4581                	li	a1,0
    1c008704:	854a                	mv	a0,s2
    1c008706:	f83fe0ef          	jal	0x1c007688
    1c00870a:	4789                	li	a5,2
    1c00870c:	89aa                	mv	s3,a0
    1c00870e:	000ab503          	ld	a0,0(s5)
    1c008712:	8a8a                	mv	s5,sp
    1c008714:	0af48063          	beq	s1,a5,0x1c0087b4
    1c008718:	0185571b          	srliw	a4,a0,0x18
    1c00871c:	0185179b          	slliw	a5,a0,0x18
    1c008720:	8fd9                	or	a5,a5,a4
    1c008722:	3c85370b          	.insn	4, 0x3c85370b
    1c008726:	0ff77713          	zext.b	a4,a4
    1c00872a:	5d05350b          	.insn	4, 0x5d05350b
    1c00872e:	0107171b          	slliw	a4,a4,0x10
    1c008732:	0ff57513          	zext.b	a0,a0
    1c008736:	8fd9                	or	a5,a5,a4
    1c008738:	0085151b          	slliw	a0,a0,0x8
    1c00873c:	8d5d                	or	a0,a0,a5
    1c00873e:	c02a                	sw	a0,0(sp)
    1c008740:	0024949b          	slliw	s1,s1,0x2
    1c008744:	4789                	li	a5,2
    1c008746:	000a3503          	ld	a0,0(s4)
    1c00874a:	009a8b33          	add	s6,s5,s1
    1c00874e:	06f98763          	beq	s3,a5,0x1c0087bc
    1c008752:	3c85368b          	.insn	4, 0x3c85368b
    1c008756:	0185179b          	slliw	a5,a0,0x18
    1c00875a:	0185571b          	srliw	a4,a0,0x18
    1c00875e:	0ff6f693          	zext.b	a3,a3
    1c008762:	5d05350b          	.insn	4, 0x5d05350b
    1c008766:	0106969b          	slliw	a3,a3,0x10
    1c00876a:	0ff57513          	zext.b	a0,a0
    1c00876e:	8fd9                	or	a5,a5,a4
    1c008770:	8fd5                	or	a5,a5,a3
    1c008772:	0085151b          	slliw	a0,a0,0x8
    1c008776:	8d5d                	or	a0,a0,a5
    1c008778:	409ad50b          	.insn	4, 0x409ad50b
    1c00877c:	7409a70b          	.insn	4, 0x7409a70b
    1c008780:	04eb170b          	.insn	4, 0x04eb170b
    1c008784:	1c00c4b7          	lui	s1,0x1c00c
    1c008788:	85a2                	mv	a1,s0
    1c00878a:	4157073b          	subw	a4,a4,s5
    1c00878e:	86d6                	mv	a3,s5
    1c008790:	52048613          	addi	a2,s1,1312 # 0x1c00c520
    1c008794:	854a                	mv	a0,s2
    1c008796:	877ff0ef          	jal	0x1c00800c
    1c00879a:	842a                	mv	s0,a0
    1c00879c:	f40559e3          	bgez	a0,0x1c0086ee
    1c0087a0:	991ff0ef          	jal	0x1c008130
    1c0087a4:	862a                	mv	a2,a0
    1c0087a6:	52048593          	addi	a1,s1,1312
    1c0087aa:	1c00c537          	lui	a0,0x1c00c
    1c0087ae:	50050513          	addi	a0,a0,1280 # 0x1c00c500
    1c0087b2:	bde9                	j	0x1c00868c
    1c0087b4:	85d6                	mv	a1,s5
    1c0087b6:	e0bff0ef          	jal	0x1c0085c0
    1c0087ba:	b759                	j	0x1c008740
    1c0087bc:	85da                	mv	a1,s6
    1c0087be:	e03ff0ef          	jal	0x1c0085c0
    1c0087c2:	bf6d                	j	0x1c00877c
    1c0087c4:	1101                	addi	sp,sp,-32
    1c0087c6:	f8b1560b          	.insn	4, 0xf8b1560b
    1c0087ca:	4685                	li	a3,1
    1c0087cc:	860a                	mv	a2,sp
    1c0087ce:	002c                	addi	a1,sp,8
    1c0087d0:	ec06                	sd	ra,24(sp)
    1c0087d2:	e4bff0ef          	jal	0x1c00861c
    1c0087d6:	60e2                	ld	ra,24(sp)
    1c0087d8:	6105                	addi	sp,sp,32
    1c0087da:	8082                	ret
    1c0087dc:	7f30d073          	csrwi	0x7f3,1
    1c0087e0:	010017b7          	lui	a5,0x1001
    1c0087e4:	1fc78793          	addi	a5,a5,508 # 0x10011fc
    1c0087e8:	7c179073          	csrw	0x7c1,a5
    1c0087ec:	02baa7b7          	lui	a5,0x2baa
    1c0087f0:	10c78793          	addi	a5,a5,268 # 0x2baa10c
    1c0087f4:	7c579073          	csrw	0x7c5,a5
    1c0087f8:	004387b7          	lui	a5,0x438
    1c0087fc:	7c079073          	csrw	0x7c0,a5
    1c008800:	0a2497b7          	lui	a5,0xa249
    1c008804:	0792                	slli	a5,a5,0x4
    1c008806:	07a9                	addi	a5,a5,10 # 0xa24900a
    1c008808:	7c379073          	csrw	0x7c3,a5
    1c00880c:	2be01793          	.insn	4, 0x2be01793
    1c008810:	30a7a073          	csrs	menvcfg,a5
    1c008814:	8082                	ret
    1c008816:	7c11e073          	csrsi	0x7c1,3
    1c00881a:	8082                	ret
    1c00881c:	577d                	li	a4,-1
    1c00881e:	0c6006b7          	lui	a3,0xc600
    1c008822:	4a9c                	lw	a5,16(a3)
    1c008824:	8b85                	andi	a5,a5,1
    1c008826:	ef99                	bnez	a5,0x1c008844
    1c008828:	377d                	addiw	a4,a4,-1
    1c00882a:	ff65                	bnez	a4,0x1c008822
    1c00882c:	1141                	addi	sp,sp,-16
    1c00882e:	1c00c537          	lui	a0,0x1c00c
    1c008832:	55850513          	addi	a0,a0,1368 # 0x1c00c558
    1c008836:	e406                	sd	ra,8(sp)
    1c008838:	352020ef          	jal	0x1c00ab8a
    1c00883c:	60a2                	ld	ra,8(sp)
    1c00883e:	5529                	li	a0,-22
    1c008840:	0141                	addi	sp,sp,16
    1c008842:	8082                	ret
    1c008844:	4501                	li	a0,0
    1c008846:	8082                	ret
    1c008848:	67b1                	lui	a5,0xc
    1c00884a:	6007879b          	addiw	a5,a5,1536 # 0xc600
    1c00884e:	9d3d                	addw	a0,a0,a5
    1c008850:	00c5151b          	slliw	a0,a0,0xc
    1c008854:	47d1                	li	a5,20
    1c008856:	24b7950b          	.insn	4, 0x24b7950b
    1c00885a:	0085079b          	addiw	a5,a0,8
    1c00885e:	7c07b78b          	.insn	4, 0x7c07b78b
    1c008862:	4398                	lw	a4,0(a5)
    1c008864:	8b19                	andi	a4,a4,6
    1c008866:	c398                	sw	a4,0(a5)
    1c008868:	8082                	ret
    1c00886a:	7139                	addi	sp,sp,-64
    1c00886c:	e05a                	sd	s6,0(sp)
    1c00886e:	e456                	sd	s5,8(sp)
    1c008870:	e852                	sd	s4,16(sp)
    1c008872:	ec4e                	sd	s3,24(sp)
    1c008874:	f04a                	sd	s2,32(sp)
    1c008876:	f426                	sd	s1,40(sp)
    1c008878:	f822                	sd	s0,48(sp)
    1c00887a:	fc06                	sd	ra,56(sp)
    1c00887c:	4b05                	li	s6,1
    1c00887e:	537d                	li	t1,-1
    1c008880:	08ab6163          	bltu	s6,a0,0x1c008902
    1c008884:	89ae                	mv	s3,a1
    1c008886:	537d                	li	t1,-1
    1c008888:	06bb6d63          	bltu	s6,a1,0x1c008902
    1c00888c:	842a                	mv	s0,a0
    1c00888e:	84be                	mv	s1,a5
    1c008890:	8aba                	mv	s5,a4
    1c008892:	8a36                	mv	s4,a3
    1c008894:	8932                	mv	s2,a2
    1c008896:	fb3ff0ef          	jal	0x1c008848
    1c00889a:	6531                	lui	a0,0xc
    1c00889c:	6005051b          	addiw	a0,a0,1536 # 0xc600
    1c0088a0:	9d21                	addw	a0,a0,s0
    1c0088a2:	00c5151b          	slliw	a0,a0,0xc
    1c0088a6:	47d1                	li	a5,20
    1c0088a8:	2537950b          	.insn	4, 0x2537950b
    1c0088ac:	00c5079b          	addiw	a5,a0,12
    1c0088b0:	7c07b78b          	.insn	4, 0x7c07b78b
    1c0088b4:	439c                	lw	a5,0(a5)
    1c0088b6:	0085059b          	addiw	a1,a0,8
    1c0088ba:	7c05b58b          	.insn	4, 0x7c05b58b
    1c0088be:	419c                	lw	a5,0(a1)
    1c0088c0:	0019171b          	slliw	a4,s2,0x1
    1c0088c4:	8b95                	andi	a5,a5,5
    1c0088c6:	8fd9                	or	a5,a5,a4
    1c0088c8:	2781                	sext.w	a5,a5
    1c0088ca:	c19c                	sw	a5,0(a1)
    1c0088cc:	7c05350b          	.insn	4, 0x7c05350b
    1c0088d0:	05691463          	bne	s2,s6,0x1c008918
    1c0088d4:	3e800793          	li	a5,1000
    1c0088d8:	2557948b          	.insn	4, 0x2557948b
    1c0088dc:	000f47b7          	lui	a5,0xf4
    1c0088e0:	2407879b          	addiw	a5,a5,576 # 0xf4240
    1c0088e4:	2547948b          	.insn	4, 0x2547948b
    1c0088e8:	1c00e7b7          	lui	a5,0x1c00e
    1c0088ec:	8d07a783          	lw	a5,-1840(a5) # 0x1c00d8d0
    1c0088f0:	02f484bb          	mulw	s1,s1,a5
    1c0088f4:	c104                	sw	s1,0(a0)
    1c0088f6:	419c                	lw	a5,0(a1)
    1c0088f8:	8b99                	andi	a5,a5,6
    1c0088fa:	0017e793          	ori	a5,a5,1
    1c0088fe:	4301                	li	t1,0
    1c008900:	c19c                	sw	a5,0(a1)
    1c008902:	7442                	ld	s0,48(sp)
    1c008904:	70e2                	ld	ra,56(sp)
    1c008906:	6b02                	ld	s6,0(sp)
    1c008908:	6aa2                	ld	s5,8(sp)
    1c00890a:	6a42                	ld	s4,16(sp)
    1c00890c:	69e2                	ld	s3,24(sp)
    1c00890e:	7902                	ld	s2,32(sp)
    1c008910:	74a2                	ld	s1,40(sp)
    1c008912:	851a                	mv	a0,t1
    1c008914:	6121                	addi	sp,sp,64
    1c008916:	8082                	ret
    1c008918:	57fd                	li	a5,-1
    1c00891a:	c11c                	sw	a5,0(a0)
    1c00891c:	bfe9                	j	0x1c0088f6
    1c00891e:	1141                	addi	sp,sp,-16
    1c008920:	87aa                	mv	a5,a0
    1c008922:	4701                	li	a4,0
    1c008924:	4681                	li	a3,0
    1c008926:	4605                	li	a2,1
    1c008928:	4581                	li	a1,0
    1c00892a:	4501                	li	a0,0
    1c00892c:	e406                	sd	ra,8(sp)
    1c00892e:	f3dff0ef          	jal	0x1c00886a
    1c008932:	60a2                	ld	ra,8(sp)
    1c008934:	0141                	addi	sp,sp,16
    1c008936:	b5dd                	j	0x1c00881c
    1c008938:	0c7006b7          	lui	a3,0xc700
    1c00893c:	0006c703          	lbu	a4,0(a3) # 0xc700000
    1c008940:	0ff77713          	zext.b	a4,a4
    1c008944:	0ce00637          	lui	a2,0xce00
    1c008948:	4e5c                	lw	a5,28(a2)
    1c00894a:	7807b78b          	.insn	4, 0x7807b78b
    1c00894e:	2781                	sext.w	a5,a5
    1c008950:	ce5c                	sw	a5,28(a2)
    1c008952:	00177793          	andi	a5,a4,1
    1c008956:	c789                	beqz	a5,0x1c008960
    1c008958:	0fe77713          	andi	a4,a4,254
    1c00895c:	00e68023          	sb	a4,0(a3)
    1c008960:	8082                	ret
    1c008962:	059687b7          	lui	a5,0x5968
    1c008966:	0045959b          	slliw	a1,a1,0x4
    1c00896a:	2f07879b          	addiw	a5,a5,752 # 0x59682f0
    1c00896e:	02b7d33b          	divuw	t1,a5,a1
    1c008972:	00c5151b          	slliw	a0,a0,0xc
    1c008976:	3c03330b          	.insn	4, 0x3c03330b
    1c00897a:	2665978b          	.insn	4, 0x2665978b
    1c00897e:	0c300837          	lui	a6,0xc300
    1c008982:	0248089b          	addiw	a7,a6,36 # 0xc300024
    1c008986:	011508bb          	addw	a7,a0,a7
    1c00898a:	7c08b88b          	.insn	4, 0x7c08b88b
    1c00898e:	0067979b          	slliw	a5,a5,0x6
    1c008992:	0068a023          	sw	t1,0(a7)
    1c008996:	02b7d7bb          	divuw	a5,a5,a1
    1c00899a:	03f7f793          	andi	a5,a5,63
    1c00899e:	0288059b          	addiw	a1,a6,40
    1c0089a2:	9da9                	addw	a1,a1,a0
    1c0089a4:	7c05b58b          	.insn	4, 0x7c05b58b
    1c0089a8:	02c8081b          	addiw	a6,a6,44
    1c0089ac:	0105053b          	addw	a0,a0,a6
    1c0089b0:	7c05350b          	.insn	4, 0x7c05350b
    1c0089b4:	c19c                	sw	a5,0(a1)
    1c0089b6:	411c                	lw	a5,0(a0)
    1c0089b8:	4595                	li	a1,5
    1c0089ba:	0ff7f793          	zext.b	a5,a5
    1c0089be:	02b61463          	bne	a2,a1,0x1c0089e6
    1c0089c2:	09f7f793          	andi	a5,a5,159
    1c0089c6:	c11c                	sw	a5,0(a0)
    1c0089c8:	411c                	lw	a5,0(a0)
    1c0089ca:	fff6859b          	addiw	a1,a3,-1
    1c0089ce:	0ff7f793          	zext.b	a5,a5
    1c0089d2:	4611                	li	a2,4
    1c0089d4:	04b66463          	bltu	a2,a1,0x1c008a1c
    1c0089d8:	1c00c637          	lui	a2,0x1c00c
    1c0089dc:	56c60613          	addi	a2,a2,1388 # 0x1c00c56c
    1c0089e0:	54b6468b          	.insn	4, 0x54b6468b
    1c0089e4:	8682                	jr	a3
    1c0089e6:	4599                	li	a1,6
    1c0089e8:	00b61763          	bne	a2,a1,0x1c0089f6
    1c0089ec:	0bf7f793          	andi	a5,a5,191
    1c0089f0:	0207e793          	ori	a5,a5,32
    1c0089f4:	bfc9                	j	0x1c0089c6
    1c0089f6:	459d                	li	a1,7
    1c0089f8:	00b61763          	bne	a2,a1,0x1c008a06
    1c0089fc:	0df7f793          	andi	a5,a5,223
    1c008a00:	0407e793          	ori	a5,a5,64
    1c008a04:	b7c9                	j	0x1c0089c6
    1c008a06:	45a1                	li	a1,8
    1c008a08:	fcb610e3          	bne	a2,a1,0x1c0089c8
    1c008a0c:	0607e793          	ori	a5,a5,96
    1c008a10:	bf5d                	j	0x1c0089c6
    1c008a12:	0fb7f793          	andi	a5,a5,251
    1c008a16:	0027e793          	ori	a5,a5,2
    1c008a1a:	c11c                	sw	a5,0(a0)
    1c008a1c:	411c                	lw	a5,0(a0)
    1c008a1e:	4605                	li	a2,1
    1c008a20:	0ff7f793          	zext.b	a5,a5
    1c008a24:	0087e693          	ori	a3,a5,8
    1c008a28:	00c71463          	bne	a4,a2,0x1c008a30
    1c008a2c:	0f77f693          	andi	a3,a5,247
    1c008a30:	0106e693          	ori	a3,a3,16
    1c008a34:	c114                	sw	a3,0(a0)
    1c008a36:	8082                	ret
    1c008a38:	0067e793          	ori	a5,a5,6
    1c008a3c:	bff9                	j	0x1c008a1a
    1c008a3e:	0fb7f793          	andi	a5,a5,251
    1c008a42:	0827e793          	ori	a5,a5,130
    1c008a46:	bfd1                	j	0x1c008a1a
    1c008a48:	0867e793          	ori	a5,a5,134
    1c008a4c:	b7f9                	j	0x1c008a1a
    1c008a4e:	0fd7f793          	andi	a5,a5,253
    1c008a52:	b7e1                	j	0x1c008a1a
    1c008a54:	0c300737          	lui	a4,0xc300
    1c008a58:	87aa                	mv	a5,a0
    1c008a5a:	0307071b          	addiw	a4,a4,48 # 0xc300030
    1c008a5e:	00c7979b          	slliw	a5,a5,0xc
    1c008a62:	9fb9                	addw	a5,a5,a4
    1c008a64:	7c07b78b          	.insn	4, 0x7c07b78b
    1c008a68:	4398                	lw	a4,0(a5)
    1c008a6a:	2501                	sext.w	a0,a0
    1c008a6c:	3c07370b          	.insn	4, 0x3c07370b
    1c008a70:	30176713          	ori	a4,a4,769
    1c008a74:	65f1                	lui	a1,0x1c
    1c008a76:	c398                	sw	a4,0(a5)
    1c008a78:	4695                	li	a3,5
    1c008a7a:	4621                	li	a2,8
    1c008a7c:	20058593          	addi	a1,a1,512 # 0x1c200
    1c008a80:	4705                	li	a4,1
    1c008a82:	b5c5                	j	0x1c008962
    1c008a84:	4781                	li	a5,0
    1c008a86:	02000813          	li	a6,32
    1c008a8a:	0c301637          	lui	a2,0xc301
    1c008a8e:	00b7e363          	bltu	a5,a1,0x1c008a94
    1c008a92:	8082                	ret
    1c008a94:	40f5873b          	subw	a4,a1,a5
    1c008a98:	02e87063          	bgeu	a6,a4,0x1c008ab8
    1c008a9c:	0207871b          	addiw	a4,a5,32
    1c008aa0:	90f5468b          	.insn	4, 0x90f5468b
    1c008aa4:	c214                	sw	a3,0(a2)
    1c008aa6:	2785                	addiw	a5,a5,1
    1c008aa8:	fee79ce3          	bne	a5,a4,0x1c008aa0
    1c008aac:	4e1c                	lw	a5,24(a2)
    1c008aae:	0807f793          	andi	a5,a5,128
    1c008ab2:	dfed                	beqz	a5,0x1c008aac
    1c008ab4:	87ba                	mv	a5,a4
    1c008ab6:	bfe1                	j	0x1c008a8e
    1c008ab8:	873e                	mv	a4,a5
    1c008aba:	90e5468b          	.insn	4, 0x90e5468b
    1c008abe:	2705                	addiw	a4,a4,1
    1c008ac0:	c214                	sw	a3,0(a2)
    1c008ac2:	40f708bb          	subw	a7,a4,a5
    1c008ac6:	40e586bb          	subw	a3,a1,a4
    1c008aca:	fed8e8e3          	bltu	a7,a3,0x1c008aba
    1c008ace:	4e1c                	lw	a5,24(a2)
    1c008ad0:	0807f793          	andi	a5,a5,128
    1c008ad4:	dfed                	beqz	a5,0x1c008ace
    1c008ad6:	bff9                	j	0x1c008ab4
    1c008ad8:	028007b7          	lui	a5,0x2800
    1c008adc:	9fa9                	addw	a5,a5,a0
    1c008ade:	0027979b          	slliw	a5,a5,0x2
    1c008ae2:	7c07b78b          	.insn	4, 0x7c07b78b
    1c008ae6:	c38c                	sw	a1,0(a5)
    1c008ae8:	8082                	ret
    1c008aea:	2a201613          	.insn	4, 0x2a201613
    1c008aee:	1c00e7b7          	lui	a5,0x1c00e
    1c008af2:	29878793          	addi	a5,a5,664 # 0x1c00e298
    1c008af6:	00160713          	addi	a4,a2,1 # 0xc301001
    1c008afa:	e398                	sd	a4,0(a5)
    1c008afc:	4709                	li	a4,2
    1c008afe:	c7d8                	sw	a4,12(a5)
    1c008b00:	eb98                	sd	a4,16(a5)
    1c008b02:	2a001713          	.insn	4, 0x2a001713
    1c008b06:	00a70693          	addi	a3,a4,10
    1c008b0a:	ef94                	sd	a3,24(a5)
    1c008b0c:	46e5                	li	a3,25
    1c008b0e:	1696                	slli	a3,a3,0x25
    1c008b10:	0685                	addi	a3,a3,1
    1c008b12:	f794                	sd	a3,40(a5)
    1c008b14:	3a500693          	li	a3,933
    1c008b18:	e7b8                	sd	a4,72(a5)
    1c008b1a:	1682                	slli	a3,a3,0x20
    1c008b1c:	0705                	addi	a4,a4,1
    1c008b1e:	ebb8                	sd	a4,80(a5)
    1c008b20:	473d                	li	a4,15
    1c008b22:	4505                	li	a0,1
    1c008b24:	45c1                	li	a1,16
    1c008b26:	efa8                	sd	a0,88(a5)
    1c008b28:	d3cc                	sw	a1,36(a5)
    1c008b2a:	0607a223          	sw	zero,100(a5)
    1c008b2e:	42b68693          	addi	a3,a3,1067
    1c008b32:	fb94                	sd	a3,48(a5)
    1c008b34:	32000693          	li	a3,800
    1c008b38:	ff94                	sd	a3,56(a5)
    1c008b3a:	0407b023          	sd	zero,64(a5)
    1c008b3e:	02071693          	slli	a3,a4,0x20
    1c008b42:	1c00e7b7          	lui	a5,0x1c00e
    1c008b46:	1a078793          	addi	a5,a5,416 # 0x1c00e1a0
    1c008b4a:	06bd                	addi	a3,a3,15
    1c008b4c:	0611                	addi	a2,a2,4
    1c008b4e:	0cd7b223          	sd	a3,196(a5)
    1c008b52:	0cd7b623          	sd	a3,204(a5)
    1c008b56:	0cd7be23          	sd	a3,220(a5)
    1c008b5a:	0ec7b223          	sd	a2,228(a5)
    1c008b5e:	0cd7ba23          	sd	a3,212(a5)
    1c008b62:	46a5                	li	a3,9
    1c008b64:	08d7ae23          	sw	a3,156(a5)
    1c008b68:	4695                	li	a3,5
    1c008b6a:	170a                	slli	a4,a4,0x22
    1c008b6c:	02369613          	slli	a2,a3,0x23
    1c008b70:	f388                	sd	a0,32(a5)
    1c008b72:	0207b423          	sd	zero,40(a5)
    1c008b76:	fb98                	sd	a4,48(a5)
    1c008b78:	03c60613          	addi	a2,a2,60
    1c008b7c:	03c70713          	addi	a4,a4,60
    1c008b80:	0607b823          	sd	zero,112(a5)
    1c008b84:	e3b0                	sd	a2,64(a5)
    1c008b86:	e7b8                	sd	a4,72(a5)
    1c008b88:	ff98                	sd	a4,56(a5)
    1c008b8a:	0a07b023          	sd	zero,160(a5)
    1c008b8e:	1682                	slli	a3,a3,0x20
    1c008b90:	02900713          	li	a4,41
    1c008b94:	ebb0                	sd	a2,80(a5)
    1c008b96:	efb4                	sd	a3,88(a5)
    1c008b98:	f3b8                	sd	a4,96(a5)
    1c008b9a:	0607b423          	sd	zero,104(a5)
    1c008b9e:	1c00e7b7          	lui	a5,0x1c00e
    1c008ba2:	0f878793          	addi	a5,a5,248 # 0x1c00e0f8
    1c008ba6:	00078223          	sb	zero,4(a5)
    1c008baa:	02079123          	sh	zero,34(a5)
    1c008bae:	15600713          	li	a4,342
    1c008bb2:	00e79623          	sh	a4,12(a5)
    1c008bb6:	48841737          	lui	a4,0x48841
    1c008bba:	22170713          	addi	a4,a4,545 # 0x48841221
    1c008bbe:	06e7ba23          	sd	a4,116(a5)
    1c008bc2:	10100713          	li	a4,257
    1c008bc6:	cb98                	sw	a4,16(a5)
    1c008bc8:	c8032737          	lui	a4,0xc8032
    1c008bcc:	f0070713          	addi	a4,a4,-256 # 0xffffffffc8031f00
    1c008bd0:	00e7aaa3          	sw	a4,21(a5)
    1c008bd4:	6709                	lui	a4,0x2
    1c008bd6:	e1470713          	addi	a4,a4,-492 # 0x1e14
    1c008bda:	04e79f23          	sh	a4,94(a5)
    1c008bde:	00200737          	lui	a4,0x200
    1c008be2:	02a78223          	sb	a0,36(a5)
    1c008be6:	00079023          	sh	zero,0(a5)
    1c008bea:	00b787a3          	sb	a1,15(a5)
    1c008bee:	0711                	addi	a4,a4,4 # 0x200004
    1c008bf0:	d3b8                	sw	a4,96(a5)
    1c008bf2:	1c00e7b7          	lui	a5,0x1c00e
    1c008bf6:	31878793          	addi	a5,a5,792 # 0x1c00e318
    1c008bfa:	0007b023          	sd	zero,0(a5)
    1c008bfe:	0007b423          	sd	zero,8(a5)
    1c008c02:	0007b823          	sd	zero,16(a5)
    1c008c06:	0007bc23          	sd	zero,24(a5)
    1c008c0a:	4501                	li	a0,0
    1c008c0c:	0207b023          	sd	zero,32(a5)
    1c008c10:	8082                	ret
    1c008c12:	4785                	li	a5,1
    1c008c14:	08b7e563          	bltu	a5,a1,0x1c008c9e
    1c008c18:	18050c63          	beqz	a0,0x1c008db0
    1c008c1c:	47f1                	li	a5,28
    1c008c1e:	12a7dc63          	bge	a5,a0,0x1c008d56
    1c008c22:	47f9                	li	a5,30
    1c008c24:	12a7dc63          	bge	a5,a0,0x1c008d5c
    1c008c28:	02000793          	li	a5,32
    1c008c2c:	12a7db63          	bge	a5,a0,0x1c008d62
    1c008c30:	02200793          	li	a5,34
    1c008c34:	12a7da63          	bge	a5,a0,0x1c008d68
    1c008c38:	02500793          	li	a5,37
    1c008c3c:	12a7d963          	bge	a5,a0,0x1c008d6e
    1c008c40:	02800793          	li	a5,40
    1c008c44:	12a7d863          	bge	a5,a0,0x1c008d74
    1c008c48:	02c00793          	li	a5,44
    1c008c4c:	12a7d763          	bge	a5,a0,0x1c008d7a
    1c008c50:	03100793          	li	a5,49
    1c008c54:	12a7d563          	bge	a5,a0,0x1c008d7e
    1c008c58:	03700793          	li	a5,55
    1c008c5c:	12a7d363          	bge	a5,a0,0x1c008d82
    1c008c60:	03f00793          	li	a5,63
    1c008c64:	12a7d163          	bge	a5,a0,0x1c008d86
    1c008c68:	04900793          	li	a5,73
    1c008c6c:	10a7df63          	bge	a5,a0,0x1c008d8a
    1c008c70:	05700793          	li	a5,87
    1c008c74:	10a7dd63          	bge	a5,a0,0x1c008d8e
    1c008c78:	06b00793          	li	a5,107
    1c008c7c:	10a7db63          	bge	a5,a0,0x1c008d92
    1c008c80:	08b00793          	li	a5,139
    1c008c84:	10a7d963          	bge	a5,a0,0x1c008d96
    1c008c88:	0c700793          	li	a5,199
    1c008c8c:	10a7dd63          	bge	a5,a0,0x1c008da6
    1c008c90:	16700793          	li	a5,359
    1c008c94:	10a7d363          	bge	a5,a0,0x1c008d9a
    1c008c98:	1e152513          	slti	a0,a0,481
    1c008c9c:	8082                	ret
    1c008c9e:	4709                	li	a4,2
    1c008ca0:	06e59e63          	bne	a1,a4,0x1c008d1c
    1c008ca4:	10050663          	beqz	a0,0x1c008db0
    1c008ca8:	47b9                	li	a5,14
    1c008caa:	0aa7d663          	bge	a5,a0,0x1c008d56
    1c008cae:	47bd                	li	a5,15
    1c008cb0:	0af50663          	beq	a0,a5,0x1c008d5c
    1c008cb4:	47c1                	li	a5,16
    1c008cb6:	0af50663          	beq	a0,a5,0x1c008d62
    1c008cba:	47c5                	li	a5,17
    1c008cbc:	0af50663          	beq	a0,a5,0x1c008d68
    1c008cc0:	47cd                	li	a5,19
    1c008cc2:	0aa7d663          	bge	a5,a0,0x1c008d6e
    1c008cc6:	47d1                	li	a5,20
    1c008cc8:	0af50663          	beq	a0,a5,0x1c008d74
    1c008ccc:	47d9                	li	a5,22
    1c008cce:	0aa7d663          	bge	a5,a0,0x1c008d7a
    1c008cd2:	47e5                	li	a5,25
    1c008cd4:	0aa7d563          	bge	a5,a0,0x1c008d7e
    1c008cd8:	47f1                	li	a5,28
    1c008cda:	0aa7d463          	bge	a5,a0,0x1c008d82
    1c008cde:	02000793          	li	a5,32
    1c008ce2:	0aa7d263          	bge	a5,a0,0x1c008d86
    1c008ce6:	02500793          	li	a5,37
    1c008cea:	0aa7d063          	bge	a5,a0,0x1c008d8a
    1c008cee:	02c00793          	li	a5,44
    1c008cf2:	08a7de63          	bge	a5,a0,0x1c008d8e
    1c008cf6:	03600793          	li	a5,54
    1c008cfa:	08a7dc63          	bge	a5,a0,0x1c008d92
    1c008cfe:	04600793          	li	a5,70
    1c008d02:	08a7da63          	bge	a5,a0,0x1c008d96
    1c008d06:	06400793          	li	a5,100
    1c008d0a:	08a7de63          	bge	a5,a0,0x1c008da6
    1c008d0e:	0b400793          	li	a5,180
    1c008d12:	08a7d463          	bge	a5,a0,0x1c008d9a
    1c008d16:	0f152513          	slti	a0,a0,241
    1c008d1a:	8082                	ret
    1c008d1c:	470d                	li	a4,3
    1c008d1e:	f8e583e3          	beq	a1,a4,0x1c008ca4
    1c008d22:	35f1                	addiw	a1,a1,-4
    1c008d24:	08b7e663          	bltu	a5,a1,0x1c008db0
    1c008d28:	07800793          	li	a5,120
    1c008d2c:	06f50963          	beq	a0,a5,0x1c008d9e
    1c008d30:	03c00793          	li	a5,60
    1c008d34:	06f50763          	beq	a0,a5,0x1c008da2
    1c008d38:	02800793          	li	a5,40
    1c008d3c:	06f50563          	beq	a0,a5,0x1c008da6
    1c008d40:	47f9                	li	a5,30
    1c008d42:	06f50463          	beq	a0,a5,0x1c008daa
    1c008d46:	47e1                	li	a5,24
    1c008d48:	06f50363          	beq	a0,a5,0x1c008dae
    1c008d4c:	47d1                	li	a5,20
    1c008d4e:	06f51163          	bne	a0,a5,0x1c008db0
    1c008d52:	457d                	li	a0,31
    1c008d54:	8082                	ret
    1c008d56:	03f00513          	li	a0,63
    1c008d5a:	8082                	ret
    1c008d5c:	03e00513          	li	a0,62
    1c008d60:	8082                	ret
    1c008d62:	03b00513          	li	a0,59
    1c008d66:	8082                	ret
    1c008d68:	03a00513          	li	a0,58
    1c008d6c:	8082                	ret
    1c008d6e:	03900513          	li	a0,57
    1c008d72:	8082                	ret
    1c008d74:	03800513          	li	a0,56
    1c008d78:	8082                	ret
    1c008d7a:	456d                	li	a0,27
    1c008d7c:	8082                	ret
    1c008d7e:	4569                	li	a0,26
    1c008d80:	8082                	ret
    1c008d82:	4565                	li	a0,25
    1c008d84:	8082                	ret
    1c008d86:	4561                	li	a0,24
    1c008d88:	8082                	ret
    1c008d8a:	452d                	li	a0,11
    1c008d8c:	8082                	ret
    1c008d8e:	4529                	li	a0,10
    1c008d90:	8082                	ret
    1c008d92:	4525                	li	a0,9
    1c008d94:	8082                	ret
    1c008d96:	4521                	li	a0,8
    1c008d98:	8082                	ret
    1c008d9a:	4509                	li	a0,2
    1c008d9c:	8082                	ret
    1c008d9e:	4501                	li	a0,0
    1c008da0:	8082                	ret
    1c008da2:	4505                	li	a0,1
    1c008da4:	8082                	ret
    1c008da6:	450d                	li	a0,3
    1c008da8:	8082                	ret
    1c008daa:	451d                	li	a0,7
    1c008dac:	8082                	ret
    1c008dae:	453d                	li	a0,15
    1c008db0:	8082                	ret
    1c008db2:	0a340737          	lui	a4,0xa340
    1c008db6:	4b1c                	lw	a5,16(a4)
    1c008db8:	8b85                	andi	a5,a5,1
    1c008dba:	fff5                	bnez	a5,0x1c008db6
    1c008dbc:	0c872783          	lw	a5,200(a4) # 0xa3400c8
    1c008dc0:	02000693          	li	a3,32
    1c008dc4:	00d51763          	bne	a0,a3,0x1c008dd2
    1c008dc8:	0d072503          	lw	a0,208(a4)
    1c008dcc:	0105151b          	slliw	a0,a0,0x10
    1c008dd0:	8fc9                	or	a5,a5,a0
    1c008dd2:	0a340737          	lui	a4,0xa340
    1c008dd6:	0a3406b7          	lui	a3,0xa340
    1c008dda:	0c072223          	sw	zero,196(a4) # 0xa3400c4
    1c008dde:	4a98                	lw	a4,16(a3)
    1c008de0:	8b05                	andi	a4,a4,1
    1c008de2:	df75                	beqz	a4,0x1c008dde
    1c008de4:	4705                	li	a4,1
    1c008de6:	853e                	mv	a0,a5
    1c008de8:	0ce6a223          	sw	a4,196(a3) # 0xa3400c4
    1c008dec:	8082                	ret
    1c008dee:	e519                	bnez	a0,0x1c008dfc
    1c008df0:	1c00c537          	lui	a0,0x1c00c
    1c008df4:	58050513          	addi	a0,a0,1408 # 0x1c00c580
    1c008df8:	5930106f          	j	0x1c00ab8a
    1c008dfc:	4785                	li	a5,1
    1c008dfe:	00f51763          	bne	a0,a5,0x1c008e0c
    1c008e02:	1c00c537          	lui	a0,0x1c00c
    1c008e06:	59850513          	addi	a0,a0,1432 # 0x1c00c598
    1c008e0a:	b7fd                	j	0x1c008df8
    1c008e0c:	4789                	li	a5,2
    1c008e0e:	00f51763          	bne	a0,a5,0x1c008e1c
    1c008e12:	1c00c537          	lui	a0,0x1c00c
    1c008e16:	5b850513          	addi	a0,a0,1464 # 0x1c00c5b8
    1c008e1a:	bff9                	j	0x1c008df8
    1c008e1c:	478d                	li	a5,3
    1c008e1e:	00f51763          	bne	a0,a5,0x1c008e2c
    1c008e22:	1c00c537          	lui	a0,0x1c00c
    1c008e26:	5d850513          	addi	a0,a0,1496 # 0x1c00c5d8
    1c008e2a:	b7f9                	j	0x1c008df8
    1c008e2c:	4791                	li	a5,4
    1c008e2e:	00f51763          	bne	a0,a5,0x1c008e3c
    1c008e32:	1c00c537          	lui	a0,0x1c00c
    1c008e36:	60050513          	addi	a0,a0,1536 # 0x1c00c600
    1c008e3a:	bf7d                	j	0x1c008df8
    1c008e3c:	4795                	li	a5,5
    1c008e3e:	00f51763          	bne	a0,a5,0x1c008e4c
    1c008e42:	1c00c537          	lui	a0,0x1c00c
    1c008e46:	62850513          	addi	a0,a0,1576 # 0x1c00c628
    1c008e4a:	b77d                	j	0x1c008df8
    1c008e4c:	4799                	li	a5,6
    1c008e4e:	00f51763          	bne	a0,a5,0x1c008e5c
    1c008e52:	1c00c537          	lui	a0,0x1c00c
    1c008e56:	66050513          	addi	a0,a0,1632 # 0x1c00c660
    1c008e5a:	bf79                	j	0x1c008df8
    1c008e5c:	47a5                	li	a5,9
    1c008e5e:	00f51763          	bne	a0,a5,0x1c008e6c
    1c008e62:	1c00c537          	lui	a0,0x1c00c
    1c008e66:	69850513          	addi	a0,a0,1688 # 0x1c00c698
    1c008e6a:	b779                	j	0x1c008df8
    1c008e6c:	47a9                	li	a5,10
    1c008e6e:	00f51763          	bne	a0,a5,0x1c008e7c
    1c008e72:	1c00c537          	lui	a0,0x1c00c
    1c008e76:	6c050513          	addi	a0,a0,1728 # 0x1c00c6c0
    1c008e7a:	bfbd                	j	0x1c008df8
    1c008e7c:	47ad                	li	a5,11
    1c008e7e:	00f51763          	bne	a0,a5,0x1c008e8c
    1c008e82:	1c00c537          	lui	a0,0x1c00c
    1c008e86:	6e050513          	addi	a0,a0,1760 # 0x1c00c6e0
    1c008e8a:	b7bd                	j	0x1c008df8
    1c008e8c:	47b1                	li	a5,12
    1c008e8e:	00f51763          	bne	a0,a5,0x1c008e9c
    1c008e92:	1c00c537          	lui	a0,0x1c00c
    1c008e96:	6f050513          	addi	a0,a0,1776 # 0x1c00c6f0
    1c008e9a:	bfb9                	j	0x1c008df8
    1c008e9c:	47b5                	li	a5,13
    1c008e9e:	00f51763          	bne	a0,a5,0x1c008eac
    1c008ea2:	1c00c537          	lui	a0,0x1c00c
    1c008ea6:	70850513          	addi	a0,a0,1800 # 0x1c00c708
    1c008eaa:	b7b9                	j	0x1c008df8
    1c008eac:	0fd00793          	li	a5,253
    1c008eb0:	00f51763          	bne	a0,a5,0x1c008ebe
    1c008eb4:	1c00c537          	lui	a0,0x1c00c
    1c008eb8:	72050513          	addi	a0,a0,1824 # 0x1c00c720
    1c008ebc:	bf35                	j	0x1c008df8
    1c008ebe:	0fe00793          	li	a5,254
    1c008ec2:	00f51763          	bne	a0,a5,0x1c008ed0
    1c008ec6:	1c00c537          	lui	a0,0x1c00c
    1c008eca:	75050513          	addi	a0,a0,1872 # 0x1c00c750
    1c008ece:	b72d                	j	0x1c008df8
    1c008ed0:	479d                	li	a5,7
    1c008ed2:	00f51763          	bne	a0,a5,0x1c008ee0
    1c008ed6:	1c00c537          	lui	a0,0x1c00c
    1c008eda:	77850513          	addi	a0,a0,1912 # 0x1c00c778
    1c008ede:	bf29                	j	0x1c008df8
    1c008ee0:	0ff00793          	li	a5,255
    1c008ee4:	00f51763          	bne	a0,a5,0x1c008ef2
    1c008ee8:	1c00c537          	lui	a0,0x1c00c
    1c008eec:	79850513          	addi	a0,a0,1944 # 0x1c00c798
    1c008ef0:	b721                	j	0x1c008df8
    1c008ef2:	8082                	ret
    1c008ef4:	7179                	addi	sp,sp,-48
    1c008ef6:	1c00c537          	lui	a0,0x1c00c
    1c008efa:	7b050513          	addi	a0,a0,1968 # 0x1c00c7b0
    1c008efe:	e052                	sd	s4,0(sp)
    1c008f00:	e44e                	sd	s3,8(sp)
    1c008f02:	e84a                	sd	s2,16(sp)
    1c008f04:	ec26                	sd	s1,24(sp)
    1c008f06:	f022                	sd	s0,32(sp)
    1c008f08:	f406                	sd	ra,40(sp)
    1c008f0a:	491d                	li	s2,7
    1c008f0c:	47f010ef          	jal	0x1c00ab8a
    1c008f10:	0ff00993          	li	s3,255
    1c008f14:	4a21                	li	s4,8
    1c008f16:	1c00c4b7          	lui	s1,0x1c00c
    1c008f1a:	4541                	li	a0,16
    1c008f1c:	e97ff0ef          	jal	0x1c008db2
    1c008f20:	842a                	mv	s0,a0
    1c008f22:	ecdff0ef          	jal	0x1c008dee
    1c008f26:	03240163          	beq	s0,s2,0x1c008f48
    1c008f2a:	01340963          	beq	s0,s3,0x1c008f3c
    1c008f2e:	ff4416e3          	bne	s0,s4,0x1c008f1a
    1c008f32:	7c848513          	addi	a0,s1,1992 # 0x1c00c7c8
    1c008f36:	455010ef          	jal	0x1c00ab8a
    1c008f3a:	b7c5                	j	0x1c008f1a
    1c008f3c:	1c00c537          	lui	a0,0x1c00c
    1c008f40:	7d850513          	addi	a0,a0,2008 # 0x1c00c7d8
    1c008f44:	447010ef          	jal	0x1c00ab8a
    1c008f48:	7402                	ld	s0,32(sp)
    1c008f4a:	70a2                	ld	ra,40(sp)
    1c008f4c:	6a02                	ld	s4,0(sp)
    1c008f4e:	69a2                	ld	s3,8(sp)
    1c008f50:	6942                	ld	s2,16(sp)
    1c008f52:	64e2                	ld	s1,24(sp)
    1c008f54:	4501                	li	a0,0
    1c008f56:	6145                	addi	sp,sp,48
    1c008f58:	8082                	ret
    1c008f5a:	b1010113          	addi	sp,sp,-1264
    1c008f5e:	49b13423          	sd	s11,1160(sp)
    1c008f62:	49a13823          	sd	s10,1168(sp)
    1c008f66:	49913c23          	sd	s9,1176(sp)
    1c008f6a:	4b813023          	sd	s8,1184(sp)
    1c008f6e:	4b713423          	sd	s7,1192(sp)
    1c008f72:	4b613823          	sd	s6,1200(sp)
    1c008f76:	4b513c23          	sd	s5,1208(sp)
    1c008f7a:	4d413023          	sd	s4,1216(sp)
    1c008f7e:	4d313423          	sd	s3,1224(sp)
    1c008f82:	4d213823          	sd	s2,1232(sp)
    1c008f86:	4c913c23          	sd	s1,1240(sp)
    1c008f8a:	4e813023          	sd	s0,1248(sp)
    1c008f8e:	4e113423          	sd	ra,1256(sp)
    1c008f92:	0a040737          	lui	a4,0xa040
    1c008f96:	34400793          	li	a5,836
    1c008f9a:	16f72e23          	sw	a5,380(a4) # 0xa04017c
    1c008f9e:	56f72e23          	sw	a5,1404(a4)
    1c008fa2:	0a044737          	lui	a4,0xa044
    1c008fa6:	16f72e23          	sw	a5,380(a4) # 0xa04417c
    1c008faa:	56f72e23          	sw	a5,1404(a4)
    1c008fae:	0a000737          	lui	a4,0xa000
    1c008fb2:	14f72a23          	sw	a5,340(a4) # 0xa000154
    1c008fb6:	0a004737          	lui	a4,0xa004
    1c008fba:	14f72a23          	sw	a5,340(a4) # 0xa004154
    1c008fbe:	0a008737          	lui	a4,0xa008
    1c008fc2:	14f72a23          	sw	a5,340(a4) # 0xa008154
    1c008fc6:	0a00c737          	lui	a4,0xa00c
    1c008fca:	14f72a23          	sw	a5,340(a4) # 0xa00c154
    1c008fce:	0a0106b7          	lui	a3,0xa010
    1c008fd2:	04400713          	li	a4,68
    1c008fd6:	14e6aa23          	sw	a4,340(a3) # 0xa010154
    1c008fda:	0a0146b7          	lui	a3,0xa014
    1c008fde:	14e6aa23          	sw	a4,340(a3) # 0xa014154
    1c008fe2:	0a018737          	lui	a4,0xa018
    1c008fe6:	14f72a23          	sw	a5,340(a4) # 0xa018154
    1c008fea:	0a01c737          	lui	a4,0xa01c
    1c008fee:	14f72a23          	sw	a5,340(a4) # 0xa01c154
    1c008ff2:	0a020737          	lui	a4,0xa020
    1c008ff6:	14f72a23          	sw	a5,340(a4) # 0xa020154
    1c008ffa:	0a024737          	lui	a4,0xa024
    1c008ffe:	1c00e437          	lui	s0,0x1c00e
    1c009002:	14f72a23          	sw	a5,340(a4) # 0xa024154
    1c009006:	29840793          	addi	a5,s0,664 # 0x1c00e298
    1c00900a:	57d8                	lw	a4,44(a5)
    1c00900c:	1d500693          	li	a3,469
    1c009010:	29840413          	addi	s0,s0,664
    1c009014:	479d                	li	a5,7
    1c009016:	02e6dc63          	bge	a3,a4,0x1c00904e
    1c00901a:	27100693          	li	a3,625
    1c00901e:	4799                	li	a5,6
    1c009020:	02e6d763          	bge	a3,a4,0x1c00904e
    1c009024:	3a900693          	li	a3,937
    1c009028:	47ad                	li	a5,11
    1c00902a:	02e6d263          	bge	a3,a4,0x1c00904e
    1c00902e:	4e100693          	li	a3,1249
    1c009032:	47a9                	li	a5,10
    1c009034:	00e6dd63          	bge	a3,a4,0x1c00904e
    1c009038:	75300693          	li	a3,1875
    1c00903c:	47e5                	li	a5,25
    1c00903e:	00e6d863          	bge	a3,a4,0x1c00904e
    1c009042:	6785                	lui	a5,0x1
    1c009044:	85578793          	addi	a5,a5,-1963 # 0x855
    1c009048:	00e7a7b3          	slt	a5,a5,a4
    1c00904c:	07e1                	addi	a5,a5,24
    1c00904e:	2781                	sext.w	a5,a5
    1c009050:	0a080737          	lui	a4,0xa080
    1c009054:	30f72a23          	sw	a5,788(a4) # 0xa080314
    1c009058:	545c                	lw	a5,44(s0)
    1c00905a:	3a400713          	li	a4,932
    1c00905e:	00f727b3          	slt	a5,a4,a5
    1c009062:	5c54                	lw	a3,60(s0)
    1c009064:	4705                	li	a4,1
    1c009066:	0785                	addi	a5,a5,1
    1c009068:	00e69363          	bne	a3,a4,0x1c00906e
    1c00906c:	0785                	addi	a5,a5,1
    1c00906e:	2781                	sext.w	a5,a5
    1c009070:	0a080737          	lui	a4,0xa080
    1c009074:	0af72c23          	sw	a5,184(a4) # 0xa0800b8
    1c009078:	08072823          	sw	zero,144(a4)
    1c00907c:	0e072423          	sw	zero,232(a4)
    1c009080:	21200793          	li	a5,530
    1c009084:	1ef72a23          	sw	a5,500(a4)
    1c009088:	06100793          	li	a5,97
    1c00908c:	1ef72823          	sw	a5,496(a4)
    1c009090:	5454                	lw	a3,44(s0)
    1c009092:	1c00e9b7          	lui	s3,0x1c00e
    1c009096:	1a09a703          	lw	a4,416(s3) # 0x1c00e1a0
    1c00909a:	3a500613          	li	a2,933
    1c00909e:	1a098993          	addi	s3,s3,416
    1c0090a2:	47a9                	li	a5,10
    1c0090a4:	00d65b63          	bge	a2,a3,0x1c0090ba
    1c0090a8:	4b000793          	li	a5,1200
    1c0090ac:	30d7c863          	blt	a5,a3,0x1c0093bc
    1c0090b0:	4685                	li	a3,1
    1c0090b2:	4789                	li	a5,2
    1c0090b4:	00d70363          	beq	a4,a3,0x1c0090ba
    1c0090b8:	4799                	li	a5,6
    1c0090ba:	0a080937          	lui	s2,0xa080
    1c0090be:	14f92c23          	sw	a5,344(s2) # 0xa080158
    1c0090c2:	0349aa03          	lw	s4,52(s3)
    1c0090c6:	5070                	lw	a2,100(s0)
    1c0090c8:	4589                	li	a1,2
    1c0090ca:	8552                	mv	a0,s4
    1c0090cc:	e432                	sd	a2,8(sp)
    1c0090ce:	b45ff0ef          	jal	0x1c008c12
    1c0090d2:	84aa                	mv	s1,a0
    1c0090d4:	6622                	ld	a2,8(sp)
    1c0090d6:	458d                	li	a1,3
    1c0090d8:	8552                	mv	a0,s4
    1c0090da:	b39ff0ef          	jal	0x1c008c12
    1c0090de:	0065151b          	slliw	a0,a0,0x6
    1c0090e2:	8d45                	or	a0,a0,s1
    1c0090e4:	10090b13          	addi	s6,s2,256
    1c0090e8:	2501                	sext.w	a0,a0
    1c0090ea:	0a040ab7          	lui	s5,0xa040
    1c0090ee:	100a8c13          	addi	s8,s5,256 # 0xa040100
    1c0090f2:	02ac2a23          	sw	a0,52(s8)
    1c0090f6:	500a8a93          	addi	s5,s5,1280
    1c0090fa:	02aaaa23          	sw	a0,52(s5)
    1c0090fe:	0a044a37          	lui	s4,0xa044
    1c009102:	100a0b93          	addi	s7,s4,256 # 0xa044100
    1c009106:	02abaa23          	sw	a0,52(s7)
    1c00910a:	52aa2a23          	sw	a0,1332(s4)
    1c00910e:	500a0a13          	addi	s4,s4,1280
    1c009112:	0449ac83          	lw	s9,68(s3)
    1c009116:	5070                	lw	a2,100(s0)
    1c009118:	4581                	li	a1,0
    1c00911a:	8566                	mv	a0,s9
    1c00911c:	e432                	sd	a2,8(sp)
    1c00911e:	af5ff0ef          	jal	0x1c008c12
    1c009122:	84aa                	mv	s1,a0
    1c009124:	6622                	ld	a2,8(sp)
    1c009126:	4585                	li	a1,1
    1c009128:	8566                	mv	a0,s9
    1c00912a:	ae9ff0ef          	jal	0x1c008c12
    1c00912e:	0065151b          	slliw	a0,a0,0x6
    1c009132:	8d45                	or	a0,a0,s1
    1c009134:	2501                	sext.w	a0,a0
    1c009136:	02ac2223          	sw	a0,36(s8)
    1c00913a:	02aaa223          	sw	a0,36(s5)
    1c00913e:	02aba223          	sw	a0,36(s7)
    1c009142:	02aa2223          	sw	a0,36(s4)
    1c009146:	0549aa03          	lw	s4,84(s3)
    1c00914a:	5070                	lw	a2,100(s0)
    1c00914c:	4591                	li	a1,4
    1c00914e:	8552                	mv	a0,s4
    1c009150:	e432                	sd	a2,8(sp)
    1c009152:	ac1ff0ef          	jal	0x1c008c12
    1c009156:	84aa                	mv	s1,a0
    1c009158:	6622                	ld	a2,8(sp)
    1c00915a:	4595                	li	a1,5
    1c00915c:	8552                	mv	a0,s4
    1c00915e:	ab5ff0ef          	jal	0x1c008c12
    1c009162:	0055151b          	slliw	a0,a0,0x5
    1c009166:	8d45                	or	a0,a0,s1
    1c009168:	2501                	sext.w	a0,a0
    1c00916a:	0a0007b7          	lui	a5,0xa000
    1c00916e:	10a7a623          	sw	a0,268(a5) # 0xa00010c
    1c009172:	0a0047b7          	lui	a5,0xa004
    1c009176:	10a7a623          	sw	a0,268(a5) # 0xa00410c
    1c00917a:	0a0087b7          	lui	a5,0xa008
    1c00917e:	10a7a623          	sw	a0,268(a5) # 0xa00810c
    1c009182:	0a00c7b7          	lui	a5,0xa00c
    1c009186:	10a7a623          	sw	a0,268(a5) # 0xa00c10c
    1c00918a:	0a0107b7          	lui	a5,0xa010
    1c00918e:	10a7a623          	sw	a0,268(a5) # 0xa01010c
    1c009192:	0a0147b7          	lui	a5,0xa014
    1c009196:	10a7a623          	sw	a0,268(a5) # 0xa01410c
    1c00919a:	0a0187b7          	lui	a5,0xa018
    1c00919e:	10a7a623          	sw	a0,268(a5) # 0xa01810c
    1c0091a2:	0a01c7b7          	lui	a5,0xa01c
    1c0091a6:	10a7a623          	sw	a0,268(a5) # 0xa01c10c
    1c0091aa:	0a0207b7          	lui	a5,0xa020
    1c0091ae:	10a7a623          	sw	a0,268(a5) # 0xa02010c
    1c0091b2:	0a0247b7          	lui	a5,0xa024
    1c0091b6:	10a7a623          	sw	a0,268(a5) # 0xa02410c
    1c0091ba:	4785                	li	a5,1
    1c0091bc:	06f92023          	sw	a5,96(s2)
    1c0091c0:	1c092a23          	sw	zero,468(s2)
    1c0091c4:	0209a783          	lw	a5,32(s3)
    1c0091c8:	0047971b          	slliw	a4,a5,0x4
    1c0091cc:	8fd9                	or	a5,a5,a4
    1c0091ce:	04fb2023          	sw	a5,64(s6)
    1c0091d2:	545c                	lw	a5,44(s0)
    1c0091d4:	4709                	li	a4,2
    1c0091d6:	02e7c7bb          	divw	a5,a5,a4
    1c0091da:	02f92023          	sw	a5,32(s2)
    1c0091de:	47a5                	li	a5,9
    1c0091e0:	1c00e4b7          	lui	s1,0x1c00e
    1c0091e4:	22f92023          	sw	a5,544(s2)
    1c0091e8:	0f848793          	addi	a5,s1,248 # 0x1c00e0f8
    1c0091ec:	00c7c703          	lbu	a4,12(a5)
    1c0091f0:	67e1                	lui	a5,0x18
    1c0091f2:	6a07879b          	addiw	a5,a5,1696 # 0x186a0
    1c0091f6:	07f00613          	li	a2,127
    1c0091fa:	02f7073b          	mulw	a4,a4,a5
    1c0091fe:	67c1                	lui	a5,0x10
    1c009200:	a007879b          	addiw	a5,a5,-1536 # 0xfa00
    1c009204:	4691                	li	a3,4
    1c009206:	0f848493          	addi	s1,s1,248
    1c00920a:	02f747bb          	divw	a5,a4,a5
    1c00920e:	2785                	addiw	a5,a5,1
    1c009210:	0ff7f793          	zext.b	a5,a5
    1c009214:	02f65163          	bge	a2,a5,0x1c009236
    1c009218:	4077579b          	sraiw	a5,a4,0x7
    1c00921c:	7761                	lui	a4,0xffff8
    1c00921e:	93c7071b          	addiw	a4,a4,-1732 # 0xffffffffffff793c
    1c009222:	9fb9                	addw	a5,a5,a4
    1c009224:	1f400713          	li	a4,500
    1c009228:	0ae7e7b3          	.insn	4, 0x0ae7e7b3
    1c00922c:	4681                	li	a3,0
    1c00922e:	02e7c7bb          	divw	a5,a5,a4
    1c009232:	0ff7f793          	zext.b	a5,a5
    1c009236:	07f00713          	li	a4,127
    1c00923a:	0ae7c7b3          	.insn	4, 0x0ae7c7b3
    1c00923e:	078e                	slli	a5,a5,0x3
    1c009240:	8fd5                	or	a5,a5,a3
    1c009242:	0a0806b7          	lui	a3,0xa080
    1c009246:	28068713          	addi	a4,a3,640 # 0xa080280
    1c00924a:	c73c                	sw	a5,72(a4)
    1c00924c:	0a0405b7          	lui	a1,0xa040
    1c009250:	58100793          	li	a5,1409
    1c009254:	10f5a623          	sw	a5,268(a1) # 0xa04010c
    1c009258:	50f5a623          	sw	a5,1292(a1)
    1c00925c:	0a044637          	lui	a2,0xa044
    1c009260:	10f62623          	sw	a5,268(a2) # 0xa04410c
    1c009264:	50f62623          	sw	a5,1292(a2)
    1c009268:	38068793          	addi	a5,a3,896
    1c00926c:	4705                	li	a4,1
    1c00926e:	d7b8                	sw	a4,104(a5)
    1c009270:	4711                	li	a4,4
    1c009272:	d2f8                	sw	a4,100(a3)
    1c009274:	6715                	lui	a4,0x5
    1c009276:	55570713          	addi	a4,a4,1365 # 0x5555
    1c00927a:	c3b8                	sw	a4,64(a5)
    1c00927c:	c3f8                	sw	a4,68(a5)
    1c00927e:	c7b8                	sw	a4,72(a5)
    1c009280:	c7f8                	sw	a4,76(a5)
    1c009282:	cbb8                	sw	a4,80(a5)
    1c009284:	cbf8                	sw	a4,84(a5)
    1c009286:	cfb8                	sw	a4,88(a5)
    1c009288:	673d                	lui	a4,0xf
    1c00928a:	cff8                	sw	a4,92(a5)
    1c00928c:	50000793          	li	a5,1280
    1c009290:	12f5a423          	sw	a5,296(a1)
    1c009294:	12f62423          	sw	a5,296(a2)
    1c009298:	0806aa23          	sw	zero,148(a3)
    1c00929c:	0a06a823          	sw	zero,176(a3)
    1c0092a0:	18068693          	addi	a3,a3,384
    1c0092a4:	4789                	li	a5,2
    1c0092a6:	c29c                	sw	a5,0(a3)
    1c0092a8:	0a3407b7          	lui	a5,0xa340
    1c0092ac:	1828                	addi	a0,sp,56
    1c0092ae:	0007a023          	sw	zero,0(a5) # 0xa340000
    1c0092b2:	5ef010ef          	jal	0x1c00b0a0
    1c0092b6:	8e0fc0ef          	jal	0x1c005396
    1c0092ba:	00050a37          	lui	s4,0x50
    1c0092be:	4901                	li	s2,0
    1c0092c0:	4b01                	li	s6,0
    1c0092c2:	4a81                	li	s5,0
    1c0092c4:	00054bb7          	lui	s7,0x54
    1c0092c8:	0005099b          	sext.w	s3,a0
    1c0092cc:	036ae763          	bltu	s5,s6,0x1c0092fa
    1c0092d0:	0110                	addi	a2,sp,128
    1c0092d2:	40000593          	li	a1,1024
    1c0092d6:	7c09b50b          	.insn	4, 0x7c09b50b
    1c0092da:	ae9fc0ef          	jal	0x1c005dc2
    1c0092de:	4681                	li	a3,0
    1c0092e0:	40000613          	li	a2,1024
    1c0092e4:	010c                	addi	a1,sp,128
    1c0092e6:	1828                	addi	a0,sp,56
    1c0092e8:	5c9010ef          	jal	0x1c00b0b0
    1c0092ec:	4009899b          	addiw	s3,s3,1024
    1c0092f0:	4009091b          	addiw	s2,s2,1024
    1c0092f4:	40000b13          	li	s6,1024
    1c0092f8:	4a81                	li	s5,0
    1c0092fa:	0118                	addi	a4,sp,128
    1c0092fc:	001a879b          	addiw	a5,s5,1
    1c009300:	90f7478b          	.insn	4, 0x90f7478b
    1c009304:	9157458b          	.insn	4, 0x9157458b
    1c009308:	0087979b          	slliw	a5,a5,0x8
    1c00930c:	9dbd                	addw	a1,a1,a5
    1c00930e:	8552                	mv	a0,s4
    1c009310:	fc8ff0ef          	jal	0x1c008ad8
    1c009314:	2a89                	addiw	s5,s5,2
    1c009316:	2a05                	addiw	s4,s4,1 # 0x50001
    1c009318:	fb7a1ae3          	bne	s4,s7,0x1c0092cc
    1c00931c:	0a3407b7          	lui	a5,0xa340
    1c009320:	4705                	li	a4,1
    1c009322:	c398                	sw	a4,0(a5)
    1c009324:	00054b37          	lui	s6,0x54
    1c009328:	4b81                	li	s7,0
    1c00932a:	4a81                	li	s5,0
    1c00932c:	364b0b13          	addi	s6,s6,868 # 0x54364
    1c009330:	0007a023          	sw	zero,0(a5) # 0xa340000
    1c009334:	037ae763          	bltu	s5,s7,0x1c009362
    1c009338:	0110                	addi	a2,sp,128
    1c00933a:	40000593          	li	a1,1024
    1c00933e:	7c09b50b          	.insn	4, 0x7c09b50b
    1c009342:	a81fc0ef          	jal	0x1c005dc2
    1c009346:	4681                	li	a3,0
    1c009348:	40000613          	li	a2,1024
    1c00934c:	010c                	addi	a1,sp,128
    1c00934e:	1828                	addi	a0,sp,56
    1c009350:	561010ef          	jal	0x1c00b0b0
    1c009354:	4009899b          	addiw	s3,s3,1024
    1c009358:	4009091b          	addiw	s2,s2,1024
    1c00935c:	40000b93          	li	s7,1024
    1c009360:	4a81                	li	s5,0
    1c009362:	0118                	addi	a4,sp,128
    1c009364:	001a879b          	addiw	a5,s5,1
    1c009368:	90f7478b          	.insn	4, 0x90f7478b
    1c00936c:	9157458b          	.insn	4, 0x9157458b
    1c009370:	0087979b          	slliw	a5,a5,0x8
    1c009374:	9dbd                	addw	a1,a1,a5
    1c009376:	8552                	mv	a0,s4
    1c009378:	f60ff0ef          	jal	0x1c008ad8
    1c00937c:	2a89                	addiw	s5,s5,2
    1c00937e:	2a05                	addiw	s4,s4,1
    1c009380:	fb6a1ae3          	bne	s4,s6,0x1c009334
    1c009384:	412989bb          	subw	s3,s3,s2
    1c009388:	6a41                	lui	s4,0x10
    1c00938a:	0129853b          	addw	a0,s3,s2
    1c00938e:	03494d63          	blt	s2,s4,0x1c0093c8
    1c009392:	082c                	addi	a1,sp,24
    1c009394:	1828                	addi	a0,sp,56
    1c009396:	617010ef          	jal	0x1c00b1ac
    1c00939a:	1c00e5b7          	lui	a1,0x1c00e
    1c00939e:	d8058593          	addi	a1,a1,-640 # 0x1c00dd80
    1c0093a2:	02000613          	li	a2,32
    1c0093a6:	0828                	addi	a0,sp,24
    1c0093a8:	42d010ef          	jal	0x1c00afd4
    1c0093ac:	cd1d                	beqz	a0,0x1c0093ea
    1c0093ae:	1c00c537          	lui	a0,0x1c00c
    1c0093b2:	7f050513          	addi	a0,a0,2032 # 0x1c00c7f0
    1c0093b6:	7d4010ef          	jal	0x1c00ab8a
    1c0093ba:	a001                	j	0x1c0093ba
    1c0093bc:	4685                	li	a3,1
    1c0093be:	478d                	li	a5,3
    1c0093c0:	ced70de3          	beq	a4,a3,0x1c0090ba
    1c0093c4:	479d                	li	a5,7
    1c0093c6:	b9d5                	j	0x1c0090ba
    1c0093c8:	0110                	addi	a2,sp,128
    1c0093ca:	40000593          	li	a1,1024
    1c0093ce:	7c05350b          	.insn	4, 0x7c05350b
    1c0093d2:	9f1fc0ef          	jal	0x1c005dc2
    1c0093d6:	4681                	li	a3,0
    1c0093d8:	40000613          	li	a2,1024
    1c0093dc:	010c                	addi	a1,sp,128
    1c0093de:	1828                	addi	a0,sp,56
    1c0093e0:	4d1010ef          	jal	0x1c00b0b0
    1c0093e4:	4009091b          	addiw	s2,s2,1024
    1c0093e8:	b74d                	j	0x1c00938a
    1c0093ea:	0014c703          	lbu	a4,1(s1)
    1c0093ee:	0087171b          	slliw	a4,a4,0x8
    1c0093f2:	0a1507b7          	lui	a5,0xa150
    1c0093f6:	c398                	sw	a4,0(a5)
    1c0093f8:	5458                	lw	a4,44(s0)
    1c0093fa:	0017171b          	slliw	a4,a4,0x1
    1c0093fe:	c7d8                	sw	a4,12(a5)
    1c009400:	4478                	lw	a4,76(s0)
    1c009402:	0017171b          	slliw	a4,a4,0x1
    1c009406:	cb98                	sw	a4,16(a5)
    1c009408:	00c4d703          	lhu	a4,12(s1)
    1c00940c:	cf98                	sw	a4,24(a5)
    1c00940e:	00f4c703          	lbu	a4,15(s1)
    1c009412:	0087171b          	slliw	a4,a4,0x8
    1c009416:	cfd8                	sw	a4,28(a5)
    1c009418:	10100713          	li	a4,257
    1c00941c:	d398                	sw	a4,32(a5)
    1c00941e:	0134c703          	lbu	a4,19(s1)
    1c009422:	0087171b          	slliw	a4,a4,0x8
    1c009426:	d3d8                	sw	a4,36(a5)
    1c009428:	0154c703          	lbu	a4,21(s1)
    1c00942c:	d798                	sw	a4,40(a5)
    1c00942e:	0164d703          	lhu	a4,22(s1)
    1c009432:	d7d8                	sw	a4,44(a5)
    1c009434:	0184c703          	lbu	a4,24(s1)
    1c009438:	db98                	sw	a4,48(a5)
    1c00943a:	0244c703          	lbu	a4,36(s1)
    1c00943e:	c7b8                	sw	a4,72(a5)
    1c009440:	05e4d703          	lhu	a4,94(s1)
    1c009444:	08078793          	addi	a5,a5,128 # 0xa150080
    1c009448:	dfd8                	sw	a4,60(a5)
    1c00944a:	0604d703          	lhu	a4,96(s1)
    1c00944e:	c3b8                	sw	a4,64(a5)
    1c009450:	0624d703          	lhu	a4,98(s1)
    1c009454:	c3f8                	sw	a4,68(a5)
    1c009456:	0a3404b7          	lui	s1,0xa340
    1c00945a:	4905                	li	s2,1
    1c00945c:	0124a023          	sw	s2,0(s1) # 0xa340000
    1c009460:	0124a023          	sw	s2,0(s1)
    1c009464:	49a5                	li	s3,9
    1c009466:	2734a223          	sw	s3,612(s1)
    1c00946a:	2724a223          	sw	s2,612(s1)
    1c00946e:	2604a223          	sw	zero,612(s1)
    1c009472:	a83ff0ef          	jal	0x1c008ef4
    1c009476:	40051563          	bnez	a0,0x1c009880
    1c00947a:	2724a223          	sw	s2,612(s1)
    1c00947e:	0004a023          	sw	zero,0(s1)
    1c009482:	0124a023          	sw	s2,0(s1)
    1c009486:	0004a023          	sw	zero,0(s1)
    1c00948a:	0a2407b7          	lui	a5,0xa240
    1c00948e:	48c1                	li	a7,16
    1c009490:	0117a023          	sw	a7,0(a5) # 0xa240000
    1c009494:	40000293          	li	t0,1024
    1c009498:	0057a223          	sw	t0,4(a5)
    1c00949c:	10e00713          	li	a4,270
    1c0094a0:	c798                	sw	a4,8(a5)
    1c0094a2:	0007a623          	sw	zero,12(a5)
    1c0094a6:	0007a823          	sw	zero,16(a5)
    1c0094aa:	45a1                	li	a1,8
    1c0094ac:	cbcc                	sw	a1,20(a5)
    1c0094ae:	08078693          	addi	a3,a5,128
    1c0094b2:	4bad                	li	s7,11
    1c0094b4:	0376a223          	sw	s7,36(a3)
    1c0094b8:	48000713          	li	a4,1152
    1c0094bc:	d698                	sw	a4,40(a3)
    1c0094be:	10900613          	li	a2,265
    1c0094c2:	d6d0                	sw	a2,44(a3)
    1c0094c4:	da8c                	sw	a1,48(a3)
    1c0094c6:	44800b13          	li	s6,1096
    1c0094ca:	0366aa23          	sw	s6,52(a3)
    1c0094ce:	13900713          	li	a4,313
    1c0094d2:	de98                	sw	a4,56(a3)
    1c0094d4:	decc                	sw	a1,60(a3)
    1c0094d6:	47800d93          	li	s11,1144
    1c0094da:	05b6a023          	sw	s11,64(a3)
    1c0094de:	c2f0                	sw	a2,68(a3)
    1c0094e0:	4809                	li	a6,2
    1c0094e2:	0506a423          	sw	a6,72(a3)
    1c0094e6:	0516a623          	sw	a7,76(a3)
    1c0094ea:	cab8                	sw	a4,80(a3)
    1c0094ec:	0576aa23          	sw	s7,84(a3)
    1c0094f0:	7c000a93          	li	s5,1984
    1c0094f4:	0556ac23          	sw	s5,88(a3)
    1c0094f8:	cef8                	sw	a4,92(a3)
    1c0094fa:	04400713          	li	a4,68
    1c0094fe:	d2b8                	sw	a4,96(a3)
    1c009500:	63300813          	li	a6,1587
    1c009504:	0706a223          	sw	a6,100(a3)
    1c009508:	15900e93          	li	t4,345
    1c00950c:	07d6a423          	sw	t4,104(a3)
    1c009510:	14f00713          	li	a4,335
    1c009514:	d6f8                	sw	a4,108(a3)
    1c009516:	63000c93          	li	s9,1584
    1c00951a:	0796a823          	sw	s9,112(a3)
    1c00951e:	07d6aa23          	sw	t4,116(a3)
    1c009522:	04700d13          	li	s10,71
    1c009526:	07a6ac23          	sw	s10,120(a3)
    1c00952a:	0706ae23          	sw	a6,124(a3)
    1c00952e:	10078713          	addi	a4,a5,256
    1c009532:	14900313          	li	t1,329
    1c009536:	00672023          	sw	t1,0(a4) # 0xf000
    1c00953a:	04f00e13          	li	t3,79
    1c00953e:	01c72223          	sw	t3,4(a4)
    1c009542:	01072423          	sw	a6,8(a4)
    1c009546:	17900e13          	li	t3,377
    1c00954a:	01c72623          	sw	t3,12(a4)
    1c00954e:	cb0c                	sw	a1,16(a4)
    1c009550:	0e000a13          	li	s4,224
    1c009554:	01472a23          	sw	s4,20(a4)
    1c009558:	cf10                	sw	a2,24(a4)
    1c00955a:	1007ae23          	sw	zero,284(a5)
    1c00955e:	7c800393          	li	t2,1992
    1c009562:	02772023          	sw	t2,32(a4)
    1c009566:	d350                	sw	a2,36(a4)
    1c009568:	1207a423          	sw	zero,296(a5)
    1c00956c:	03272623          	sw	s2,44(a4)
    1c009570:	db0c                	sw	a1,48(a4)
    1c009572:	1207aa23          	sw	zero,308(a5)
    1c009576:	45a00f13          	li	t5,1114
    1c00957a:	03e72c23          	sw	t5,56(a4)
    1c00957e:	03372e23          	sw	s3,60(a4)
    1c009582:	1407a023          	sw	zero,320(a5)
    1c009586:	05672223          	sw	s6,68(a4)
    1c00958a:	c730                	sw	a2,72(a4)
    1c00958c:	04000f13          	li	t5,64
    1c009590:	05e72623          	sw	t5,76(a4)
    1c009594:	05072823          	sw	a6,80(a4)
    1c009598:	05c72a23          	sw	t3,84(a4)
    1c00959c:	05272c23          	sw	s2,88(a4)
    1c0095a0:	61800e13          	li	t3,1560
    1c0095a4:	05c72e23          	sw	t3,92(a4)
    1c0095a8:	d330                	sw	a2,96(a4)
    1c0095aa:	6f91                	lui	t6,0x4
    1c0095ac:	0c0f8e13          	addi	t3,t6,192 # 0x40c0
    1c0095b0:	07c72223          	sw	t3,100(a4)
    1c0095b4:	07072423          	sw	a6,104(a4)
    1c0095b8:	06672623          	sw	t1,108(a4)
    1c0095bc:	db2c                	sw	a1,112(a4)
    1c0095be:	4e11                	li	t3,4
    1c0095c0:	07c72a23          	sw	t3,116(a4)
    1c0095c4:	04800c13          	li	s8,72
    1c0095c8:	07872c23          	sw	s8,120(a4)
    1c0095cc:	040f8f93          	addi	t6,t6,64
    1c0095d0:	07f72e23          	sw	t6,124(a4)
    1c0095d4:	18078713          	addi	a4,a5,384
    1c0095d8:	01072023          	sw	a6,0(a4)
    1c0095dc:	00672223          	sw	t1,4(a4)
    1c0095e0:	1807a423          	sw	zero,392(a5)
    1c0095e4:	01c72623          	sw	t3,12(a4)
    1c0095e8:	01872823          	sw	s8,16(a4)
    1c0095ec:	01e72a23          	sw	t5,20(a4)
    1c0095f0:	01072c23          	sw	a6,24(a4)
    1c0095f4:	00672e23          	sw	t1,28(a4)
    1c0095f8:	03172023          	sw	a7,32(a4)
    1c0095fc:	03c72223          	sw	t3,36(a4)
    1c009600:	4f61                	li	t5,24
    1c009602:	03e72423          	sw	t5,40(a4)
    1c009606:	1a07a623          	sw	zero,428(a5)
    1c00960a:	03c72823          	sw	t3,48(a4)
    1c00960e:	07800f93          	li	t6,120
    1c009612:	03f72a23          	sw	t6,52(a4)
    1c009616:	54900f93          	li	t6,1353
    1c00961a:	03f72c23          	sw	t6,56(a4)
    1c00961e:	03072e23          	sw	a6,60(a4)
    1c009622:	05d72023          	sw	t4,64(a4)
    1c009626:	6f85                	lui	t6,0x1
    1c009628:	d49f8f9b          	addiw	t6,t6,-695 # 0xd49
    1c00962c:	05f72223          	sw	t6,68(a4)
    1c009630:	05072423          	sw	a6,72(a4)
    1c009634:	05d72623          	sw	t4,76(a4)
    1c009638:	6f85                	lui	t6,0x1
    1c00963a:	94af8f93          	addi	t6,t6,-1718 # 0x94a
    1c00963e:	05f72823          	sw	t6,80(a4)
    1c009642:	05072a23          	sw	a6,84(a4)
    1c009646:	05d72c23          	sw	t4,88(a4)
    1c00964a:	44100f93          	li	t6,1089
    1c00964e:	05f72e23          	sw	t6,92(a4)
    1c009652:	07072023          	sw	a6,96(a4)
    1c009656:	06672223          	sw	t1,100(a4)
    1c00965a:	04200f93          	li	t6,66
    1c00965e:	07f72423          	sw	t6,104(a4)
    1c009662:	07072623          	sw	a6,108(a4)
    1c009666:	06672823          	sw	t1,112(a4)
    1c00966a:	07272a23          	sw	s2,116(a4)
    1c00966e:	07072c23          	sw	a6,120(a4)
    1c009672:	06672e23          	sw	t1,124(a4)
    1c009676:	2007a023          	sw	zero,512(a5)
    1c00967a:	20078713          	addi	a4,a5,512
    1c00967e:	01472223          	sw	s4,4(a4)
    1c009682:	c710                	sw	a2,8(a4)
    1c009684:	4829                	li	a6,10
    1c009686:	01072623          	sw	a6,12(a4)
    1c00968a:	01172823          	sw	a7,16(a4)
    1c00968e:	cb50                	sw	a2,20(a4)
    1c009690:	01372c23          	sw	s3,24(a4)
    1c009694:	3c000813          	li	a6,960
    1c009698:	01072e23          	sw	a6,28(a4)
    1c00969c:	02672023          	sw	t1,32(a4)
    1c0096a0:	03372223          	sw	s3,36(a4)
    1c0096a4:	03072423          	sw	a6,40(a4)
    1c0096a8:	03d72623          	sw	t4,44(a4)
    1c0096ac:	03e72823          	sw	t5,48(a4)
    1c0096b0:	03172a23          	sw	a7,52(a4)
    1c0096b4:	df10                	sw	a2,56(a4)
    1c0096b6:	2207ae23          	sw	zero,572(a5)
    1c0096ba:	05072023          	sw	a6,64(a4)
    1c0096be:	c370                	sw	a2,68(a4)
    1c0096c0:	05e72423          	sw	t5,72(a4)
    1c0096c4:	05c72623          	sw	t3,76(a4)
    1c0096c8:	05872823          	sw	s8,80(a4)
    1c0096cc:	05e72a23          	sw	t5,84(a4)
    1c0096d0:	05c72c23          	sw	t3,88(a4)
    1c0096d4:	05800813          	li	a6,88
    1c0096d8:	05072e23          	sw	a6,92(a4)
    1c0096dc:	07772023          	sw	s7,96(a4)
    1c0096e0:	07172223          	sw	a7,100(a4)
    1c0096e4:	d730                	sw	a2,104(a4)
    1c0096e6:	07272623          	sw	s2,108(a4)
    1c0096ea:	07172823          	sw	a7,112(a4)
    1c0096ee:	db70                	sw	a2,116(a4)
    1c0096f0:	4815                	li	a6,5
    1c0096f2:	07072c23          	sw	a6,120(a4)
    1c0096f6:	07572e23          	sw	s5,124(a4)
    1c0096fa:	28078713          	addi	a4,a5,640
    1c0096fe:	c310                	sw	a2,0(a4)
    1c009700:	2807a223          	sw	zero,644(a5)
    1c009704:	6821                	lui	a6,0x8
    1c009706:	14080e93          	addi	t4,a6,320 # 0x8140
    1c00970a:	01d72423          	sw	t4,8(a4)
    1c00970e:	10c00313          	li	t1,268
    1c009712:	00672623          	sw	t1,12(a4)
    1c009716:	01172823          	sw	a7,16(a4)
    1c00971a:	13880813          	addi	a6,a6,312
    1c00971e:	01072a23          	sw	a6,20(a4)
    1c009722:	10400813          	li	a6,260
    1c009726:	01072c23          	sw	a6,24(a4)
    1c00972a:	cf4c                	sw	a1,28(a4)
    1c00972c:	03672023          	sw	s6,32(a4)
    1c009730:	d350                	sw	a2,36(a4)
    1c009732:	483d                	li	a6,15
    1c009734:	03072423          	sw	a6,40(a4)
    1c009738:	03572623          	sw	s5,44(a4)
    1c00973c:	db10                	sw	a2,48(a4)
    1c00973e:	03a72a23          	sw	s10,52(a4)
    1c009742:	03972c23          	sw	s9,56(a4)
    1c009746:	df50                	sw	a2,60(a4)
    1c009748:	c32c                	sw	a1,64(a4)
    1c00974a:	61800813          	li	a6,1560
    1c00974e:	05072223          	sw	a6,68(a4)
    1c009752:	c730                	sw	a2,72(a4)
    1c009754:	c76c                	sw	a1,76(a4)
    1c009756:	05472823          	sw	s4,80(a4)
    1c00975a:	cb70                	sw	a2,84(a4)
    1c00975c:	2c07ac23          	sw	zero,728(a5)
    1c009760:	04772e23          	sw	t2,92(a4)
    1c009764:	d330                	sw	a2,96(a4)
    1c009766:	d36c                	sw	a1,100(a4)
    1c009768:	07d72423          	sw	t4,104(a4)
    1c00976c:	06672623          	sw	t1,108(a4)
    1c009770:	2e07a823          	sw	zero,752(a5)
    1c009774:	07b72a23          	sw	s11,116(a4)
    1c009778:	df30                	sw	a2,120(a4)
    1c00977a:	2e07ae23          	sw	zero,764(a5)
    1c00977e:	30078713          	addi	a4,a5,768
    1c009782:	01272023          	sw	s2,0(a4)
    1c009786:	c34c                	sw	a1,4(a4)
    1c009788:	c70c                	sw	a1,8(a4)
    1c00978a:	01c72623          	sw	t3,12(a4)
    1c00978e:	3007a823          	sw	zero,784(a5)
    1c009792:	cf8c                	sw	a1,24(a5)
    1c009794:	0077ae23          	sw	t2,28(a5)
    1c009798:	d390                	sw	a2,32(a5)
    1c00979a:	0207a223          	sw	zero,36(a5)
    1c00979e:	0257a423          	sw	t0,40(a5)
    1c0097a2:	10600713          	li	a4,262
    1c0097a6:	d7d8                	sw	a4,44(a5)
    1c0097a8:	3854ae23          	sw	t0,924(s1)
    1c0097ac:	0407ae23          	sw	zero,92(a5)
    1c0097b0:	02a00793          	li	a5,42
    1c0097b4:	ce9c                	sw	a5,24(a3)
    1c0097b6:	545c                	lw	a5,44(s0)
    1c0097b8:	18f00613          	li	a2,399
    1c0097bc:	468d                	li	a3,3
    1c0097be:	4017d71b          	sraiw	a4,a5,0x1
    1c0097c2:	4017d813          	srai	a6,a5,0x1
    1c0097c6:	4047d593          	srai	a1,a5,0x4
    1c0097ca:	00f65863          	bge	a2,a5,0x1c0097da
    1c0097ce:	21400613          	li	a2,532
    1c0097d2:	4681                	li	a3,0
    1c0097d4:	00f64363          	blt	a2,a5,0x1c0097da
    1c0097d8:	46ad                	li	a3,11
    1c0097da:	4037d79b          	sraiw	a5,a5,0x3
    1c0097de:	9f95                	subw	a5,a5,a3
    1c0097e0:	3c07b78b          	.insn	4, 0x3c07b78b
    1c0097e4:	46a9                	li	a3,10
    1c0097e6:	21500893          	li	a7,533
    1c0097ea:	0b000613          	li	a2,176
    1c0097ee:	02e686bb          	mulw	a3,a3,a4
    1c0097f2:	0017171b          	slliw	a4,a4,0x1
    1c0097f6:	4026d69b          	sraiw	a3,a3,0x2
    1c0097fa:	00e8ca63          	blt	a7,a4,0x1c00980e
    1c0097fe:	0c800713          	li	a4,200
    1c009802:	08400613          	li	a2,132
    1c009806:	01074463          	blt	a4,a6,0x1c00980e
    1c00980a:	04000613          	li	a2,64
    1c00980e:	3c05b58b          	.insn	4, 0x3c05b58b
    1c009812:	0a080737          	lui	a4,0xa080
    1c009816:	2781                	sext.w	a5,a5
    1c009818:	d74c                	sw	a1,44(a4)
    1c00981a:	db1c                	sw	a5,48(a4)
    1c00981c:	3c06b78b          	.insn	4, 0x3c06b78b
    1c009820:	4026561b          	sraiw	a2,a2,0x2
    1c009824:	db5c                	sw	a5,52(a4)
    1c009826:	df10                	sw	a2,56(a4)
    1c009828:	0a2407b7          	lui	a5,0xa240
    1c00982c:	0207a823          	sw	zero,48(a5) # 0xa240030
    1c009830:	17300693          	li	a3,371
    1c009834:	dbd4                	sw	a3,52(a5)
    1c009836:	06000693          	li	a3,96
    1c00983a:	df94                	sw	a3,56(a5)
    1c00983c:	6699                	lui	a3,0x6
    1c00983e:	11068613          	addi	a2,a3,272 # 0x6110
    1c009842:	dfd0                	sw	a2,60(a5)
    1c009844:	6609                	lui	a2,0x2
    1c009846:	15260613          	addi	a2,a2,338 # 0x2152
    1c00984a:	c3b0                	sw	a2,64(a5)
    1c00984c:	6639                	lui	a2,0xe
    1c00984e:	fbd60613          	addi	a2,a2,-67 # 0xdfbd
    1c009852:	c3f0                	sw	a2,68(a5)
    1c009854:	6641                	lui	a2,0x10
    1c009856:	167d                	addi	a2,a2,-1 # 0xffff
    1c009858:	c7b0                	sw	a2,72(a5)
    1c00985a:	15268693          	addi	a3,a3,338
    1c00985e:	c7f4                	sw	a3,76(a5)
    1c009860:	20070713          	addi	a4,a4,512 # 0xa080200
    1c009864:	4685                	li	a3,1
    1c009866:	d354                	sw	a3,36(a4)
    1c009868:	47e5                	li	a5,25
    1c00986a:	d31c                	sw	a5,32(a4)
    1c00986c:	0a3007b7          	lui	a5,0xa300
    1c009870:	2007a023          	sw	zero,512(a5) # 0xa300200
    1c009874:	0a3407b7          	lui	a5,0xa340
    1c009878:	c394                	sw	a3,0(a5)
    1c00987a:	0007a023          	sw	zero,0(a5) # 0xa340000
    1c00987e:	4f7c                	lw	a5,92(a4)
    1c009880:	4e813083          	ld	ra,1256(sp)
    1c009884:	48813d83          	ld	s11,1160(sp)
    1c009888:	49013d03          	ld	s10,1168(sp)
    1c00988c:	49813c83          	ld	s9,1176(sp)
    1c009890:	4a013c03          	ld	s8,1184(sp)
    1c009894:	4a813b83          	ld	s7,1192(sp)
    1c009898:	4b013b03          	ld	s6,1200(sp)
    1c00989c:	4b813a83          	ld	s5,1208(sp)
    1c0098a0:	4c013a03          	ld	s4,1216(sp)
    1c0098a4:	4c813983          	ld	s3,1224(sp)
    1c0098a8:	4d013903          	ld	s2,1232(sp)
    1c0098ac:	4d813483          	ld	s1,1240(sp)
    1c0098b0:	4e013403          	ld	s0,1248(sp)
    1c0098b4:	4f010113          	addi	sp,sp,1264
    1c0098b8:	8082                	ret
    1c0098ba:	4785                	li	a5,1
    1c0098bc:	4701                	li	a4,0
    1c0098be:	e511                	bnez	a0,0x1c0098ca
    1c0098c0:	853e                	mv	a0,a5
    1c0098c2:	8082                	ret
    1c0098c4:	0017979b          	slliw	a5,a5,0x1
    1c0098c8:	2705                	addiw	a4,a4,1
    1c0098ca:	fea74de3          	blt	a4,a0,0x1c0098c4
    1c0098ce:	bfcd                	j	0x1c0098c0
    1c0098d0:	0005071b          	sext.w	a4,a0
    1c0098d4:	4781                	li	a5,0
    1c0098d6:	4501                	li	a0,0
    1c0098d8:	4685                	li	a3,1
    1c0098da:	00e79363          	bne	a5,a4,0x1c0098e0
    1c0098de:	8082                	ret
    1c0098e0:	00f6963b          	sllw	a2,a3,a5
    1c0098e4:	8d51                	or	a0,a0,a2
    1c0098e6:	2785                	addiw	a5,a5,1
    1c0098e8:	bfcd                	j	0x1c0098da
    1c0098ea:	1101                	addi	sp,sp,-32
    1c0098ec:	e822                	sd	s0,16(sp)
    1c0098ee:	ec06                	sd	ra,24(sp)
    1c0098f0:	842a                	mv	s0,a0
    1c0098f2:	8532                	mv	a0,a2
    1c0098f4:	f8b1568b          	.insn	4, 0xf8b1568b
    1c0098f8:	fd9ff0ef          	jal	0x1c0098d0
    1c0098fc:	7c04370b          	.insn	4, 0x7c04370b
    1c009900:	4310                	lw	a2,0(a4)
    1c009902:	f8b1468b          	.insn	4, 0xf8b1468b
    1c009906:	00b517bb          	sllw	a5,a0,a1
    1c00990a:	40f677b3          	.insn	4, 0x40f677b3
    1c00990e:	00b696bb          	sllw	a3,a3,a1
    1c009912:	8fd5                	or	a5,a5,a3
    1c009914:	2781                	sext.w	a5,a5
    1c009916:	6442                	ld	s0,16(sp)
    1c009918:	60e2                	ld	ra,24(sp)
    1c00991a:	c31c                	sw	a5,0(a4)
    1c00991c:	6105                	addi	sp,sp,32
    1c00991e:	8082                	ret
    1c009920:	0ce00537          	lui	a0,0xce00
    1c009924:	4681                	li	a3,0
    1c009926:	4605                	li	a2,1
    1c009928:	45a1                	li	a1,8
    1c00992a:	4c050513          	addi	a0,a0,1216 # 0xce004c0
    1c00992e:	bf75                	j	0x1c0098ea
    1c009930:	0ce00537          	lui	a0,0xce00
    1c009934:	4681                	li	a3,0
    1c009936:	4605                	li	a2,1
    1c009938:	45ad                	li	a1,11
    1c00993a:	4c050513          	addi	a0,a0,1216 # 0xce004c0
    1c00993e:	b775                	j	0x1c0098ea
    1c009940:	0ce00537          	lui	a0,0xce00
    1c009944:	4681                	li	a3,0
    1c009946:	4605                	li	a2,1
    1c009948:	45b1                	li	a1,12
    1c00994a:	4c050513          	addi	a0,a0,1216 # 0xce004c0
    1c00994e:	bf71                	j	0x1c0098ea
    1c009950:	0ce00537          	lui	a0,0xce00
    1c009954:	4681                	li	a3,0
    1c009956:	4605                	li	a2,1
    1c009958:	45a5                	li	a1,9
    1c00995a:	4c050513          	addi	a0,a0,1216 # 0xce004c0
    1c00995e:	b771                	j	0x1c0098ea
    1c009960:	0ce00537          	lui	a0,0xce00
    1c009964:	4685                	li	a3,1
    1c009966:	4605                	li	a2,1
    1c009968:	45ad                	li	a1,11
    1c00996a:	4c050513          	addi	a0,a0,1216 # 0xce004c0
    1c00996e:	bfb5                	j	0x1c0098ea
    1c009970:	0ce00537          	lui	a0,0xce00
    1c009974:	4685                	li	a3,1
    1c009976:	4605                	li	a2,1
    1c009978:	45b1                	li	a1,12
    1c00997a:	4c050513          	addi	a0,a0,1216 # 0xce004c0
    1c00997e:	b7b5                	j	0x1c0098ea
    1c009980:	0ce00537          	lui	a0,0xce00
    1c009984:	4685                	li	a3,1
    1c009986:	4605                	li	a2,1
    1c009988:	45a5                	li	a1,9
    1c00998a:	4c050513          	addi	a0,a0,1216 # 0xce004c0
    1c00998e:	bfb1                	j	0x1c0098ea
    1c009990:	86aa                	mv	a3,a0
    1c009992:	0ce00537          	lui	a0,0xce00
    1c009996:	4605                	li	a2,1
    1c009998:	45a9                	li	a1,10
    1c00999a:	4c050513          	addi	a0,a0,1216 # 0xce004c0
    1c00999e:	b7b1                	j	0x1c0098ea
    1c0099a0:	0ce00537          	lui	a0,0xce00
    1c0099a4:	4685                	li	a3,1
    1c0099a6:	4605                	li	a2,1
    1c0099a8:	45a1                	li	a1,8
    1c0099aa:	4c050513          	addi	a0,a0,1216 # 0xce004c0
    1c0099ae:	bf35                	j	0x1c0098ea
    1c0099b0:	1141                	addi	sp,sp,-16
    1c0099b2:	00255583          	lhu	a1,2(a0)
    1c0099b6:	32000793          	li	a5,800
    1c0099ba:	e022                	sd	s0,0(sp)
    1c0099bc:	e406                	sd	ra,8(sp)
    1c0099be:	842a                	mv	s0,a0
    1c0099c0:	02f58e63          	beq	a1,a5,0x1c0099fc
    1c0099c4:	04b7e163          	bltu	a5,a1,0x1c009a06
    1c0099c8:	19000793          	li	a5,400
    1c0099cc:	04f58663          	beq	a1,a5,0x1c009a18
    1c0099d0:	21500793          	li	a5,533
    1c0099d4:	08f58963          	beq	a1,a5,0x1c009a66
    1c0099d8:	1c00d537          	lui	a0,0x1c00d
    1c0099dc:	82850513          	addi	a0,a0,-2008 # 0x1c00c828
    1c0099e0:	144010ef          	jal	0x1c00ab24
    1c0099e4:	32000793          	li	a5,800
    1c0099e8:	1c00d537          	lui	a0,0x1c00d
    1c0099ec:	85050513          	addi	a0,a0,-1968 # 0x1c00c850
    1c0099f0:	00f41123          	sh	a5,2(s0)
    1c0099f4:	32000593          	li	a1,800
    1c0099f8:	12c010ef          	jal	0x1c00ab24
    1c0099fc:	1c00e7b7          	lui	a5,0x1c00e
    1c009a00:	a0078793          	addi	a5,a5,-1536 # 0x1c00da00
    1c009a04:	a831                	j	0x1c009a20
    1c009a06:	42a00793          	li	a5,1066
    1c009a0a:	fcf597e3          	bne	a1,a5,0x1c0099d8
    1c009a0e:	1c00e7b7          	lui	a5,0x1c00e
    1c009a12:	b2878793          	addi	a5,a5,-1240 # 0x1c00db28
    1c009a16:	a029                	j	0x1c009a20
    1c009a18:	1c00e7b7          	lui	a5,0x1c00e
    1c009a1c:	c5078793          	addi	a5,a5,-944 # 0x1c00dc50
    1c009a20:	e41c                	sd	a5,8(s0)
    1c009a22:	00245583          	lhu	a1,2(s0)
    1c009a26:	1c00d537          	lui	a0,0x1c00d
    1c009a2a:	87050513          	addi	a0,a0,-1936 # 0x1c00c870
    1c009a2e:	0f6010ef          	jal	0x1c00ab24
    1c009a32:	00045603          	lhu	a2,0(s0)
    1c009a36:	6418                	ld	a4,8(s0)
    1c009a38:	8006079b          	addiw	a5,a2,-2048
    1c009a3c:	4314                	lw	a3,0(a4)
    1c009a3e:	c3dd                	beqz	a5,0x1c009ae4
    1c009a40:	6585                	lui	a1,0x1
    1c009a42:	87b2                	mv	a5,a2
    1c009a44:	80058513          	addi	a0,a1,-2048 # 0x800
    1c009a48:	02c56463          	bltu	a0,a2,0x1c009a70
    1c009a4c:	20000613          	li	a2,512
    1c009a50:	02c78763          	beq	a5,a2,0x1c009a7e
    1c009a54:	40000613          	li	a2,1024
    1c009a58:	08c78263          	beq	a5,a2,0x1c009adc
    1c009a5c:	000557b7          	lui	a5,0x55
    1c009a60:	72f7879b          	addiw	a5,a5,1839 # 0x5572f
    1c009a64:	a005                	j	0x1c009a84
    1c009a66:	1c00e7b7          	lui	a5,0x1c00e
    1c009a6a:	8d878793          	addi	a5,a5,-1832 # 0x1c00d8d8
    1c009a6e:	bf4d                	j	0x1c009a20
    1c009a70:	feb616e3          	bne	a2,a1,0x1c009a5c
    1c009a74:	0003f7b7          	lui	a5,0x3f
    1c009a78:	79f7879b          	addiw	a5,a5,1951 # 0x3f79f
    1c009a7c:	a021                	j	0x1c009a84
    1c009a7e:	67d9                	lui	a5,0x16
    1c009a80:	f8f7879b          	addiw	a5,a5,-113 # 0x15f8f
    1c009a84:	9fb5                	addw	a5,a5,a3
    1c009a86:	536c                	lw	a1,100(a4)
    1c009a88:	5730                	lw	a2,104(a4)
    1c009a8a:	6402                	ld	s0,0(sp)
    1c009a8c:	60a2                	ld	ra,8(sp)
    1c009a8e:	02d7d7bb          	divuw	a5,a5,a3
    1c009a92:	08f72223          	sw	a5,132(a4)
    1c009a96:	9e2d                	addw	a2,a2,a1
    1c009a98:	d770                	sw	a2,108(a4)
    1c009a9a:	533c                	lw	a5,96(a4)
    1c009a9c:	9fad                	addw	a5,a5,a1
    1c009a9e:	db3c                	sw	a5,112(a4)
    1c009aa0:	08070613          	addi	a2,a4,128
    1c009aa4:	563c                	lw	a5,104(a2)
    1c009aa6:	2785                	addiw	a5,a5,1
    1c009aa8:	da7c                	sw	a5,116(a2)
    1c009aaa:	4a1c                	lw	a5,16(a2)
    1c009aac:	ce1c                	sw	a5,24(a2)
    1c009aae:	5b7c                	lw	a5,116(a4)
    1c009ab0:	4725                	li	a4,9
    1c009ab2:	02e787bb          	mulw	a5,a5,a4
    1c009ab6:	ca5c                	sw	a5,20(a2)
    1c009ab8:	4258                	lw	a4,4(a2)
    1c009aba:	6789                	lui	a5,0x2
    1c009abc:	70f7879b          	addiw	a5,a5,1807 # 0x270f
    1c009ac0:	9fb5                	addw	a5,a5,a3
    1c009ac2:	02d7d7bb          	divuw	a5,a5,a3
    1c009ac6:	9fb9                	addw	a5,a5,a4
    1c009ac8:	7c07b78b          	.insn	4, 0x7c07b78b
    1c009acc:	4715                	li	a4,5
    1c009ace:	0ae7f7b3          	.insn	4, 0x0ae7f7b3
    1c009ad2:	2781                	sext.w	a5,a5
    1c009ad4:	da5c                	sw	a5,52(a2)
    1c009ad6:	c23c                	sw	a5,64(a2)
    1c009ad8:	0141                	addi	sp,sp,16
    1c009ada:	8082                	ret
    1c009adc:	67ed                	lui	a5,0x1b
    1c009ade:	daf7879b          	addiw	a5,a5,-593 # 0x1adaf
    1c009ae2:	b74d                	j	0x1c009a84
    1c009ae4:	000277b7          	lui	a5,0x27
    1c009ae8:	0ff7879b          	addiw	a5,a5,255 # 0x270ff
    1c009aec:	bf61                	j	0x1c009a84
    1c009aee:	1c00e7b7          	lui	a5,0x1c00e
    1c009af2:	0f07b503          	ld	a0,240(a5) # 0x1c00e0f0
    1c009af6:	8082                	ret
    1c009af8:	7159                	addi	sp,sp,-112
    1c009afa:	f85a                	sd	s6,48(sp)
    1c009afc:	fc56                	sd	s5,56(sp)
    1c009afe:	e86a                	sd	s10,16(sp)
    1c009b00:	ec66                	sd	s9,24(sp)
    1c009b02:	00070ab7          	lui	s5,0x70
    1c009b06:	6c85                	lui	s9,0x1
    1c009b08:	f062                	sd	s8,32(sp)
    1c009b0a:	f45e                	sd	s7,40(sp)
    1c009b0c:	e0d2                	sd	s4,64(sp)
    1c009b0e:	e4ce                	sd	s3,72(sp)
    1c009b10:	e8ca                	sd	s2,80(sp)
    1c009b12:	eca6                	sd	s1,88(sp)
    1c009b14:	f0a2                	sd	s0,96(sp)
    1c009b16:	f486                	sd	ra,104(sp)
    1c009b18:	1c00ea37          	lui	s4,0x1c00e
    1c009b1c:	298a0a13          	addi	s4,s4,664 # 0x1c00e298
    1c009b20:	1c00e9b7          	lui	s3,0x1c00e
    1c009b24:	0f898993          	addi	s3,s3,248 # 0x1c00e0f8
    1c009b28:	1c00db37          	lui	s6,0x1c00d
    1c009b2c:	6905                	lui	s2,0x1
    1c009b2e:	808c8b93          	addi	s7,s9,-2040 # 0x808
    1c009b32:	0d000437          	lui	s0,0xd000
    1c009b36:	003a8c13          	addi	s8,s5,3 # 0x70003
    1c009b3a:	85e6                	mv	a1,s9
    1c009b3c:	898b0513          	addi	a0,s6,-1896 # 0x1c00c898
    1c009b40:	7e5000ef          	jal	0x1c00ab24
    1c009b44:	e002                	sd	zero,0(sp)
    1c009b46:	e402                	sd	zero,8(sp)
    1c009b48:	0ce004b7          	lui	s1,0xce00
    1c009b4c:	01711223          	sh	s7,4(sp)
    1c009b50:	1c00e7b7          	lui	a5,0x1c00e
    1c009b54:	d787a783          	lw	a5,-648(a5) # 0x1c00dd78
    1c009b58:	01911023          	sh	s9,0(sp)
    1c009b5c:	00f11123          	sh	a5,2(sp)
    1c009b60:	48c4a783          	lw	a5,1164(s1) # 0xce0048c
    1c009b64:	6007e793          	ori	a5,a5,1536
    1c009b68:	48f4a623          	sw	a5,1164(s1)
    1c009b6c:	db5ff0ef          	jal	0x1c009920
    1c009b70:	dc1ff0ef          	jal	0x1c009930
    1c009b74:	dcdff0ef          	jal	0x1c009940
    1c009b78:	dd9ff0ef          	jal	0x1c009950
    1c009b7c:	de5ff0ef          	jal	0x1c009960
    1c009b80:	4505                	li	a0,1
    1c009b82:	e0fff0ef          	jal	0x1c009990
    1c009b86:	debff0ef          	jal	0x1c009970
    1c009b8a:	df7ff0ef          	jal	0x1c009980
    1c009b8e:	4501                	li	a0,0
    1c009b90:	f5bfe0ef          	jal	0x1c008aea
    1c009b94:	00215783          	lhu	a5,2(sp)
    1c009b98:	850a                	mv	a0,sp
    1c009b9a:	02fa2623          	sw	a5,44(s4)
    1c009b9e:	e13ff0ef          	jal	0x1c0099b0
    1c009ba2:	00215783          	lhu	a5,2(sp)
    1c009ba6:	19000713          	li	a4,400
    1c009baa:	6ae79163          	bne	a5,a4,0x1c00a24c
    1c009bae:	49c4a783          	lw	a5,1180(s1)
    1c009bb2:	f007f793          	andi	a5,a5,-256
    1c009bb6:	0077e793          	ori	a5,a5,7
    1c009bba:	48f4ae23          	sw	a5,1180(s1)
    1c009bbe:	0ce007b7          	lui	a5,0xce00
    1c009bc2:	4705                	li	a4,1
    1c009bc4:	50e7a023          	sw	a4,1280(a5) # 0xce00500
    1c009bc8:	64a2                	ld	s1,8(sp)
    1c009bca:	5007a023          	sw	zero,1280(a5)
    1c009bce:	30e42223          	sw	a4,772(s0) # 0xd000304
    1c009bd2:	d818                	sw	a4,48(s0)
    1c009bd4:	405c                	lw	a5,4(s0)
    1c009bd6:	00414783          	lbu	a5,4(sp)
    1c009bda:	800006b7          	lui	a3,0x80000
    1c009bde:	0017d79b          	srliw	a5,a5,0x1
    1c009be2:	0107979b          	slliw	a5,a5,0x10
    1c009be6:	8fd5                	or	a5,a5,a3
    1c009be8:	0017e793          	ori	a5,a5,1
    1c009bec:	c01c                	sw	a5,0(s0)
    1c009bee:	67b5                	lui	a5,0xd
    1c009bf0:	07c1                	addi	a5,a5,16 # 0xd010
    1c009bf2:	c81c                	sw	a5,16(s0)
    1c009bf4:	000387b7          	lui	a5,0x38
    1c009bf8:	c0b78793          	addi	a5,a5,-1013 # 0x37c0b
    1c009bfc:	c85c                	sw	a5,20(s0)
    1c009bfe:	8541c7b7          	lui	a5,0x8541c
    1c009c02:	50078793          	addi	a5,a5,1280 # 0xffffffff8541c500
    1c009c06:	cc5c                	sw	a5,28(s0)
    1c009c08:	d418                	sw	a4,40(s0)
    1c009c0a:	02000793          	li	a5,32
    1c009c0e:	d81c                	sw	a5,48(s0)
    1c009c10:	4789                	li	a5,2
    1c009c12:	d85c                	sw	a5,52(s0)
    1c009c14:	03842c23          	sw	s8,56(s0)
    1c009c18:	0011c7b7          	lui	a5,0x11c
    1c009c1c:	04078793          	addi	a5,a5,64 # 0x11c040
    1c009c20:	c83c                	sw	a5,80(s0)
    1c009c22:	00614783          	lbu	a5,6(sp)
    1c009c26:	0047979b          	slliw	a5,a5,0x4
    1c009c2a:	d03c                	sw	a5,96(s0)
    1c009c2c:	00614503          	lbu	a0,6(sp)
    1c009c30:	c8bff0ef          	jal	0x1c0098ba
    1c009c34:	58fc                	lw	a5,116(s1)
    1c009c36:	0067d79b          	srliw	a5,a5,0x6
    1c009c3a:	02a7d7bb          	divuw	a5,a5,a0
    1c009c3e:	0844a503          	lw	a0,132(s1)
    1c009c42:	2505                	addiw	a0,a0,1
    1c009c44:	0015551b          	srliw	a0,a0,0x1
    1c009c48:	0107979b          	slliw	a5,a5,0x10
    1c009c4c:	8fc9                	or	a5,a5,a0
    1c009c4e:	d07c                	sw	a5,100(s0)
    1c009c50:	0c042023          	sw	zero,192(s0)
    1c009c54:	0c042223          	sw	zero,196(s0)
    1c009c58:	4098                	lw	a4,0(s1)
    1c009c5a:	1dcd67b7          	lui	a5,0x1dcd6
    1c009c5e:	4ff7879b          	addiw	a5,a5,1279 # 0x1dcd64ff
    1c009c62:	9fb9                	addw	a5,a5,a4
    1c009c64:	02e7d7bb          	divuw	a5,a5,a4
    1c009c68:	0c04a703          	lw	a4,192(s1)
    1c009c6c:	3ff7071b          	addiw	a4,a4,1023
    1c009c70:	00a7571b          	srliw	a4,a4,0xa
    1c009c74:	2705                	addiw	a4,a4,1
    1c009c76:	0017571b          	srliw	a4,a4,0x1
    1c009c7a:	0107171b          	slliw	a4,a4,0x10
    1c009c7e:	3ff7879b          	addiw	a5,a5,1023
    1c009c82:	00a7d79b          	srliw	a5,a5,0xa
    1c009c86:	2785                	addiw	a5,a5,1
    1c009c88:	0017d79b          	srliw	a5,a5,0x1
    1c009c8c:	2785                	addiw	a5,a5,1
    1c009c8e:	8fd9                	or	a5,a5,a4
    1c009c90:	c0000737          	lui	a4,0xc0000
    1c009c94:	8fd9                	or	a5,a5,a4
    1c009c96:	0cf42823          	sw	a5,208(s0)
    1c009c9a:	4098                	lw	a4,0(s1)
    1c009c9c:	0bebc7b7          	lui	a5,0xbebc
    1c009ca0:	1ff7879b          	addiw	a5,a5,511 # 0xbebc1ff
    1c009ca4:	9fb9                	addw	a5,a5,a4
    1c009ca6:	02e7d7bb          	divuw	a5,a5,a4
    1c009caa:	3ff7879b          	addiw	a5,a5,1023
    1c009cae:	00a7d79b          	srliw	a5,a5,0xa
    1c009cb2:	2785                	addiw	a5,a5,1
    1c009cb4:	0017d79b          	srliw	a5,a5,0x1
    1c009cb8:	0107979b          	slliw	a5,a5,0x10
    1c009cbc:	0cf42a23          	sw	a5,212(s0)
    1c009cc0:	0804a783          	lw	a5,128(s1)
    1c009cc4:	4721                	li	a4,8
    1c009cc6:	60f76c63          	bltu	a4,a5,0x1c00a2de
    1c009cca:	37f1                	addiw	a5,a5,-4
    1c009ccc:	0097979b          	slliw	a5,a5,0x9
    1c009cd0:	e0090713          	addi	a4,s2,-512 # 0xe00
    1c009cd4:	8ff9                	and	a5,a5,a4
    1c009cd6:	c0dc                	sw	a5,4(s1)
    1c009cd8:	50b8                	lw	a4,96(s1)
    1c009cda:	40dc                	lw	a5,4(s1)
    1c009cdc:	46ad                	li	a3,11
    1c009cde:	60e6fb63          	bgeu	a3,a4,0x1c00a2f4
    1c009ce2:	ff47069b          	addiw	a3,a4,-12 # 0xffffffffbffffff4
    1c009ce6:	0046969b          	slliw	a3,a3,0x4
    1c009cea:	8fd5                	or	a5,a5,a3
    1c009cec:	0047e793          	ori	a5,a5,4
    1c009cf0:	2781                	sext.w	a5,a5
    1c009cf2:	10090693          	addi	a3,s2,256
    1c009cf6:	8fd5                	or	a5,a5,a3
    1c009cf8:	50f4                	lw	a3,100(s1)
    1c009cfa:	c0dc                	sw	a5,4(s1)
    1c009cfc:	40d705bb          	subw	a1,a4,a3
    1c009d00:	4609                	li	a2,2
    1c009d02:	4681                	li	a3,0
    1c009d04:	00b66463          	bltu	a2,a1,0x1c009d0c
    1c009d08:	0035969b          	slliw	a3,a1,0x3
    1c009d0c:	1c00e737          	lui	a4,0x1c00e
    1c009d10:	0e874703          	lbu	a4,232(a4) # 0x1c00e0e8
    1c009d14:	0107979b          	slliw	a5,a5,0x10
    1c009d18:	0017171b          	slliw	a4,a4,0x1
    1c009d1c:	8b19                	andi	a4,a4,6
    1c009d1e:	8f55                	or	a4,a4,a3
    1c009d20:	8fd9                	or	a5,a5,a4
    1c009d22:	2781                	sext.w	a5,a5
    1c009d24:	c498                	sw	a4,8(s1)
    1c009d26:	0cf42e23          	sw	a5,220(s0)
    1c009d2a:	54bc                	lw	a5,104(s1)
    1c009d2c:	37ed                	addiw	a5,a5,-5
    1c009d2e:	0037971b          	slliw	a4,a5,0x3
    1c009d32:	c4d8                	sw	a4,12(s1)
    1c009d34:	00614703          	lbu	a4,6(sp)
    1c009d38:	0137979b          	slliw	a5,a5,0x13
    1c009d3c:	0067171b          	slliw	a4,a4,0x6
    1c009d40:	8fd9                	or	a5,a5,a4
    1c009d42:	c898                	sw	a4,16(s1)
    1c009d44:	0ef42023          	sw	a5,224(s0)
    1c009d48:	08048713          	addi	a4,s1,128
    1c009d4c:	473c                	lw	a5,72(a4)
    1c009d4e:	0057d79b          	srliw	a5,a5,0x5
    1c009d52:	2785                	addiw	a5,a5,1
    1c009d54:	0017d79b          	srliw	a5,a5,0x1
    1c009d58:	0107979b          	slliw	a5,a5,0x10
    1c009d5c:	0ef42223          	sw	a5,228(s0)
    1c009d60:	0e042423          	sw	zero,232(s0)
    1c009d64:	0e042623          	sw	zero,236(s0)
    1c009d68:	40dc                	lw	a5,4(s1)
    1c009d6a:	04f99f23          	sh	a5,94(s3)
    1c009d6e:	449c                	lw	a5,8(s1)
    1c009d70:	06f99023          	sh	a5,96(s3)
    1c009d74:	44dc                	lw	a5,12(s1)
    1c009d76:	06f99123          	sh	a5,98(s3)
    1c009d7a:	0e042823          	sw	zero,240(s0)
    1c009d7e:	0804a683          	lw	a3,128(s1)
    1c009d82:	54fc                	lw	a5,108(s1)
    1c009d84:	4b10                	lw	a2,16(a4)
    1c009d86:	9fb5                	addw	a5,a5,a3
    1c009d88:	00414683          	lbu	a3,4(sp)
    1c009d8c:	0016561b          	srliw	a2,a2,0x1
    1c009d90:	0016d69b          	srliw	a3,a3,0x1
    1c009d94:	9fb5                	addw	a5,a5,a3
    1c009d96:	0017d79b          	srliw	a5,a5,0x1
    1c009d9a:	0187969b          	slliw	a3,a5,0x18
    1c009d9e:	5cbc                	lw	a5,120(s1)
    1c009da0:	2785                	addiw	a5,a5,1
    1c009da2:	0017d79b          	srliw	a5,a5,0x1
    1c009da6:	0107979b          	slliw	a5,a5,0x10
    1c009daa:	8fd1                	or	a5,a5,a2
    1c009dac:	8fd5                	or	a5,a5,a3
    1c009dae:	4b54                	lw	a3,20(a4)
    1c009db0:	00a6d69b          	srliw	a3,a3,0xa
    1c009db4:	36fd                	addiw	a3,a3,-1 # 0x7fffffff
    1c009db6:	0016d69b          	srliw	a3,a3,0x1
    1c009dba:	0086969b          	slliw	a3,a3,0x8
    1c009dbe:	8fd5                	or	a5,a5,a3
    1c009dc0:	10f42023          	sw	a5,256(s0)
    1c009dc4:	4b7c                	lw	a5,84(a4)
    1c009dc6:	5cf4                	lw	a3,124(s1)
    1c009dc8:	2785                	addiw	a5,a5,1
    1c009dca:	2685                	addiw	a3,a3,1
    1c009dcc:	0017d79b          	srliw	a5,a5,0x1
    1c009dd0:	0016d69b          	srliw	a3,a3,0x1
    1c009dd4:	0107979b          	slliw	a5,a5,0x10
    1c009dd8:	8fd5                	or	a5,a5,a3
    1c009dda:	0f04e683          	lwu	a3,240(s1)
    1c009dde:	4611                	li	a2,4
    1c009de0:	0ac6f633          	.insn	4, 0x0ac6f633
    1c009de4:	50f4                	lw	a3,100(s1)
    1c009de6:	9eb1                	addw	a3,a3,a2
    1c009de8:	0016d69b          	srliw	a3,a3,0x1
    1c009dec:	0086969b          	slliw	a3,a3,0x8
    1c009df0:	8fd5                	or	a5,a5,a3
    1c009df2:	10f42223          	sw	a5,260(s0)
    1c009df6:	54ec                	lw	a1,108(s1)
    1c009df8:	58b4                	lw	a3,112(s1)
    1c009dfa:	00414503          	lbu	a0,4(sp)
    1c009dfe:	0016879b          	addiw	a5,a3,1
    1c009e02:	0015861b          	addiw	a2,a1,1
    1c009e06:	0017d79b          	srliw	a5,a5,0x1
    1c009e0a:	0016561b          	srliw	a2,a2,0x1
    1c009e0e:	0186161b          	slliw	a2,a2,0x18
    1c009e12:	0107979b          	slliw	a5,a5,0x10
    1c009e16:	06c72803          	lw	a6,108(a4)
    1c009e1a:	8fd1                	or	a5,a5,a2
    1c009e1c:	54b0                	lw	a2,104(s1)
    1c009e1e:	0015551b          	srliw	a0,a0,0x1
    1c009e22:	268d                	addiw	a3,a3,3
    1c009e24:	9ea9                	addw	a3,a3,a0
    1c009e26:	0106063b          	addw	a2,a2,a6
    1c009e2a:	9e8d                	subw	a3,a3,a1
    1c009e2c:	2605                	addiw	a2,a2,1
    1c009e2e:	9e29                	addw	a2,a2,a0
    1c009e30:	0016d69b          	srliw	a3,a3,0x1
    1c009e34:	0086969b          	slliw	a3,a3,0x8
    1c009e38:	0016561b          	srliw	a2,a2,0x1
    1c009e3c:	8fd1                	or	a5,a5,a2
    1c009e3e:	8fd5                	or	a5,a5,a3
    1c009e40:	10f42423          	sw	a5,264(s0)
    1c009e44:	571c                	lw	a5,40(a4)
    1c009e46:	2785                	addiw	a5,a5,1
    1c009e48:	5358                	lw	a4,36(a4)
    1c009e4a:	0017d79b          	srliw	a5,a5,0x1
    1c009e4e:	2705                	addiw	a4,a4,1
    1c009e50:	0017571b          	srliw	a4,a4,0x1
    1c009e54:	00c7979b          	slliw	a5,a5,0xc
    1c009e58:	8fd9                	or	a5,a5,a4
    1c009e5a:	10f42623          	sw	a5,268(s0)
    1c009e5e:	50f4                	lw	a3,100(s1)
    1c009e60:	0884a703          	lw	a4,136(s1)
    1c009e64:	01000637          	lui	a2,0x1000
    1c009e68:	00e6f963          	bgeu	a3,a4,0x1c009e7a
    1c009e6c:	0017079b          	addiw	a5,a4,1
    1c009e70:	9f95                	subw	a5,a5,a3
    1c009e72:	0017d79b          	srliw	a5,a5,0x1
    1c009e76:	0187961b          	slliw	a2,a5,0x18
    1c009e7a:	08048713          	addi	a4,s1,128
    1c009e7e:	575c                	lw	a5,44(a4)
    1c009e80:	5374                	lw	a3,100(a4)
    1c009e82:	2785                	addiw	a5,a5,1
    1c009e84:	2685                	addiw	a3,a3,1
    1c009e86:	0017d79b          	srliw	a5,a5,0x1
    1c009e8a:	0016d69b          	srliw	a3,a3,0x1
    1c009e8e:	0086969b          	slliw	a3,a3,0x8
    1c009e92:	0107979b          	slliw	a5,a5,0x10
    1c009e96:	8fd5                	or	a5,a5,a3
    1c009e98:	4754                	lw	a3,12(a4)
    1c009e9a:	2685                	addiw	a3,a3,1
    1c009e9c:	0016d69b          	srliw	a3,a3,0x1
    1c009ea0:	2685                	addiw	a3,a3,1
    1c009ea2:	8fd5                	or	a5,a5,a3
    1c009ea4:	8fd1                	or	a5,a5,a2
    1c009ea6:	10f42823          	sw	a5,272(s0)
    1c009eaa:	4f74                	lw	a3,92(a4)
    1c009eac:	533c                	lw	a5,96(a4)
    1c009eae:	2785                	addiw	a5,a5,1
    1c009eb0:	2685                	addiw	a3,a3,1
    1c009eb2:	0017d79b          	srliw	a5,a5,0x1
    1c009eb6:	0016d69b          	srliw	a3,a3,0x1
    1c009eba:	0106969b          	slliw	a3,a3,0x10
    1c009ebe:	0187979b          	slliw	a5,a5,0x18
    1c009ec2:	8fd5                	or	a5,a5,a3
    1c009ec4:	5734                	lw	a3,104(a4)
    1c009ec6:	2685                	addiw	a3,a3,1
    1c009ec8:	0016d69b          	srliw	a3,a3,0x1
    1c009ecc:	8fd5                	or	a5,a5,a3
    1c009ece:	5b74                	lw	a3,116(a4)
    1c009ed0:	2685                	addiw	a3,a3,1
    1c009ed2:	0016d69b          	srliw	a3,a3,0x1
    1c009ed6:	0086969b          	slliw	a3,a3,0x8
    1c009eda:	8fd5                	or	a5,a5,a3
    1c009edc:	10f42a23          	sw	a5,276(s0)
    1c009ee0:	437c                	lw	a5,68(a4)
    1c009ee2:	5b54                	lw	a3,52(a4)
    1c009ee4:	27fd                	addiw	a5,a5,31
    1c009ee6:	0057d79b          	srliw	a5,a5,0x5
    1c009eea:	26fd                	addiw	a3,a3,31
    1c009eec:	2785                	addiw	a5,a5,1
    1c009eee:	0056d69b          	srliw	a3,a3,0x5
    1c009ef2:	0017d79b          	srliw	a5,a5,0x1
    1c009ef6:	2685                	addiw	a3,a3,1
    1c009ef8:	0016d69b          	srliw	a3,a3,0x1
    1c009efc:	0087979b          	slliw	a5,a5,0x8
    1c009f00:	8fd5                	or	a5,a5,a3
    1c009f02:	12f42023          	sw	a5,288(s0)
    1c009f06:	12042223          	sw	zero,292(s0)
    1c009f0a:	12042423          	sw	zero,296(s0)
    1c009f0e:	12042623          	sw	zero,300(s0)
    1c009f12:	12042823          	sw	zero,304(s0)
    1c009f16:	12042e23          	sw	zero,316(s0)
    1c009f1a:	477c                	lw	a5,76(a4)
    1c009f1c:	0017d79b          	srliw	a5,a5,0x1
    1c009f20:	4b38                	lw	a4,80(a4)
    1c009f22:	0107979b          	slliw	a5,a5,0x10
    1c009f26:	0017571b          	srliw	a4,a4,0x1
    1c009f2a:	8fd9                	or	a5,a5,a4
    1c009f2c:	29e79793          	.insn	4, 0x29e79793
    1c009f30:	2781                	sext.w	a5,a5
    1c009f32:	18f42023          	sw	a5,384(s0)
    1c009f36:	07000793          	li	a5,112
    1c009f3a:	18f42223          	sw	a5,388(s0)
    1c009f3e:	54f8                	lw	a4,108(s1)
    1c009f40:	58bc                	lw	a5,112(s1)
    1c009f42:	37ed                	addiw	a5,a5,-5
    1c009f44:	376d                	addiw	a4,a4,-5
    1c009f46:	0107979b          	slliw	a5,a5,0x10
    1c009f4a:	8fd9                	or	a5,a5,a4
    1c009f4c:	03808737          	lui	a4,0x3808
    1c009f50:	20070713          	addi	a4,a4,512 # 0x3808200
    1c009f54:	8fd9                	or	a5,a5,a4
    1c009f56:	2781                	sext.w	a5,a5
    1c009f58:	18f42823          	sw	a5,400(s0)
    1c009f5c:	202a8793          	addi	a5,s5,514
    1c009f60:	18f42a23          	sw	a5,404(s0)
    1c009f64:	070007b7          	lui	a5,0x7000
    1c009f68:	13078793          	addi	a5,a5,304 # 0x7000130
    1c009f6c:	18f42c23          	sw	a5,408(s0)
    1c009f70:	02100793          	li	a5,33
    1c009f74:	18f42e23          	sw	a5,412(s0)
    1c009f78:	e04007b7          	lui	a5,0xe0400
    1c009f7c:	07e1                	addi	a5,a5,24 # 0xffffffffe0400018
    1c009f7e:	1af42023          	sw	a5,416(s0)
    1c009f82:	009907b7          	lui	a5,0x990
    1c009f86:	0d878793          	addi	a5,a5,216 # 0x9900d8
    1c009f8a:	1af42223          	sw	a5,420(s0)
    1c009f8e:	800007b7          	lui	a5,0x80000
    1c009f92:	1af42423          	sw	a5,424(s0)
    1c009f96:	04100793          	li	a5,65
    1c009f9a:	1af42823          	sw	a5,432(s0)
    1c009f9e:	54f8                	lw	a4,108(s1)
    1c009fa0:	58bc                	lw	a5,112(s1)
    1c009fa2:	37ed                	addiw	a5,a5,-5 # 0x7ffffffb
    1c009fa4:	376d                	addiw	a4,a4,-5
    1c009fa6:	0087979b          	slliw	a5,a5,0x8
    1c009faa:	8fd9                	or	a5,a5,a4
    1c009fac:	1af42a23          	sw	a5,436(s0)
    1c009fb0:	47a1                	li	a5,8
    1c009fb2:	1af42c23          	sw	a5,440(s0)
    1c009fb6:	4685                	li	a3,1
    1c009fb8:	1cd42023          	sw	a3,448(s0)
    1c009fbc:	8d0007b7          	lui	a5,0x8d000
    1c009fc0:	1cf42223          	sw	a5,452(s0)
    1c009fc4:	000207b7          	lui	a5,0x20
    1c009fc8:	07a9                	addi	a5,a5,10 # 0x2000a
    1c009fca:	20f42223          	sw	a5,516(s0)
    1c009fce:	70000793          	li	a5,1792
    1c009fd2:	20f42423          	sw	a5,520(s0)
    1c009fd6:	020507b7          	lui	a5,0x2050
    1c009fda:	0789                	addi	a5,a5,2 # 0x2050002
    1c009fdc:	20f42623          	sw	a5,524(s0)
    1c009fe0:	6789                	lui	a5,0x2
    1c009fe2:	f1f78793          	addi	a5,a5,-225 # 0x1f1f
    1c009fe6:	20f42823          	sw	a5,528(s0)
    1c009fea:	080707b7          	lui	a5,0x8070
    1c009fee:	20878793          	addi	a5,a5,520 # 0x8070208
    1c009ff2:	20f42a23          	sw	a5,532(s0)
    1c009ff6:	0f0707b7          	lui	a5,0xf070
    1c009ffa:	70678793          	addi	a5,a5,1798 # 0xf070706
    1c009ffe:	20f42c23          	sw	a5,536(s0)
    1c00a002:	f0f90793          	addi	a5,s2,-241
    1c00a006:	20f42e23          	sw	a5,540(s0)
    1c00a00a:	22042023          	sw	zero,544(s0)
    1c00a00e:	030207b7          	lui	a5,0x3020
    1c00a012:	60578793          	addi	a5,a5,1541 # 0x3020605
    1c00a016:	22f42223          	sw	a5,548(s0)
    1c00a01a:	090117b7          	lui	a5,0x9011
    1c00a01e:	b0b78793          	addi	a5,a5,-1269 # 0x9010b0b
    1c00a022:	22f42423          	sw	a5,552(s0)
    1c00a026:	4795                	li	a5,5
    1c00a028:	22f42623          	sw	a5,556(s0)
    1c00a02c:	54b8                	lw	a4,104(s1)
    1c00a02e:	50bc                	lw	a5,96(s1)
    1c00a030:	9f99                	subw	a5,a5,a4
    1c00a032:	06000737          	lui	a4,0x6000
    1c00a036:	60070713          	addi	a4,a4,1536 # 0x6000600
    1c00a03a:	0027979b          	slliw	a5,a5,0x2
    1c00a03e:	8fd9                	or	a5,a5,a4
    1c00a040:	2781                	sext.w	a5,a5
    1c00a042:	24f42023          	sw	a5,576(s0)
    1c00a046:	47c5                	li	a5,17
    1c00a048:	24f42223          	sw	a5,580(s0)
    1c00a04c:	1cb227b7          	lui	a5,0x1cb22
    1c00a050:	30078793          	addi	a5,a5,768 # 0x1cb22300
    1c00a054:	24f42823          	sw	a5,592(s0)
    1c00a058:	47f5                	li	a5,29
    1c00a05a:	24f42a23          	sw	a5,596(s0)
    1c00a05e:	f30107b7          	lui	a5,0xf3010
    1c00a062:	ba378793          	addi	a5,a5,-1117 # 0xfffffffff300fba3
    1c00a066:	24f42e23          	sw	a5,604(s0)
    1c00a06a:	850097b7          	lui	a5,0x85009
    1c00a06e:	23d78793          	addi	a5,a5,573 # 0xffffffff8500923d
    1c00a072:	26f42223          	sw	a5,612(s0)
    1c00a076:	d10057b7          	lui	a5,0xd1005
    1c00a07a:	3e378793          	addi	a5,a5,995 # 0xffffffffd10053e3
    1c00a07e:	26f42623          	sw	a5,620(s0)
    1c00a082:	4799                	li	a5,6
    1c00a084:	30f42023          	sw	a5,768(s0)
    1c00a088:	30042223          	sw	zero,772(s0)
    1c00a08c:	30042623          	sw	zero,780(s0)
    1c00a090:	32d42023          	sw	a3,800(s0)
    1c00a094:	32042423          	sw	zero,808(s0)
    1c00a098:	001107b7          	lui	a5,0x110
    1c00a09c:	07c1                	addi	a5,a5,16 # 0x110010
    1c00a09e:	36f42623          	sw	a5,876(s0)
    1c00a0a2:	40042023          	sw	zero,1024(s0)
    1c00a0a6:	6711                	lui	a4,0x4
    1c00a0a8:	40e42223          	sw	a4,1028(s0)
    1c00a0ac:	40e42423          	sw	a4,1032(s0)
    1c00a0b0:	48d42823          	sw	a3,1168(s0)
    1c00a0b4:	002205b7          	lui	a1,0x220
    1c00a0b8:	48b42a23          	sw	a1,1172(s0)
    1c00a0bc:	03ff07b7          	lui	a5,0x3ff0
    1c00a0c0:	3ff78793          	addi	a5,a5,1023 # 0x3ff03ff
    1c00a0c4:	48f42c23          	sw	a5,1176(s0)
    1c00a0c8:	c0090613          	addi	a2,s2,-1024
    1c00a0cc:	48c42e23          	sw	a2,1180(s0)
    1c00a0d0:	4af42023          	sw	a5,1184(s0)
    1c00a0d4:	4ae42a23          	sw	a4,1204(s0)
    1c00a0d8:	4ae42c23          	sw	a4,1208(s0)
    1c00a0dc:	54d42023          	sw	a3,1344(s0)
    1c00a0e0:	54b42223          	sw	a1,1348(s0)
    1c00a0e4:	54f42423          	sw	a5,1352(s0)
    1c00a0e8:	54c42623          	sw	a2,1356(s0)
    1c00a0ec:	54f42823          	sw	a5,1360(s0)
    1c00a0f0:	56e42223          	sw	a4,1380(s0)
    1c00a0f4:	56e42423          	sw	a4,1384(s0)
    1c00a0f8:	5ed42823          	sw	a3,1520(s0)
    1c00a0fc:	5eb42a23          	sw	a1,1524(s0)
    1c00a100:	5ef42c23          	sw	a5,1528(s0)
    1c00a104:	5ec42e23          	sw	a2,1532(s0)
    1c00a108:	60f42023          	sw	a5,1536(s0)
    1c00a10c:	60e42a23          	sw	a4,1556(s0)
    1c00a110:	60e42c23          	sw	a4,1560(s0)
    1c00a114:	6ad42023          	sw	a3,1696(s0)
    1c00a118:	6ab42223          	sw	a1,1700(s0)
    1c00a11c:	6af42423          	sw	a5,1704(s0)
    1c00a120:	6ac42623          	sw	a2,1708(s0)
    1c00a124:	6af42823          	sw	a5,1712(s0)
    1c00a128:	6ce42223          	sw	a4,1732(s0)
    1c00a12c:	6ce42423          	sw	a4,1736(s0)
    1c00a130:	74d42823          	sw	a3,1872(s0)
    1c00a134:	74b42a23          	sw	a1,1876(s0)
    1c00a138:	74f42c23          	sw	a5,1880(s0)
    1c00a13c:	74c42e23          	sw	a2,1884(s0)
    1c00a140:	76f42023          	sw	a5,1888(s0)
    1c00a144:	503c                	lw	a5,96(s0)
    1c00a146:	581c                	lw	a5,48(s0)
    1c00a148:	02000493          	li	s1,32
    1c00a14c:	d804                	sw	s1,48(s0)
    1c00a14e:	853ff0ef          	jal	0x1c0099a0
    1c00a152:	30042223          	sw	zero,772(s0)
    1c00a156:	581c                	lw	a5,48(s0)
    1c00a158:	d804                	sw	s1,48(s0)
    1c00a15a:	581c                	lw	a5,48(s0)
    1c00a15c:	d804                	sw	s1,48(s0)
    1c00a15e:	32042023          	sw	zero,800(s0)
    1c00a162:	04000793          	li	a5,64
    1c00a166:	1af42823          	sw	a5,432(s0)
    1c00a16a:	1af42823          	sw	a5,432(s0)
    1c00a16e:	0d042783          	lw	a5,208(s0)
    1c00a172:	1c042783          	lw	a5,448(s0)
    1c00a176:	401c                	lw	a5,0(s0)
    1c00a178:	401c                	lw	a5,0(s0)
    1c00a17a:	0dc42783          	lw	a5,220(s0)
    1c00a17e:	0dc42783          	lw	a5,220(s0)
    1c00a182:	0e042783          	lw	a5,224(s0)
    1c00a186:	0d042783          	lw	a5,208(s0)
    1c00a18a:	dd1fe0ef          	jal	0x1c008f5a
    1c00a18e:	84aa                	mv	s1,a0
    1c00a190:	26051d63          	bnez	a0,0x1c00a40a
    1c00a194:	06000793          	li	a5,96
    1c00a198:	1af42823          	sw	a5,432(s0)
    1c00a19c:	1bc42783          	lw	a5,444(s0)
    1c00a1a0:	8b85                	andi	a5,a5,1
    1c00a1a2:	dfed                	beqz	a5,0x1c00a19c
    1c00a1a4:	04000793          	li	a5,64
    1c00a1a8:	1af42823          	sw	a5,432(s0)
    1c00a1ac:	04100793          	li	a5,65
    1c00a1b0:	1af42823          	sw	a5,432(s0)
    1c00a1b4:	02042823          	sw	zero,48(s0)
    1c00a1b8:	02042823          	sw	zero,48(s0)
    1c00a1bc:	4785                	li	a5,1
    1c00a1be:	32f42023          	sw	a5,800(s0)
    1c00a1c2:	32442783          	lw	a5,804(s0)
    1c00a1c6:	8b85                	andi	a5,a5,1
    1c00a1c8:	dfed                	beqz	a5,0x1c00a1c2
    1c00a1ca:	4044                	lw	s1,4(s0)
    1c00a1cc:	8889                	andi	s1,s1,2
    1c00a1ce:	fcf5                	bnez	s1,0x1c00a1ca
    1c00a1d0:	02042823          	sw	zero,48(s0)
    1c00a1d4:	02042823          	sw	zero,48(s0)
    1c00a1d8:	02042823          	sw	zero,48(s0)
    1c00a1dc:	4785                	li	a5,1
    1c00a1de:	48f42823          	sw	a5,1168(s0)
    1c00a1e2:	54f42023          	sw	a5,1344(s0)
    1c00a1e6:	5ef42823          	sw	a5,1520(s0)
    1c00a1ea:	46f1                	li	a3,28
    1c00a1ec:	6af42023          	sw	a5,1696(s0)
    1c00a1f0:	20000737          	lui	a4,0x20000
    1c00a1f4:	080007b7          	lui	a5,0x8000
    1c00a1f8:	fff7c613          	not	a2,a5
    1c00a1fc:	66f7560b          	.insn	4, 0x66f7560b
    1c00a200:	8785                	srai	a5,a5,0x1
    1c00a202:	36fd                	addiw	a3,a3,-1
    1c00a204:	faf5                	bnez	a3,0x1c00a1f8
    1c00a206:	00073023          	sd	zero,0(a4) # 0x20000000
    1c00a20a:	6318                	ld	a4,0(a4)
    1c00a20c:	4781                	li	a5,0
    1c00a20e:	eb09                	bnez	a4,0x1c00a220
    1c00a210:	46f5                	li	a3,29
    1c00a212:	4705                	li	a4,1
    1c00a214:	20000637          	lui	a2,0x20000
    1c00a218:	36fd                	addiw	a3,a3,-1
    1c00a21a:	e2fd                	bnez	a3,0x1c00a300
    1c00a21c:	4785                	li	a5,1
    1c00a21e:	07fe                	slli	a5,a5,0x1f
    1c00a220:	1c00ed37          	lui	s10,0x1c00e
    1c00a224:	0f0d0d13          	addi	s10,s10,240 # 0x1c00e0f0
    1c00a228:	00fd3023          	sd	a5,0(s10)
    1c00a22c:	83d1                	srli	a5,a5,0x14
    1c00a22e:	078e                	slli	a5,a5,0x3
    1c00a230:	0f978263          	beq	a5,s9,0x1c00a314
    1c00a234:	1c00d537          	lui	a0,0x1c00d
    1c00a238:	8b850513          	addi	a0,a0,-1864 # 0x1c00c8b8
    1c00a23c:	14f000ef          	jal	0x1c00ab8a
    1c00a240:	000d3c83          	ld	s9,0(s10)
    1c00a244:	014cdc93          	srli	s9,s9,0x14
    1c00a248:	0c8e                	slli	s9,s9,0x3
    1c00a24a:	b8c5                	j	0x1c009b3a
    1c00a24c:	21500713          	li	a4,533
    1c00a250:	04e79a63          	bne	a5,a4,0x1c00a2a4
    1c00a254:	4184a783          	lw	a5,1048(s1)
    1c00a258:	49679793          	.insn	4, 0x49679793
    1c00a25c:	40f4ac23          	sw	a5,1048(s1)
    1c00a260:	4711                	li	a4,4
    1c00a262:	50e4a023          	sw	a4,1280(s1)
    1c00a266:	5004a023          	sw	zero,1280(s1)
    1c00a26a:	1a0007b7          	lui	a5,0x1a000
    1c00a26e:	40f4ae23          	sw	a5,1052(s1)
    1c00a272:	4204a783          	lw	a5,1056(s1)
    1c00a276:	00190793          	addi	a5,s2,1
    1c00a27a:	42f4a023          	sw	a5,1056(s1)
    1c00a27e:	50e4a023          	sw	a4,1280(s1)
    1c00a282:	5004a023          	sw	zero,1280(s1)
    1c00a286:	4184a783          	lw	a5,1048(s1)
    1c00a28a:	29679793          	.insn	4, 0x29679793
    1c00a28e:	40f4ac23          	sw	a5,1048(s1)
    1c00a292:	50e4a023          	sw	a4,1280(s1)
    1c00a296:	5004a023          	sw	zero,1280(s1)
    1c00a29a:	49c4a783          	lw	a5,1180(s1)
    1c00a29e:	f007f793          	andi	a5,a5,-256
    1c00a2a2:	ba21                	j	0x1c009bba
    1c00a2a4:	32000713          	li	a4,800
    1c00a2a8:	00e79963          	bne	a5,a4,0x1c00a2ba
    1c00a2ac:	49c4a783          	lw	a5,1180(s1)
    1c00a2b0:	f007f793          	andi	a5,a5,-256
    1c00a2b4:	0037e793          	ori	a5,a5,3
    1c00a2b8:	b209                	j	0x1c009bba
    1c00a2ba:	42a00713          	li	a4,1066
    1c00a2be:	90e790e3          	bne	a5,a4,0x1c009bbe
    1c00a2c2:	4184a783          	lw	a5,1048(s1)
    1c00a2c6:	49679793          	.insn	4, 0x49679793
    1c00a2ca:	40f4ac23          	sw	a5,1048(s1)
    1c00a2ce:	4711                	li	a4,4
    1c00a2d0:	50e4a023          	sw	a4,1280(s1)
    1c00a2d4:	5004a023          	sw	zero,1280(s1)
    1c00a2d8:	190007b7          	lui	a5,0x19000
    1c00a2dc:	bf49                	j	0x1c00a26e
    1c00a2de:	4739                	li	a4,14
    1c00a2e0:	00f76763          	bltu	a4,a5,0x1c00a2ee
    1c00a2e4:	0017d79b          	srliw	a5,a5,0x1
    1c00a2e8:	0097979b          	slliw	a5,a5,0x9
    1c00a2ec:	b2ed                	j	0x1c009cd6
    1c00a2ee:	0004a223          	sw	zero,4(s1)
    1c00a2f2:	b2dd                	j	0x1c009cd8
    1c00a2f4:	ffc7069b          	addiw	a3,a4,-4
    1c00a2f8:	0046969b          	slliw	a3,a3,0x4
    1c00a2fc:	8fd5                	or	a5,a5,a3
    1c00a2fe:	bad5                	j	0x1c009cf2
    1c00a300:	66e6450b          	.insn	4, 0x66e6450b
    1c00a304:	fff74593          	not	a1,a4
    1c00a308:	00371793          	slli	a5,a4,0x3
    1c00a30c:	f0b51ae3          	bne	a0,a1,0x1c00a220
    1c00a310:	0706                	slli	a4,a4,0x1
    1c00a312:	b719                	j	0x1c00a218
    1c00a314:	85e6                	mv	a1,s9
    1c00a316:	1c00d537          	lui	a0,0x1c00d
    1c00a31a:	8e050513          	addi	a0,a0,-1824 # 0x1c00c8e0
    1c00a31e:	007000ef          	jal	0x1c00ab24
    1c00a322:	20000437          	lui	s0,0x20000
    1c00a326:	05a00993          	li	s3,90
    1c00a32a:	1c00d537          	lui	a0,0x1c00d
    1c00a32e:	90050513          	addi	a0,a0,-1792 # 0x1c00c900
    1c00a332:	01340023          	sb	s3,0(s0) # 0x20000000
    1c00a336:	055000ef          	jal	0x1c00ab8a
    1c00a33a:	00044403          	lbu	s0,0(s0)
    1c00a33e:	0ff47413          	zext.b	s0,s0
    1c00a342:	1c00d937          	lui	s2,0x1c00d
    1c00a346:	2401                	sext.w	s0,s0
    1c00a348:	85a2                	mv	a1,s0
    1c00a34a:	93090513          	addi	a0,s2,-1744 # 0x1c00c930
    1c00a34e:	7d6000ef          	jal	0x1c00ab24
    1c00a352:	01341863          	bne	s0,s3,0x1c00a362
    1c00a356:	1c00d537          	lui	a0,0x1c00d
    1c00a35a:	94850513          	addi	a0,a0,-1720 # 0x1c00c948
    1c00a35e:	02d000ef          	jal	0x1c00ab8a
    1c00a362:	30300437          	lui	s0,0x30300
    1c00a366:	6999                	lui	s3,0x6
    1c00a368:	aa798993          	addi	s3,s3,-1369 # 0x5aa7
    1c00a36c:	1c00d537          	lui	a0,0x1c00d
    1c00a370:	96050513          	addi	a0,a0,-1696 # 0x1c00c960
    1c00a374:	01341023          	sh	s3,0(s0) # 0x30300000
    1c00a378:	013000ef          	jal	0x1c00ab8a
    1c00a37c:	00045403          	lhu	s0,0(s0)
    1c00a380:	3c04340b          	.insn	4, 0x3c04340b
    1c00a384:	2401                	sext.w	s0,s0
    1c00a386:	85a2                	mv	a1,s0
    1c00a388:	93090513          	addi	a0,s2,-1744
    1c00a38c:	798000ef          	jal	0x1c00ab24
    1c00a390:	01341863          	bne	s0,s3,0x1c00a3a0
    1c00a394:	1c00d537          	lui	a0,0x1c00d
    1c00a398:	99050513          	addi	a0,a0,-1648 # 0x1c00c990
    1c00a39c:	7ee000ef          	jal	0x1c00ab8a
    1c00a3a0:	405409b7          	lui	s3,0x40540
    1c00a3a4:	5aa71437          	lui	s0,0x5aa71
    1c00a3a8:	34240413          	addi	s0,s0,834 # 0x5aa71342
    1c00a3ac:	1c00d537          	lui	a0,0x1c00d
    1c00a3b0:	9a850513          	addi	a0,a0,-1624 # 0x1c00c9a8
    1c00a3b4:	0089a023          	sw	s0,0(s3) # 0x40540000
    1c00a3b8:	7d2000ef          	jal	0x1c00ab8a
    1c00a3bc:	0009a983          	lw	s3,0(s3)
    1c00a3c0:	85ce                	mv	a1,s3
    1c00a3c2:	93090513          	addi	a0,s2,-1744
    1c00a3c6:	75e000ef          	jal	0x1c00ab24
    1c00a3ca:	00899863          	bne	s3,s0,0x1c00a3da
    1c00a3ce:	1c00d537          	lui	a0,0x1c00d
    1c00a3d2:	9e050513          	addi	a0,a0,-1568 # 0x1c00c9e0
    1c00a3d6:	7b4000ef          	jal	0x1c00ab8a
    1c00a3da:	66099937          	lui	s2,0x66099
    1c00a3de:	1c00d7b7          	lui	a5,0x1c00d
    1c00a3e2:	a507b403          	ld	s0,-1456(a5) # 0x1c00ca50
    1c00a3e6:	1c00d537          	lui	a0,0x1c00d
    1c00a3ea:	9f850513          	addi	a0,a0,-1544 # 0x1c00c9f8
    1c00a3ee:	00893023          	sd	s0,0(s2) # 0x66099000
    1c00a3f2:	798000ef          	jal	0x1c00ab8a
    1c00a3f6:	00093783          	ld	a5,0(s2)
    1c00a3fa:	00879863          	bne	a5,s0,0x1c00a40a
    1c00a3fe:	1c00d537          	lui	a0,0x1c00d
    1c00a402:	a3850513          	addi	a0,a0,-1480 # 0x1c00ca38
    1c00a406:	784000ef          	jal	0x1c00ab8a
    1c00a40a:	7406                	ld	s0,96(sp)
    1c00a40c:	70a6                	ld	ra,104(sp)
    1c00a40e:	6d42                	ld	s10,16(sp)
    1c00a410:	6ce2                	ld	s9,24(sp)
    1c00a412:	7c02                	ld	s8,32(sp)
    1c00a414:	7ba2                	ld	s7,40(sp)
    1c00a416:	7b42                	ld	s6,48(sp)
    1c00a418:	7ae2                	ld	s5,56(sp)
    1c00a41a:	6a06                	ld	s4,64(sp)
    1c00a41c:	69a6                	ld	s3,72(sp)
    1c00a41e:	8526                	mv	a0,s1
    1c00a420:	6946                	ld	s2,80(sp)
    1c00a422:	64e6                	ld	s1,88(sp)
    1c00a424:	6165                	addi	sp,sp,112
    1c00a426:	8082                	ret
    1c00a428:	711d                	addi	sp,sp,-96
    1c00a42a:	eca2                	sd	s0,88(sp)
    1c00a42c:	0407f813          	andi	a6,a5,64
    1c00a430:	00080e63          	beqz	a6,0x1c00a44c
    1c00a434:	1c00d8b7          	lui	a7,0x1c00d
    1c00a438:	a8088893          	addi	a7,a7,-1408 # 0x1c00ca80
    1c00a43c:	0107ff13          	andi	t5,a5,16
    1c00a440:	000f0b63          	beqz	t5,0x1c00a456
    1c00a444:	9bf9                	andi	a5,a5,-2
    1c00a446:	02000e93          	li	t4,32
    1c00a44a:	a821                	j	0x1c00a462
    1c00a44c:	1c00d8b7          	lui	a7,0x1c00d
    1c00a450:	a5888893          	addi	a7,a7,-1448 # 0x1c00ca58
    1c00a454:	b7e5                	j	0x1c00a43c
    1c00a456:	0017f813          	andi	a6,a5,1
    1c00a45a:	03000e93          	li	t4,48
    1c00a45e:	fe0804e3          	beqz	a6,0x1c00a446
    1c00a462:	0027f813          	andi	a6,a5,2
    1c00a466:	4f81                	li	t6,0
    1c00a468:	00080963          	beqz	a6,0x1c00a47a
    1c00a46c:	0605d163          	bgez	a1,0x1c00a4ce
    1c00a470:	40b005b3          	neg	a1,a1
    1c00a474:	36fd                	addiw	a3,a3,-1
    1c00a476:	02d00f93          	li	t6,45
    1c00a47a:	0207f293          	andi	t0,a5,32
    1c00a47e:	00028663          	beqz	t0,0x1c00a48a
    1c00a482:	4841                	li	a6,16
    1c00a484:	07061563          	bne	a2,a6,0x1c00a4ee
    1c00a488:	36f9                	addiw	a3,a3,-2
    1c00a48a:	e5bd                	bnez	a1,0x1c00a4f8
    1c00a48c:	03000593          	li	a1,48
    1c00a490:	4805                	li	a6,1
    1c00a492:	00b10423          	sb	a1,8(sp)
    1c00a496:	0ae86733          	.insn	4, 0x0ae86733
    1c00a49a:	40e685bb          	subw	a1,a3,a4
    1c00a49e:	86ae                	mv	a3,a1
    1c00a4a0:	8bc5                	andi	a5,a5,17
    1c00a4a2:	cfc1                	beqz	a5,0x1c00a53a
    1c00a4a4:	000f8463          	beqz	t6,0x1c00a4ac
    1c00a4a8:	18155f8b          	.insn	4, 0x18155f8b
    1c00a4ac:	00028963          	beqz	t0,0x1c00a4be
    1c00a4b0:	47a1                	li	a5,8
    1c00a4b2:	08f61863          	bne	a2,a5,0x1c00a542
    1c00a4b6:	03000793          	li	a5,48
    1c00a4ba:	1815578b          	.insn	4, 0x1815578b
    1c00a4be:	0a0f0b63          	beqz	t5,0x1c00a574
    1c00a4c2:	4681                	li	a3,0
    1c00a4c4:	0007079b          	sext.w	a5,a4
    1c00a4c8:	03000893          	li	a7,48
    1c00a4cc:	a84d                	j	0x1c00a57e
    1c00a4ce:	0047f813          	andi	a6,a5,4
    1c00a4d2:	00080663          	beqz	a6,0x1c00a4de
    1c00a4d6:	36fd                	addiw	a3,a3,-1
    1c00a4d8:	02b00f93          	li	t6,43
    1c00a4dc:	bf79                	j	0x1c00a47a
    1c00a4de:	0087f813          	andi	a6,a5,8
    1c00a4e2:	f8080ce3          	beqz	a6,0x1c00a47a
    1c00a4e6:	36fd                	addiw	a3,a3,-1
    1c00a4e8:	02000f93          	li	t6,32
    1c00a4ec:	b779                	j	0x1c00a47a
    1c00a4ee:	4821                	li	a6,8
    1c00a4f0:	f9061de3          	bne	a2,a6,0x1c00a48a
    1c00a4f4:	36fd                	addiw	a3,a3,-1
    1c00a4f6:	bf51                	j	0x1c00a48a
    1c00a4f8:	4301                	li	t1,0
    1c00a4fa:	00810393          	addi	t2,sp,8
    1c00a4fe:	8e2e                	mv	t3,a1
    1c00a500:	02ce55b3          	divu	a1,t3,a2
    1c00a504:	02ce7433          	remu	s0,t3,a2
    1c00a508:	0013081b          	addiw	a6,t1,1
    1c00a50c:	8088c40b          	.insn	4, 0x8088c40b
    1c00a510:	0073540b          	.insn	4, 0x0073540b
    1c00a514:	0305                	addi	t1,t1,1
    1c00a516:	fece74e3          	bgeu	t3,a2,0x1c00a4fe
    1c00a51a:	bfb5                	j	0x1c00a496
    1c00a51c:	00f5530b          	.insn	4, 0x00f5530b
    1c00a520:	0785                	addi	a5,a5,1
    1c00a522:	40f588bb          	subw	a7,a1,a5
    1c00a526:	ff104be3          	bgtz	a7,0x1c00a51c
    1c00a52a:	4781                	li	a5,0
    1c00a52c:	0af5e5b3          	.insn	4, 0x0af5e5b3
    1c00a530:	36fd                	addiw	a3,a3,-1
    1c00a532:	952e                	add	a0,a0,a1
    1c00a534:	40b685bb          	subw	a1,a3,a1
    1c00a538:	b7b5                	j	0x1c00a4a4
    1c00a53a:	4781                	li	a5,0
    1c00a53c:	02000313          	li	t1,32
    1c00a540:	b7cd                	j	0x1c00a522
    1c00a542:	47c1                	li	a5,16
    1c00a544:	f6f61de3          	bne	a2,a5,0x1c00a4be
    1c00a548:	77e1                	lui	a5,0xffff8
    1c00a54a:	8307c793          	xori	a5,a5,-2000
    1c00a54e:	3825578b          	.insn	4, 0x3825578b
    1c00a552:	b7b5                	j	0x1c00a4be
    1c00a554:	00f55e8b          	.insn	4, 0x00f55e8b
    1c00a558:	0785                	addi	a5,a5,1 # 0xffffffffffff8001
    1c00a55a:	40f586bb          	subw	a3,a1,a5
    1c00a55e:	fed04be3          	bgtz	a3,0x1c00a554
    1c00a562:	4781                	li	a5,0
    1c00a564:	0af5e7b3          	.insn	4, 0x0af5e7b3
    1c00a568:	fff5869b          	addiw	a3,a1,-1 # 0x21ffff
    1c00a56c:	953e                	add	a0,a0,a5
    1c00a56e:	40f685bb          	subw	a1,a3,a5
    1c00a572:	bf81                	j	0x1c00a4c2
    1c00a574:	4781                	li	a5,0
    1c00a576:	b7d5                	j	0x1c00a55a
    1c00a578:	00d5588b          	.insn	4, 0x00d5588b
    1c00a57c:	0685                	addi	a3,a3,1
    1c00a57e:	40d7863b          	subw	a2,a5,a3
    1c00a582:	fec84be3          	blt	a6,a2,0x1c00a578
    1c00a586:	4681                	li	a3,0
    1c00a588:	01074663          	blt	a4,a6,0x1c00a594
    1c00a58c:	410787bb          	subw	a5,a5,a6
    1c00a590:	7c07b68b          	.insn	4, 0x7c07b68b
    1c00a594:	9536                	add	a0,a0,a3
    1c00a596:	872a                	mv	a4,a0
    1c00a598:	87c2                	mv	a5,a6
    1c00a59a:	0030                	addi	a2,sp,8
    1c00a59c:	17fd                	addi	a5,a5,-1
    1c00a59e:	0017869b          	addiw	a3,a5,1
    1c00a5a2:	02d04163          	bgtz	a3,0x1c00a5c4
    1c00a5a6:	9542                	add	a0,a0,a6
    1c00a5a8:	4781                	li	a5,0
    1c00a5aa:	02000693          	li	a3,32
    1c00a5ae:	40f5873b          	subw	a4,a1,a5
    1c00a5b2:	00e04e63          	bgtz	a4,0x1c00a5ce
    1c00a5b6:	4681                	li	a3,0
    1c00a5b8:	0ad5e6b3          	.insn	4, 0x0ad5e6b3
    1c00a5bc:	6466                	ld	s0,88(sp)
    1c00a5be:	9536                	add	a0,a0,a3
    1c00a5c0:	6125                	addi	sp,sp,96
    1c00a5c2:	8082                	ret
    1c00a5c4:	80c7c68b          	.insn	4, 0x80c7c68b
    1c00a5c8:	1817568b          	.insn	4, 0x1817568b
    1c00a5cc:	bfc1                	j	0x1c00a59c
    1c00a5ce:	00f5568b          	.insn	4, 0x00f5568b
    1c00a5d2:	0785                	addi	a5,a5,1
    1c00a5d4:	bfe9                	j	0x1c00a5ae
    1c00a5d6:	7119                	addi	sp,sp,-128
    1c00a5d8:	e4d6                	sd	s5,72(sp)
    1c00a5da:	e8d2                	sd	s4,80(sp)
    1c00a5dc:	ecce                	sd	s3,88(sp)
    1c00a5de:	f0ca                	sd	s2,96(sp)
    1c00a5e0:	f4a6                	sd	s1,104(sp)
    1c00a5e2:	f8a2                	sd	s0,112(sp)
    1c00a5e4:	f466                	sd	s9,40(sp)
    1c00a5e6:	f862                	sd	s8,48(sp)
    1c00a5e8:	fc5e                	sd	s7,56(sp)
    1c00a5ea:	e0da                	sd	s6,64(sp)
    1c00a5ec:	1c00da37          	lui	s4,0x1c00d
    1c00a5f0:	a58a0a13          	addi	s4,s4,-1448 # 0x1c00ca58
    1c00a5f4:	1c00d4b7          	lui	s1,0x1c00d
    1c00a5f8:	a8048493          	addi	s1,s1,-1408 # 0x1c00ca80
    1c00a5fc:	1c00d937          	lui	s2,0x1c00d
    1c00a600:	ab090913          	addi	s2,s2,-1360 # 0x1c00cab0
    1c00a604:	fc86                	sd	ra,120(sp)
    1c00a606:	8b2a                	mv	s6,a0
    1c00a608:	4a81                	li	s5,0
    1c00a60a:	1c00d9b7          	lui	s3,0x1c00d
    1c00a60e:	0005c783          	lbu	a5,0(a1)
    1c00a612:	e39d                	bnez	a5,0x1c00a638
    1c00a614:	00050023          	sb	zero,0(a0)
    1c00a618:	41650abb          	subw	s5,a0,s6
    1c00a61c:	70e6                	ld	ra,120(sp)
    1c00a61e:	7ca2                	ld	s9,40(sp)
    1c00a620:	7c42                	ld	s8,48(sp)
    1c00a622:	7be2                	ld	s7,56(sp)
    1c00a624:	6b06                	ld	s6,64(sp)
    1c00a626:	69e6                	ld	s3,88(sp)
    1c00a628:	7906                	ld	s2,96(sp)
    1c00a62a:	74a6                	ld	s1,104(sp)
    1c00a62c:	7446                	ld	s0,112(sp)
    1c00a62e:	8556                	mv	a0,s5
    1c00a630:	6aa6                	ld	s5,72(sp)
    1c00a632:	6a46                	ld	s4,80(sp)
    1c00a634:	6109                	addi	sp,sp,128
    1c00a636:	8082                	ret
    1c00a638:	02500713          	li	a4,37
    1c00a63c:	00e78e63          	beq	a5,a4,0x1c00a658
    1c00a640:	00f50023          	sb	a5,0(a0)
    1c00a644:	2a85                	addiw	s5,s5,1
    1c00a646:	0ff00793          	li	a5,255
    1c00a64a:	fd57c9e3          	blt	a5,s5,0x1c00a61c
    1c00a64e:	0505                	addi	a0,a0,1
    1c00a650:	842e                	mv	s0,a1
    1c00a652:	00140593          	addi	a1,s0,1
    1c00a656:	bf65                	j	0x1c00a60e
    1c00a658:	4781                	li	a5,0
    1c00a65a:	02b00693          	li	a3,43
    1c00a65e:	02d00813          	li	a6,45
    1c00a662:	03000893          	li	a7,48
    1c00a666:	02000313          	li	t1,32
    1c00a66a:	02300e13          	li	t3,35
    1c00a66e:	a819                	j	0x1c00a684
    1c00a670:	01070763          	beq	a4,a6,0x1c00a67e
    1c00a674:	03171463          	bne	a4,a7,0x1c00a69c
    1c00a678:	0017e793          	ori	a5,a5,1
    1c00a67c:	a019                	j	0x1c00a682
    1c00a67e:	0107e793          	ori	a5,a5,16
    1c00a682:	85a2                	mv	a1,s0
    1c00a684:	0015c703          	lbu	a4,1(a1)
    1c00a688:	00158413          	addi	s0,a1,1
    1c00a68c:	02d70363          	beq	a4,a3,0x1c00a6b2
    1c00a690:	fee6e0e3          	bltu	a3,a4,0x1c00a670
    1c00a694:	02670263          	beq	a4,t1,0x1c00a6b8
    1c00a698:	03c70363          	beq	a4,t3,0x1c00a6be
    1c00a69c:	fd07069b          	addiw	a3,a4,-48
    1c00a6a0:	0ff6f693          	zext.b	a3,a3
    1c00a6a4:	4825                	li	a6,9
    1c00a6a6:	06d86263          	bltu	a6,a3,0x1c00a70a
    1c00a6aa:	4681                	li	a3,0
    1c00a6ac:	4825                	li	a6,9
    1c00a6ae:	48a9                	li	a7,10
    1c00a6b0:	a839                	j	0x1c00a6ce
    1c00a6b2:	0047e793          	ori	a5,a5,4
    1c00a6b6:	b7f1                	j	0x1c00a682
    1c00a6b8:	0087e793          	ori	a5,a5,8
    1c00a6bc:	b7d9                	j	0x1c00a682
    1c00a6be:	0207e793          	ori	a5,a5,32
    1c00a6c2:	b7c1                	j	0x1c00a682
    1c00a6c4:	24d8970b          	.insn	4, 0x24d8970b
    1c00a6c8:	0405                	addi	s0,s0,1
    1c00a6ca:	fd07069b          	addiw	a3,a4,-48
    1c00a6ce:	00044703          	lbu	a4,0(s0)
    1c00a6d2:	fd07059b          	addiw	a1,a4,-48
    1c00a6d6:	0ff5f593          	zext.b	a1,a1
    1c00a6da:	feb875e3          	bgeu	a6,a1,0x1c00a6c4
    1c00a6de:	00044803          	lbu	a6,0(s0)
    1c00a6e2:	02e00593          	li	a1,46
    1c00a6e6:	577d                	li	a4,-1
    1c00a6e8:	06b81263          	bne	a6,a1,0x1c00a74c
    1c00a6ec:	00144803          	lbu	a6,1(s0)
    1c00a6f0:	00140593          	addi	a1,s0,1
    1c00a6f4:	fd08071b          	addiw	a4,a6,-48
    1c00a6f8:	0ff77713          	zext.b	a4,a4
    1c00a6fc:	48a5                	li	a7,9
    1c00a6fe:	08e8e763          	bltu	a7,a4,0x1c00a78c
    1c00a702:	4701                	li	a4,0
    1c00a704:	4325                	li	t1,9
    1c00a706:	4e29                	li	t3,10
    1c00a708:	a035                	j	0x1c00a734
    1c00a70a:	02a00813          	li	a6,42
    1c00a70e:	56fd                	li	a3,-1
    1c00a710:	fd0717e3          	bne	a4,a6,0x1c00a6de
    1c00a714:	5886468b          	.insn	4, 0x5886468b
    1c00a718:	00258413          	addi	s0,a1,2
    1c00a71c:	fc06d1e3          	bgez	a3,0x1c00a6de
    1c00a720:	40d006bb          	negw	a3,a3
    1c00a724:	0107e793          	ori	a5,a5,16
    1c00a728:	bf5d                	j	0x1c00a6de
    1c00a72a:	24ee180b          	.insn	4, 0x24ee180b
    1c00a72e:	0585                	addi	a1,a1,1
    1c00a730:	fd08071b          	addiw	a4,a6,-48
    1c00a734:	0005c803          	lbu	a6,0(a1)
    1c00a738:	fd08089b          	addiw	a7,a6,-48
    1c00a73c:	0ff8f893          	zext.b	a7,a7
    1c00a740:	ff1375e3          	bgeu	t1,a7,0x1c00a72a
    1c00a744:	4801                	li	a6,0
    1c00a746:	0b076733          	.insn	4, 0x0b076733
    1c00a74a:	842e                	mv	s0,a1
    1c00a74c:	00044803          	lbu	a6,0(s0)
    1c00a750:	06800593          	li	a1,104
    1c00a754:	00b80963          	beq	a6,a1,0x1c00a766
    1c00a758:	04c00313          	li	t1,76
    1c00a75c:	0df87893          	andi	a7,a6,223
    1c00a760:	55fd                	li	a1,-1
    1c00a762:	00689463          	bne	a7,t1,0x1c00a76a
    1c00a766:	85c2                	mv	a1,a6
    1c00a768:	0405                	addi	s0,s0,1
    1c00a76a:	00044883          	lbu	a7,0(s0)
    1c00a76e:	04100813          	li	a6,65
    1c00a772:	19088063          	beq	a7,a6,0x1c00a8f2
    1c00a776:	fa88881b          	addiw	a6,a7,-88
    1c00a77a:	0ff87813          	zext.b	a6,a6
    1c00a77e:	02000313          	li	t1,32
    1c00a782:	35036d63          	bltu	t1,a6,0x1c00aadc
    1c00a786:	4509480b          	.insn	4, 0x4509480b
    1c00a78a:	8802                	jr	a6
    1c00a78c:	02a00713          	li	a4,42
    1c00a790:	00e81763          	bne	a6,a4,0x1c00a79e
    1c00a794:	5886470b          	.insn	4, 0x5886470b
    1c00a798:	00240593          	addi	a1,s0,2
    1c00a79c:	b765                	j	0x1c00a744
    1c00a79e:	842e                	mv	s0,a1
    1c00a7a0:	4701                	li	a4,0
    1c00a7a2:	b76d                	j	0x1c00a74c
    1c00a7a4:	8bc1                	andi	a5,a5,16
    1c00a7a6:	eb9d                	bnez	a5,0x1c00a7dc
    1c00a7a8:	87aa                	mv	a5,a0
    1c00a7aa:	02000593          	li	a1,32
    1c00a7ae:	a019                	j	0x1c00a7b4
    1c00a7b0:	feb78fa3          	sb	a1,-1(a5)
    1c00a7b4:	0785                	addi	a5,a5,1
    1c00a7b6:	40f5073b          	subw	a4,a0,a5
    1c00a7ba:	9f35                	addw	a4,a4,a3
    1c00a7bc:	fee04ae3          	bgtz	a4,0x1c00a7b0
    1c00a7c0:	fff6879b          	addiw	a5,a3,-1
    1c00a7c4:	4701                	li	a4,0
    1c00a7c6:	00d05463          	blez	a3,0x1c00a7ce
    1c00a7ca:	7c07b70b          	.insn	4, 0x7c07b70b
    1c00a7ce:	953a                	add	a0,a0,a4
    1c00a7d0:	4705                	li	a4,1
    1c00a7d2:	0ae6e6b3          	.insn	4, 0x0ae6e6b3
    1c00a7d6:	40d786bb          	subw	a3,a5,a3
    1c00a7da:	2685                	addiw	a3,a3,1
    1c00a7dc:	5886478b          	.insn	4, 0x5886478b
    1c00a7e0:	02000593          	li	a1,32
    1c00a7e4:	00f50023          	sb	a5,0(a0)
    1c00a7e8:	4781                	li	a5,0
    1c00a7ea:	0785                	addi	a5,a5,1
    1c00a7ec:	40f6873b          	subw	a4,a3,a5
    1c00a7f0:	00e04b63          	bgtz	a4,0x1c00a806
    1c00a7f4:	4781                	li	a5,0
    1c00a7f6:	00d05563          	blez	a3,0x1c00a800
    1c00a7fa:	36fd                	addiw	a3,a3,-1
    1c00a7fc:	7c06b78b          	.insn	4, 0x7c06b78b
    1c00a800:	0785                	addi	a5,a5,1
    1c00a802:	953e                	add	a0,a0,a5
    1c00a804:	b5b9                	j	0x1c00a652
    1c00a806:	00f5558b          	.insn	4, 0x00f5558b
    1c00a80a:	b7c5                	j	0x1c00a7ea
    1c00a80c:	7886480b          	.insn	4, 0x7886480b
    1c00a810:	00081463          	bnez	a6,0x1c00a818
    1c00a814:	aa898813          	addi	a6,s3,-1368 # 0x1c00caa8
    1c00a818:	9742                	add	a4,a4,a6
    1c00a81a:	85c2                	mv	a1,a6
    1c00a81c:	0005c883          	lbu	a7,0(a1)
    1c00a820:	00088463          	beqz	a7,0x1c00a828
    1c00a824:	00e59e63          	bne	a1,a4,0x1c00a840
    1c00a828:	410585b3          	sub	a1,a1,a6
    1c00a82c:	0005871b          	sext.w	a4,a1
    1c00a830:	8bc1                	andi	a5,a5,16
    1c00a832:	e3a1                	bnez	a5,0x1c00a872
    1c00a834:	4881                	li	a7,0
    1c00a836:	0006879b          	sext.w	a5,a3
    1c00a83a:	02000e13          	li	t3,32
    1c00a83e:	a031                	j	0x1c00a84a
    1c00a840:	0585                	addi	a1,a1,1
    1c00a842:	bfe9                	j	0x1c00a81c
    1c00a844:	01155e0b          	.insn	4, 0x01155e0b
    1c00a848:	0885                	addi	a7,a7,1
    1c00a84a:	4117833b          	subw	t1,a5,a7
    1c00a84e:	fe674be3          	blt	a4,t1,0x1c00a844
    1c00a852:	9f8d                	subw	a5,a5,a1
    1c00a854:	4881                	li	a7,0
    1c00a856:	00e6c463          	blt	a3,a4,0x1c00a85e
    1c00a85a:	7c07b88b          	.insn	4, 0x7c07b88b
    1c00a85e:	9546                	add	a0,a0,a7
    1c00a860:	fff6831b          	addiw	t1,a3,-1
    1c00a864:	4881                	li	a7,0
    1c00a866:	00e6c463          	blt	a3,a4,0x1c00a86e
    1c00a86a:	40f008bb          	negw	a7,a5
    1c00a86e:	006886bb          	addw	a3,a7,t1
    1c00a872:	4781                	li	a5,0
    1c00a874:	0007889b          	sext.w	a7,a5
    1c00a878:	02e8c963          	blt	a7,a4,0x1c00a8aa
    1c00a87c:	4781                	li	a5,0
    1c00a87e:	00074463          	bltz	a4,0x1c00a886
    1c00a882:	7c05b78b          	.insn	4, 0x7c05b78b
    1c00a886:	953e                	add	a0,a0,a5
    1c00a888:	4581                	li	a1,0
    1c00a88a:	0006879b          	sext.w	a5,a3
    1c00a88e:	02000893          	li	a7,32
    1c00a892:	40b7883b          	subw	a6,a5,a1
    1c00a896:	03074063          	blt	a4,a6,0x1c00a8b6
    1c00a89a:	4581                	li	a1,0
    1c00a89c:	00e6c563          	blt	a3,a4,0x1c00a8a6
    1c00a8a0:	9f99                	subw	a5,a5,a4
    1c00a8a2:	7c07b58b          	.insn	4, 0x7c07b58b
    1c00a8a6:	952e                	add	a0,a0,a1
    1c00a8a8:	b36d                	j	0x1c00a652
    1c00a8aa:	80f8488b          	.insn	4, 0x80f8488b
    1c00a8ae:	00f5588b          	.insn	4, 0x00f5588b
    1c00a8b2:	0785                	addi	a5,a5,1
    1c00a8b4:	b7c1                	j	0x1c00a874
    1c00a8b6:	00b5588b          	.insn	4, 0x00b5588b
    1c00a8ba:	0585                	addi	a1,a1,1
    1c00a8bc:	bfd9                	j	0x1c00a892
    1c00a8be:	55fd                	li	a1,-1
    1c00a8c0:	00b69563          	bne	a3,a1,0x1c00a8ca
    1c00a8c4:	0017e793          	ori	a5,a5,1
    1c00a8c8:	46c1                	li	a3,16
    1c00a8ca:	8bb2                	mv	s7,a2
    1c00a8cc:	788bc58b          	.insn	4, 0x788bc58b
    1c00a8d0:	4641                	li	a2,16
    1c00a8d2:	b57ff0ef          	jal	0x1c00a428
    1c00a8d6:	865e                	mv	a2,s7
    1c00a8d8:	bbad                	j	0x1c00a652
    1c00a8da:	06c00693          	li	a3,108
    1c00a8de:	7886478b          	.insn	4, 0x7886478b
    1c00a8e2:	41650733          	sub	a4,a0,s6
    1c00a8e6:	00d59463          	bne	a1,a3,0x1c00a8ee
    1c00a8ea:	e398                	sd	a4,0(a5)
    1c00a8ec:	b39d                	j	0x1c00a652
    1c00a8ee:	c398                	sw	a4,0(a5)
    1c00a8f0:	b38d                	j	0x1c00a652
    1c00a8f2:	0407e793          	ori	a5,a5,64
    1c00a8f6:	06c00713          	li	a4,108
    1c00a8fa:	78864f0b          	.insn	4, 0x78864f0b
    1c00a8fe:	00810893          	addi	a7,sp,8
    1c00a902:	10e59d63          	bne	a1,a4,0x1c00aa1c
    1c00a906:	0407f713          	andi	a4,a5,64
    1c00a90a:	8326                	mv	t1,s1
    1c00a90c:	40ea130b          	.insn	4, 0x40ea130b
    1c00a910:	4581                	li	a1,0
    1c00a912:	8746                	mv	a4,a7
    1c00a914:	4e19                	li	t3,6
    1c00a916:	03a00f93          	li	t6,58
    1c00a91a:	80bf480b          	.insn	4, 0x80bf480b
    1c00a91e:	00485e93          	srli	t4,a6,0x4
    1c00a922:	00f87813          	andi	a6,a6,15
    1c00a926:	81d34e8b          	.insn	4, 0x81d34e8b
    1c00a92a:	8103480b          	.insn	4, 0x8103480b
    1c00a92e:	01d70023          	sb	t4,0(a4)
    1c00a932:	010700a3          	sb	a6,1(a4)
    1c00a936:	070d                	addi	a4,a4,3
    1c00a938:	0585                	addi	a1,a1,1
    1c00a93a:	05c59163          	bne	a1,t3,0x1c00a97c
    1c00a93e:	8bc1                	andi	a5,a5,16
    1c00a940:	cbad                	beqz	a5,0x1c00a9b2
    1c00a942:	4781                	li	a5,0
    1c00a944:	4745                	li	a4,17
    1c00a946:	80f8c58b          	.insn	4, 0x80f8c58b
    1c00a94a:	00f5558b          	.insn	4, 0x00f5558b
    1c00a94e:	0785                	addi	a5,a5,1
    1c00a950:	fee79be3          	bne	a5,a4,0x1c00a946
    1c00a954:	0545                	addi	a0,a0,17
    1c00a956:	4701                	li	a4,0
    1c00a958:	0006879b          	sext.w	a5,a3
    1c00a95c:	45c5                	li	a1,17
    1c00a95e:	02000893          	li	a7,32
    1c00a962:	40e7883b          	subw	a6,a5,a4
    1c00a966:	0505cd63          	blt	a1,a6,0x1c00a9c0
    1c00a96a:	45c1                	li	a1,16
    1c00a96c:	4701                	li	a4,0
    1c00a96e:	00d5d563          	bge	a1,a3,0x1c00a978
    1c00a972:	37bd                	addiw	a5,a5,-17
    1c00a974:	7c07b70b          	.insn	4, 0x7c07b70b
    1c00a978:	953a                	add	a0,a0,a4
    1c00a97a:	b9e1                	j	0x1c00a652
    1c00a97c:	fff70fa3          	sb	t6,-1(a4)
    1c00a980:	bf69                	j	0x1c00a91a
    1c00a982:	00e5530b          	.insn	4, 0x00e5530b
    1c00a986:	0705                	addi	a4,a4,1
    1c00a988:	40e7883b          	subw	a6,a5,a4
    1c00a98c:	ff05cbe3          	blt	a1,a6,0x1c00a982
    1c00a990:	37bd                	addiw	a5,a5,-17
    1c00a992:	45c1                	li	a1,16
    1c00a994:	4701                	li	a4,0
    1c00a996:	00d5d463          	bge	a1,a3,0x1c00a99e
    1c00a99a:	7c07b70b          	.insn	4, 0x7c07b70b
    1c00a99e:	953a                	add	a0,a0,a4
    1c00a9a0:	45c1                	li	a1,16
    1c00a9a2:	4701                	li	a4,0
    1c00a9a4:	00d5d463          	bge	a1,a3,0x1c00a9ac
    1c00a9a8:	40f0073b          	negw	a4,a5
    1c00a9ac:	36fd                	addiw	a3,a3,-1
    1c00a9ae:	9eb9                	addw	a3,a3,a4
    1c00a9b0:	bf49                	j	0x1c00a942
    1c00a9b2:	4701                	li	a4,0
    1c00a9b4:	0006879b          	sext.w	a5,a3
    1c00a9b8:	45c5                	li	a1,17
    1c00a9ba:	02000313          	li	t1,32
    1c00a9be:	b7e9                	j	0x1c00a988
    1c00a9c0:	00e5588b          	.insn	4, 0x00e5588b
    1c00a9c4:	0705                	addi	a4,a4,1
    1c00a9c6:	bf71                	j	0x1c00a962
    1c00a9c8:	0017059b          	addiw	a1,a4,1
    1c00a9cc:	00e8dc8b          	.insn	4, 0x00e8dc8b
    1c00a9d0:	81cf480b          	.insn	4, 0x81cf480b
    1c00a9d4:	0015871b          	addiw	a4,a1,1
    1c00a9d8:	8342                	mv	t1,a6
    1c00a9da:	04081f63          	bnez	a6,0x1c00aa38
    1c00a9de:	00b8dc0b          	.insn	4, 0x00b8dc0b
    1c00a9e2:	0e05                	addi	t3,t3,1
    1c00a9e4:	fe5e12e3          	bne	t3,t0,0x1c00a9c8
    1c00a9e8:	8bc1                	andi	a5,a5,16
    1c00a9ea:	c3f9                	beqz	a5,0x1c00aab0
    1c00a9ec:	4781                	li	a5,0
    1c00a9ee:	80f8c58b          	.insn	4, 0x80f8c58b
    1c00a9f2:	00f5558b          	.insn	4, 0x00f5558b
    1c00a9f6:	0785                	addi	a5,a5,1
    1c00a9f8:	0007859b          	sext.w	a1,a5
    1c00a9fc:	fee5c9e3          	blt	a1,a4,0x1c00a9ee
    1c00aa00:	953a                	add	a0,a0,a4
    1c00aa02:	4581                	li	a1,0
    1c00aa04:	0006879b          	sext.w	a5,a3
    1c00aa08:	02000313          	li	t1,32
    1c00aa0c:	40b788bb          	subw	a7,a5,a1
    1c00aa10:	e91755e3          	bge	a4,a7,0x1c00a89a
    1c00aa14:	00b5530b          	.insn	4, 0x00b5530b
    1c00aa18:	0585                	addi	a1,a1,1
    1c00aa1a:	bfcd                	j	0x1c00aa0c
    1c00aa1c:	4e01                	li	t3,0
    1c00aa1e:	4581                	li	a1,0
    1c00aa20:	06300393          	li	t2,99
    1c00aa24:	4ba5                	li	s7,9
    1c00aa26:	4ea9                	li	t4,10
    1c00aa28:	06400f93          	li	t6,100
    1c00aa2c:	03000c13          	li	s8,48
    1c00aa30:	4291                	li	t0,4
    1c00aa32:	02e00c93          	li	s9,46
    1c00aa36:	bf69                	j	0x1c00a9d0
    1c00aa38:	0303da63          	bge	t2,a6,0x1c00aa6c
    1c00aa3c:	03f8483b          	divw	a6,a6,t6
    1c00aa40:	810a480b          	.insn	4, 0x810a480b
    1c00aa44:	00b8d80b          	.insn	4, 0x00b8d80b
    1c00aa48:	2589                	addiw	a1,a1,2
    1c00aa4a:	03f3683b          	remw	a6,t1,t6
    1c00aa4e:	03d8433b          	divw	t1,a6,t4
    1c00aa52:	03d8683b          	remw	a6,a6,t4
    1c00aa56:	806a430b          	.insn	4, 0x806a430b
    1c00aa5a:	00e8d30b          	.insn	4, 0x00e8d30b
    1c00aa5e:	810a480b          	.insn	4, 0x810a480b
    1c00aa62:	0015871b          	addiw	a4,a1,1
    1c00aa66:	00b8d80b          	.insn	4, 0x00b8d80b
    1c00aa6a:	bfa5                	j	0x1c00a9e2
    1c00aa6c:	ff0bd9e3          	bge	s7,a6,0x1c00aa5e
    1c00aa70:	03d8483b          	divw	a6,a6,t4
    1c00aa74:	810a480b          	.insn	4, 0x810a480b
    1c00aa78:	00b8d80b          	.insn	4, 0x00b8d80b
    1c00aa7c:	85ba                	mv	a1,a4
    1c00aa7e:	03d3683b          	remw	a6,t1,t4
    1c00aa82:	bff1                	j	0x1c00aa5e
    1c00aa84:	00b5530b          	.insn	4, 0x00b5530b
    1c00aa88:	0585                	addi	a1,a1,1
    1c00aa8a:	40b7883b          	subw	a6,a5,a1
    1c00aa8e:	ff074be3          	blt	a4,a6,0x1c00aa84
    1c00aa92:	9f99                	subw	a5,a5,a4
    1c00aa94:	4581                	li	a1,0
    1c00aa96:	00e6c463          	blt	a3,a4,0x1c00aa9e
    1c00aa9a:	7c07b58b          	.insn	4, 0x7c07b58b
    1c00aa9e:	952e                	add	a0,a0,a1
    1c00aaa0:	4581                	li	a1,0
    1c00aaa2:	00e6c463          	blt	a3,a4,0x1c00aaaa
    1c00aaa6:	40f005bb          	negw	a1,a5
    1c00aaaa:	36fd                	addiw	a3,a3,-1
    1c00aaac:	9ead                	addw	a3,a3,a1
    1c00aaae:	bf3d                	j	0x1c00a9ec
    1c00aab0:	4581                	li	a1,0
    1c00aab2:	0006879b          	sext.w	a5,a3
    1c00aab6:	02000313          	li	t1,32
    1c00aaba:	bfc1                	j	0x1c00aa8a
    1c00aabc:	0407e793          	ori	a5,a5,64
    1c00aac0:	4841                	li	a6,16
    1c00aac2:	06c00893          	li	a7,108
    1c00aac6:	00860b93          	addi	s7,a2,8 # 0x20000008
    1c00aaca:	03159963          	bne	a1,a7,0x1c00aafc
    1c00aace:	620c                	ld	a1,0(a2)
    1c00aad0:	8642                	mv	a2,a6
    1c00aad2:	b501                	j	0x1c00a8d2
    1c00aad4:	0027e793          	ori	a5,a5,2
    1c00aad8:	4829                	li	a6,10
    1c00aada:	b7e5                	j	0x1c00aac2
    1c00aadc:	02500793          	li	a5,37
    1c00aae0:	00f88463          	beq	a7,a5,0x1c00aae8
    1c00aae4:	1815578b          	.insn	4, 0x1815578b
    1c00aae8:	00044783          	lbu	a5,0(s0)
    1c00aaec:	c781                	beqz	a5,0x1c00aaf4
    1c00aaee:	1815578b          	.insn	4, 0x1815578b
    1c00aaf2:	b685                	j	0x1c00a652
    1c00aaf4:	147d                	addi	s0,s0,-1
    1c00aaf6:	beb1                	j	0x1c00a652
    1c00aaf8:	4821                	li	a6,8
    1c00aafa:	b7e1                	j	0x1c00aac2
    1c00aafc:	06800313          	li	t1,104
    1c00ab00:	4210                	lw	a2,0(a2)
    1c00ab02:	0027f893          	andi	a7,a5,2
    1c00ab06:	00659963          	bne	a1,t1,0x1c00ab18
    1c00ab0a:	3c06358b          	.insn	4, 0x3c06358b
    1c00ab0e:	fc0881e3          	beqz	a7,0x1c00aad0
    1c00ab12:	3c06258b          	.insn	4, 0x3c06258b
    1c00ab16:	bf6d                	j	0x1c00aad0
    1c00ab18:	7c06358b          	.insn	4, 0x7c06358b
    1c00ab1c:	fa088ae3          	beqz	a7,0x1c00aad0
    1c00ab20:	85b2                	mv	a1,a2
    1c00ab22:	b77d                	j	0x1c00aad0
    1c00ab24:	7159                	addi	sp,sp,-112
    1c00ab26:	ec26                	sd	s1,24(sp)
    1c00ab28:	f022                	sd	s0,32(sp)
    1c00ab2a:	1c00e437          	lui	s0,0x1c00e
    1c00ab2e:	fc2e                	sd	a1,56(sp)
    1c00ab30:	e0b2                	sd	a2,64(sp)
    1c00ab32:	1830                	addi	a2,sp,56
    1c00ab34:	85aa                	mv	a1,a0
    1c00ab36:	34040513          	addi	a0,s0,832 # 0x1c00e340
    1c00ab3a:	e4b6                	sd	a3,72(sp)
    1c00ab3c:	e8ba                	sd	a4,80(sp)
    1c00ab3e:	ecbe                	sd	a5,88(sp)
    1c00ab40:	f0c2                	sd	a6,96(sp)
    1c00ab42:	f406                	sd	ra,40(sp)
    1c00ab44:	f4c6                	sd	a7,104(sp)
    1c00ab46:	e432                	sd	a2,8(sp)
    1c00ab48:	a8fff0ef          	jal	0x1c00a5d6
    1c00ab4c:	34040493          	addi	s1,s0,832
    1c00ab50:	0ff00713          	li	a4,255
    1c00ab54:	87a2                	mv	a5,s0
    1c00ab56:	02a74263          	blt	a4,a0,0x1c00ab7a
    1c00ab5a:	4735                	li	a4,13
    1c00ab5c:	0015041b          	addiw	s0,a0,1
    1c00ab60:	00a4d70b          	.insn	4, 0x00a4d70b
    1c00ab64:	85a2                	mv	a1,s0
    1c00ab66:	34078513          	addi	a0,a5,832
    1c00ab6a:	f1bfd0ef          	jal	0x1c008a84
    1c00ab6e:	70a2                	ld	ra,40(sp)
    1c00ab70:	8522                	mv	a0,s0
    1c00ab72:	64e2                	ld	s1,24(sp)
    1c00ab74:	7402                	ld	s0,32(sp)
    1c00ab76:	6165                	addi	sp,sp,112
    1c00ab78:	8082                	ret
    1c00ab7a:	6705                	lui	a4,0x1
    1c00ab7c:	d0a70713          	addi	a4,a4,-758 # 0xd0a
    1c00ab80:	10200413          	li	s0,258
    1c00ab84:	10e49023          	sh	a4,256(s1)
    1c00ab88:	bff1                	j	0x1c00ab64
    1c00ab8a:	1c00e737          	lui	a4,0x1c00e
    1c00ab8e:	1141                	addi	sp,sp,-16
    1c00ab90:	e022                	sd	s0,0(sp)
    1c00ab92:	e406                	sd	ra,8(sp)
    1c00ab94:	34070793          	addi	a5,a4,832 # 0x1c00e340
    1c00ab98:	4581                	li	a1,0
    1c00ab9a:	34070813          	addi	a6,a4,832
    1c00ab9e:	0ff00893          	li	a7,255
    1c00aba2:	4329                	li	t1,10
    1c00aba4:	4e35                	li	t3,13
    1c00aba6:	00054603          	lbu	a2,0(a0)
    1c00abaa:	0015869b          	addiw	a3,a1,1
    1c00abae:	e21d                	bnez	a2,0x1c00abd4
    1c00abb0:	0025841b          	addiw	s0,a1,2
    1c00abb4:	47a9                	li	a5,10
    1c00abb6:	00b8578b          	.insn	4, 0x00b8578b
    1c00abba:	34070513          	addi	a0,a4,832
    1c00abbe:	47b5                	li	a5,13
    1c00abc0:	85a2                	mv	a1,s0
    1c00abc2:	00d8578b          	.insn	4, 0x00d8578b
    1c00abc6:	ebffd0ef          	jal	0x1c008a84
    1c00abca:	8522                	mv	a0,s0
    1c00abcc:	6402                	ld	s0,0(sp)
    1c00abce:	60a2                	ld	ra,8(sp)
    1c00abd0:	0141                	addi	sp,sp,16
    1c00abd2:	8082                	ret
    1c00abd4:	fcb8cee3          	blt	a7,a1,0x1c00abb0
    1c00abd8:	00c78023          	sb	a2,0(a5)
    1c00abdc:	0505                	addi	a0,a0,1
    1c00abde:	00660763          	beq	a2,t1,0x1c00abec
    1c00abe2:	0785                	addi	a5,a5,1
    1c00abe4:	86ae                	mv	a3,a1
    1c00abe6:	0016859b          	addiw	a1,a3,1
    1c00abea:	bf75                	j	0x1c00aba6
    1c00abec:	01c780a3          	sb	t3,1(a5)
    1c00abf0:	0789                	addi	a5,a5,2
    1c00abf2:	bfd5                	j	0x1c00abe6
    1c00abf4:	47c1                	li	a5,16
    1c00abf6:	08a7ef63          	bltu	a5,a0,0x1c00ac94
    1c00abfa:	1c00d7b7          	lui	a5,0x1c00d
    1c00abfe:	b6078793          	addi	a5,a5,-1184 # 0x1c00cb60
    1c00ac02:	44a7c78b          	.insn	4, 0x44a7c78b
    1c00ac06:	8782                	jr	a5
    1c00ac08:	4785                	li	a5,1
    1c00ac0a:	e19c                	sd	a5,0(a1)
    1c00ac0c:	8082                	ret
    1c00ac0e:	000207b7          	lui	a5,0x20
    1c00ac12:	0795                	addi	a5,a5,5 # 0x20005
    1c00ac14:	bfdd                	j	0x1c00ac0a
    1c00ac16:	000807b7          	lui	a5,0x80
    1c00ac1a:	07b1                	addi	a5,a5,12 # 0x8000c
    1c00ac1c:	b7fd                	j	0x1c00ac0a
    1c00ac1e:	020017b7          	lui	a5,0x2001
    1c00ac22:	079e                	slli	a5,a5,0x7
    1c00ac24:	07ad                	addi	a5,a5,11 # 0x200100b
    1c00ac26:	b7d5                	j	0x1c00ac0a
    1c00ac28:	000d07b7          	lui	a5,0xd0
    1c00ac2c:	07b9                	addi	a5,a5,14 # 0xd000e
    1c00ac2e:	bff1                	j	0x1c00ac0a
    1c00ac30:	000f07b7          	lui	a5,0xf0
    1c00ac34:	07c1                	addi	a5,a5,16 # 0xf0010
    1c00ac36:	bfd1                	j	0x1c00ac0a
    1c00ac38:	1000f7b7          	lui	a5,0x1000f
    1c00ac3c:	0792                	slli	a5,a5,0x4
    1c00ac3e:	bfdd                	j	0x1c00ac34
    1c00ac40:	2000f7b7          	lui	a5,0x2000f
    1c00ac44:	bfe5                	j	0x1c00ac3c
    1c00ac46:	001107b7          	lui	a5,0x110
    1c00ac4a:	07c9                	addi	a5,a5,18 # 0x110012
    1c00ac4c:	bf7d                	j	0x1c00ac0a
    1c00ac4e:	001307b7          	lui	a5,0x130
    1c00ac52:	07cd                	addi	a5,a5,19 # 0x130013
    1c00ac54:	bf5d                	j	0x1c00ac0a
    1c00ac56:	001407b7          	lui	a5,0x140
    1c00ac5a:	07d1                	addi	a5,a5,20 # 0x140014
    1c00ac5c:	b77d                	j	0x1c00ac0a
    1c00ac5e:	001507b7          	lui	a5,0x150
    1c00ac62:	02378793          	addi	a5,a5,35 # 0x150023
    1c00ac66:	b755                	j	0x1c00ac0a
    1c00ac68:	001507b7          	lui	a5,0x150
    1c00ac6c:	07e9                	addi	a5,a5,26 # 0x15001a
    1c00ac6e:	bf71                	j	0x1c00ac0a
    1c00ac70:	002207b7          	lui	a5,0x220
    1c00ac74:	b7fd                	j	0x1c00ac62
    1c00ac76:	002407b7          	lui	a5,0x240
    1c00ac7a:	02578793          	addi	a5,a5,37 # 0x240025
    1c00ac7e:	b771                	j	0x1c00ac0a
    1c00ac80:	002607b7          	lui	a5,0x260
    1c00ac84:	02678793          	addi	a5,a5,38 # 0x260026
    1c00ac88:	b749                	j	0x1c00ac0a
    1c00ac8a:	002707b7          	lui	a5,0x270
    1c00ac8e:	02878793          	addi	a5,a5,40 # 0x270028
    1c00ac92:	bfa5                	j	0x1c00ac0a
    1c00ac94:	00ff07b7          	lui	a5,0xff0
    1c00ac98:	0ff78793          	addi	a5,a5,255 # 0xff00ff
    1c00ac9c:	1c00d537          	lui	a0,0x1c00d
    1c00aca0:	b3850513          	addi	a0,a0,-1224 # 0x1c00cb38
    1c00aca4:	c19c                	sw	a5,0(a1)
    1c00aca6:	ee5ff06f          	j	0x1c00ab8a
    1c00acaa:	02800793          	li	a5,40
    1c00acae:	10a7ee63          	bltu	a5,a0,0x1c00adca
    1c00acb2:	4795                	li	a5,5
    1c00acb4:	0eb7ed63          	bltu	a5,a1,0x1c00adae
    1c00acb8:	1c00d7b7          	lui	a5,0x1c00d
    1c00acbc:	bd478793          	addi	a5,a5,-1068 # 0x1c00cbd4
    1c00acc0:	44b7c78b          	.insn	4, 0x44b7c78b
    1c00acc4:	8782                	jr	a5
    1c00acc6:	0338f5b7          	lui	a1,0x338f
    1c00acca:	9d2d                	addw	a0,a0,a1
    1c00accc:	0025151b          	slliw	a0,a0,0x2
    1c00acd0:	7c05350b          	.insn	4, 0x7c05350b
    1c00acd4:	411c                	lw	a5,0(a0)
    1c00acd6:	777d                	lui	a4,0xfffff
    1c00acd8:	17f70713          	addi	a4,a4,383 # 0xfffffffffffff17f
    1c00acdc:	8ff9                	and	a5,a5,a4
    1c00acde:	6705                	lui	a4,0x1
    1c00ace0:	10070713          	addi	a4,a4,256 # 0x1100
    1c00ace4:	8fd9                	or	a5,a5,a4
    1c00ace6:	c11c                	sw	a5,0(a0)
    1c00ace8:	4501                	li	a0,0
    1c00acea:	8082                	ret
    1c00acec:	0338f5b7          	lui	a1,0x338f
    1c00acf0:	9d2d                	addw	a0,a0,a1
    1c00acf2:	0025151b          	slliw	a0,a0,0x2
    1c00acf6:	7c05350b          	.insn	4, 0x7c05350b
    1c00acfa:	411c                	lw	a5,0(a0)
    1c00acfc:	777d                	lui	a4,0xfffff
    1c00acfe:	17f70713          	addi	a4,a4,383 # 0xfffffffffffff17f
    1c00ad02:	8ff9                	and	a5,a5,a4
    1c00ad04:	6705                	lui	a4,0x1
    1c00ad06:	30070713          	addi	a4,a4,768 # 0x1300
    1c00ad0a:	bfe9                	j	0x1c00ace4
    1c00ad0c:	0338f5b7          	lui	a1,0x338f
    1c00ad10:	9d2d                	addw	a0,a0,a1
    1c00ad12:	0025151b          	slliw	a0,a0,0x2
    1c00ad16:	7c05350b          	.insn	4, 0x7c05350b
    1c00ad1a:	411c                	lw	a5,0(a0)
    1c00ad1c:	777d                	lui	a4,0xfffff
    1c00ad1e:	17f70713          	addi	a4,a4,383 # 0xfffffffffffff17f
    1c00ad22:	8ff9                	and	a5,a5,a4
    1c00ad24:	6705                	lui	a4,0x1
    1c00ad26:	50070713          	addi	a4,a4,1280 # 0x1500
    1c00ad2a:	bf6d                	j	0x1c00ace4
    1c00ad2c:	0338f5b7          	lui	a1,0x338f
    1c00ad30:	9d2d                	addw	a0,a0,a1
    1c00ad32:	0025151b          	slliw	a0,a0,0x2
    1c00ad36:	7c05350b          	.insn	4, 0x7c05350b
    1c00ad3a:	411c                	lw	a5,0(a0)
    1c00ad3c:	777d                	lui	a4,0xfffff
    1c00ad3e:	17f70713          	addi	a4,a4,383 # 0xfffffffffffff17f
    1c00ad42:	8ff9                	and	a5,a5,a4
    1c00ad44:	6705                	lui	a4,0x1
    1c00ad46:	70070713          	addi	a4,a4,1792 # 0x1700
    1c00ad4a:	bf69                	j	0x1c00ace4
    1c00ad4c:	0338f7b7          	lui	a5,0x338f
    1c00ad50:	9fa9                	addw	a5,a5,a0
    1c00ad52:	0027979b          	slliw	a5,a5,0x2
    1c00ad56:	7c07b78b          	.insn	4, 0x7c07b78b
    1c00ad5a:	4398                	lw	a4,0(a5)
    1c00ad5c:	6685                	lui	a3,0x1
    1c00ad5e:	98068693          	addi	a3,a3,-1664 # 0x980
    1c00ad62:	8f55                	or	a4,a4,a3
    1c00ad64:	c398                	sw	a4,0(a5)
    1c00ad66:	003205b7          	lui	a1,0x320
    1c00ad6a:	9da9                	addw	a1,a1,a0
    1c00ad6c:	0065959b          	slliw	a1,a1,0x6
    1c00ad70:	25a1                	addiw	a1,a1,8 # 0x320008
    1c00ad72:	7c05b58b          	.insn	4, 0x7c05b58b
    1c00ad76:	4785                	li	a5,1
    1c00ad78:	00f58023          	sb	a5,0(a1)
    1c00ad7c:	b7b5                	j	0x1c00ace8
    1c00ad7e:	0338f7b7          	lui	a5,0x338f
    1c00ad82:	9fa9                	addw	a5,a5,a0
    1c00ad84:	0027979b          	slliw	a5,a5,0x2
    1c00ad88:	7c07b78b          	.insn	4, 0x7c07b78b
    1c00ad8c:	4398                	lw	a4,0(a5)
    1c00ad8e:	e7f77713          	andi	a4,a4,-385
    1c00ad92:	28b71713          	.insn	4, 0x28b71713
    1c00ad96:	c398                	sw	a4,0(a5)
    1c00ad98:	003205b7          	lui	a1,0x320
    1c00ad9c:	9da9                	addw	a1,a1,a0
    1c00ad9e:	0065959b          	slliw	a1,a1,0x6
    1c00ada2:	25a1                	addiw	a1,a1,8 # 0x320008
    1c00ada4:	7c05b58b          	.insn	4, 0x7c05b58b
    1c00ada8:	00058023          	sb	zero,0(a1)
    1c00adac:	bf35                	j	0x1c00ace8
    1c00adae:	1141                	addi	sp,sp,-16
    1c00adb0:	862e                	mv	a2,a1
    1c00adb2:	85aa                	mv	a1,a0
    1c00adb4:	1c00d537          	lui	a0,0x1c00d
    1c00adb8:	ba850513          	addi	a0,a0,-1112 # 0x1c00cba8
    1c00adbc:	e406                	sd	ra,8(sp)
    1c00adbe:	d67ff0ef          	jal	0x1c00ab24
    1c00adc2:	60a2                	ld	ra,8(sp)
    1c00adc4:	5529                	li	a0,-22
    1c00adc6:	0141                	addi	sp,sp,16
    1c00adc8:	8082                	ret
    1c00adca:	5529                	li	a0,-22
    1c00adcc:	8082                	ret
    1c00adce:	02800793          	li	a5,40
    1c00add2:	02a7e063          	bltu	a5,a0,0x1c00adf2
    1c00add6:	0ff5f593          	zext.b	a1,a1
    1c00adda:	003207b7          	lui	a5,0x320
    1c00adde:	9fa9                	addw	a5,a5,a0
    1c00ade0:	0067979b          	slliw	a5,a5,0x6
    1c00ade4:	2791                	addiw	a5,a5,4 # 0x320004
    1c00ade6:	7c07b78b          	.insn	4, 0x7c07b78b
    1c00adea:	00b78023          	sb	a1,0(a5)
    1c00adee:	4501                	li	a0,0
    1c00adf0:	8082                	ret
    1c00adf2:	5529                	li	a0,-22
    1c00adf4:	8082                	ret
    1c00adf6:	1101                	addi	sp,sp,-32
    1c00adf8:	002c                	addi	a1,sp,8
    1c00adfa:	e822                	sd	s0,16(sp)
    1c00adfc:	ec06                	sd	ra,24(sp)
    1c00adfe:	df7ff0ef          	jal	0x1c00abf4
    1c00ae02:	00815703          	lhu	a4,8(sp)
    1c00ae06:	02800793          	li	a5,40
    1c00ae0a:	5529                	li	a0,-22
    1c00ae0c:	00e7ec63          	bltu	a5,a4,0x1c00ae24
    1c00ae10:	00a15403          	lhu	s0,10(sp)
    1c00ae14:	5529                	li	a0,-22
    1c00ae16:	0087e763          	bltu	a5,s0,0x1c00ae24
    1c00ae1a:	00815783          	lhu	a5,8(sp)
    1c00ae1e:	0087d763          	bge	a5,s0,0x1c00ae2c
    1c00ae22:	4501                	li	a0,0
    1c00ae24:	6442                	ld	s0,16(sp)
    1c00ae26:	60e2                	ld	ra,24(sp)
    1c00ae28:	6105                	addi	sp,sp,32
    1c00ae2a:	8082                	ret
    1c00ae2c:	45b2                	lw	a1,12(sp)
    1c00ae2e:	8522                	mv	a0,s0
    1c00ae30:	2405                	addiw	s0,s0,1
    1c00ae32:	e79ff0ef          	jal	0x1c00acaa
    1c00ae36:	b7d5                	j	0x1c00ae1a
    1c00ae38:	0ce097b7          	lui	a5,0xce09
    1c00ae3c:	0ff00713          	li	a4,255
    1c00ae40:	80e79223          	sh	a4,-2044(a5) # 0xce08804
    1c00ae44:	80e79023          	sh	a4,-2048(a5)
    1c00ae48:	80079023          	sh	zero,-2048(a5)
    1c00ae4c:	473d                	li	a4,15
    1c00ae4e:	80e79623          	sh	a4,-2036(a5)
    1c00ae52:	8082                	ret
    1c00ae54:	0ce097b7          	lui	a5,0xce09
    1c00ae58:	0ff00713          	li	a4,255
    1c00ae5c:	c0e79223          	sh	a4,-1020(a5) # 0xce08c04
    1c00ae60:	c0e79023          	sh	a4,-1024(a5)
    1c00ae64:	c0079023          	sh	zero,-1024(a5)
    1c00ae68:	473d                	li	a4,15
    1c00ae6a:	c0e79623          	sh	a4,-1012(a5)
    1c00ae6e:	8082                	ret
    1c00ae70:	0ce0a7b7          	lui	a5,0xce0a
    1c00ae74:	0ff00713          	li	a4,255
    1c00ae78:	80e79223          	sh	a4,-2044(a5) # 0xce09804
    1c00ae7c:	80e79023          	sh	a4,-2048(a5)
    1c00ae80:	80079023          	sh	zero,-2048(a5)
    1c00ae84:	473d                	li	a4,15
    1c00ae86:	80e79623          	sh	a4,-2036(a5)
    1c00ae8a:	8082                	ret
    1c00ae8c:	0ce0a7b7          	lui	a5,0xce0a
    1c00ae90:	0ff00713          	li	a4,255
    1c00ae94:	c0e79223          	sh	a4,-1020(a5) # 0xce09c04
    1c00ae98:	c0e79023          	sh	a4,-1024(a5)
    1c00ae9c:	c0079023          	sh	zero,-1024(a5)
    1c00aea0:	473d                	li	a4,15
    1c00aea2:	c0e79623          	sh	a4,-1012(a5)
    1c00aea6:	8082                	ret
    1c00aea8:	0ce0a7b7          	lui	a5,0xce0a
    1c00aeac:	0ff00713          	li	a4,255
    1c00aeb0:	00e79223          	sh	a4,4(a5) # 0xce0a004
    1c00aeb4:	00e79023          	sh	a4,0(a5)
    1c00aeb8:	00079023          	sh	zero,0(a5)
    1c00aebc:	473d                	li	a4,15
    1c00aebe:	00e79623          	sh	a4,12(a5)
    1c00aec2:	8082                	ret
    1c00aec4:	1141                	addi	sp,sp,-16
    1c00aec6:	e406                	sd	ra,8(sp)
    1c00aec8:	f71ff0ef          	jal	0x1c00ae38
    1c00aecc:	f89ff0ef          	jal	0x1c00ae54
    1c00aed0:	fa1ff0ef          	jal	0x1c00ae70
    1c00aed4:	60a2                	ld	ra,8(sp)
    1c00aed6:	0141                	addi	sp,sp,16
    1c00aed8:	bf55                	j	0x1c00ae8c
    1c00aeda:	1141                	addi	sp,sp,-16
    1c00aedc:	0ce006b7          	lui	a3,0xce00
    1c00aee0:	4c06a783          	lw	a5,1216(a3) # 0xce004c0
    1c00aee4:	e022                	sd	s0,0(sp)
    1c00aee6:	e406                	sd	ra,8(sp)
    1c00aee8:	01000737          	lui	a4,0x1000
    1c00aeec:	08070713          	addi	a4,a4,128 # 0x1000080
    1c00aef0:	8fd9                	or	a5,a5,a4
    1c00aef2:	4cf6a023          	sw	a5,1216(a3)
    1c00aef6:	0ce02437          	lui	s0,0xce02
    1c00aefa:	88042423          	sw	zero,-1912(s0) # 0xce01888
    1c00aefe:	4529                	li	a0,10
    1c00af00:	a1ffd0ef          	jal	0x1c00891e
    1c00af04:	3ff00793          	li	a5,1023
    1c00af08:	60a2                	ld	ra,8(sp)
    1c00af0a:	88f42423          	sw	a5,-1912(s0)
    1c00af0e:	6402                	ld	s0,0(sp)
    1c00af10:	0141                	addi	sp,sp,16
    1c00af12:	8082                	ret
    1c00af14:	11200737          	lui	a4,0x11200
    1c00af18:	240007b7          	lui	a5,0x24000
    1c00af1c:	07b9                	addi	a5,a5,14 # 0x2400000e
    1c00af1e:	cf1c                	sw	a5,24(a4)
    1c00af20:	cf5c                	sw	a5,28(a4)
    1c00af22:	d31c                	sw	a5,32(a4)
    1c00af24:	d35c                	sw	a5,36(a4)
    1c00af26:	8082                	ret
    1c00af28:	1141                	addi	sp,sp,-16
    1c00af2a:	e406                	sd	ra,8(sp)
    1c00af2c:	f99ff0ef          	jal	0x1c00aec4
    1c00af30:	f79ff0ef          	jal	0x1c00aea8
    1c00af34:	fa7ff0ef          	jal	0x1c00aeda
    1c00af38:	60a2                	ld	ra,8(sp)
    1c00af3a:	0141                	addi	sp,sp,16
    1c00af3c:	bfe1                	j	0x1c00af14
    1c00af3e:	4781                	li	a5,0
    1c00af40:	00f61363          	bne	a2,a5,0x1c00af46
    1c00af44:	8082                	ret
    1c00af46:	00f5558b          	.insn	4, 0x00f5558b
    1c00af4a:	0785                	addi	a5,a5,1
    1c00af4c:	bfd5                	j	0x1c00af40
    1c00af4e:	00b50b63          	beq	a0,a1,0x1c00af64
    1c00af52:	00b567b3          	or	a5,a0,a1
    1c00af56:	8b9d                	andi	a5,a5,7
    1c00af58:	471d                	li	a4,7
    1c00af5a:	cb99                	beqz	a5,0x1c00af70
    1c00af5c:	872a                	mv	a4,a0
    1c00af5e:	4781                	li	a5,0
    1c00af60:	02f61663          	bne	a2,a5,0x1c00af8c
    1c00af64:	8082                	ret
    1c00af66:	60f5c68b          	.insn	4, 0x60f5c68b
    1c00af6a:	60f5568b          	.insn	4, 0x60f5568b
    1c00af6e:	07a1                	addi	a5,a5,8
    1c00af70:	40f606b3          	sub	a3,a2,a5
    1c00af74:	fed769e3          	bltu	a4,a3,0x1c00af66
    1c00af78:	00365793          	srli	a5,a2,0x3
    1c00af7c:	5761                	li	a4,-8
    1c00af7e:	20e7960b          	.insn	4, 0x20e7960b
    1c00af82:	06f5958b          	.insn	4, 0x06f5958b
    1c00af86:	06f5170b          	.insn	4, 0x06f5170b
    1c00af8a:	bfd1                	j	0x1c00af5e
    1c00af8c:	80f5c68b          	.insn	4, 0x80f5c68b
    1c00af90:	00f7568b          	.insn	4, 0x00f7568b
    1c00af94:	0785                	addi	a5,a5,1
    1c00af96:	b7e9                	j	0x1c00af60
    1c00af98:	87aa                	mv	a5,a0
    1c00af9a:	00a5f663          	bgeu	a1,a0,0x1c00afa6
    1c00af9e:	00c586b3          	add	a3,a1,a2
    1c00afa2:	00d56a63          	bltu	a0,a3,0x1c00afb6
    1c00afa6:	1141                	addi	sp,sp,-16
    1c00afa8:	853e                	mv	a0,a5
    1c00afaa:	e406                	sd	ra,8(sp)
    1c00afac:	fa3ff0ef          	jal	0x1c00af4e
    1c00afb0:	60a2                	ld	ra,8(sp)
    1c00afb2:	0141                	addi	sp,sp,16
    1c00afb4:	8082                	ret
    1c00afb6:	00c505b3          	add	a1,a0,a2
    1c00afba:	4701                	li	a4,0
    1c00afbc:	fff64613          	not	a2,a2
    1c00afc0:	177d                	addi	a4,a4,-1 # 0x111fffff
    1c00afc2:	00e61463          	bne	a2,a4,0x1c00afca
    1c00afc6:	853e                	mv	a0,a5
    1c00afc8:	8082                	ret
    1c00afca:	80e6c50b          	.insn	4, 0x80e6c50b
    1c00afce:	00e5d50b          	.insn	4, 0x00e5d50b
    1c00afd2:	b7fd                	j	0x1c00afc0
    1c00afd4:	4701                	li	a4,0
    1c00afd6:	00e61463          	bne	a2,a4,0x1c00afde
    1c00afda:	4781                	li	a5,0
    1c00afdc:	a801                	j	0x1c00afec
    1c00afde:	80e5478b          	.insn	4, 0x80e5478b
    1c00afe2:	80e5c68b          	.insn	4, 0x80e5c68b
    1c00afe6:	0705                	addi	a4,a4,1
    1c00afe8:	9f95                	subw	a5,a5,a3
    1c00afea:	d7f5                	beqz	a5,0x1c00afd6
    1c00afec:	853e                	mv	a0,a5
    1c00afee:	8082                	ret
    1c00aff0:	962a                	add	a2,a2,a0
    1c00aff2:	0ff5f593          	zext.b	a1,a1
    1c00aff6:	00c51463          	bne	a0,a2,0x1c00affe
    1c00affa:	4501                	li	a0,0
    1c00affc:	8082                	ret
    1c00affe:	87aa                	mv	a5,a0
    1c00b000:	9817c70b          	.insn	4, 0x9817c70b
    1c00b004:	feb70ce3          	beq	a4,a1,0x1c00affc
    1c00b008:	853e                	mv	a0,a5
    1c00b00a:	b7f5                	j	0x1c00aff6
    1c00b00c:	87aa                	mv	a5,a0
    1c00b00e:	0007c703          	lbu	a4,0(a5)
    1c00b012:	e701                	bnez	a4,0x1c00b01a
    1c00b014:	40a78533          	sub	a0,a5,a0
    1c00b018:	8082                	ret
    1c00b01a:	0785                	addi	a5,a5,1
    1c00b01c:	bfcd                	j	0x1c00b00e
    1c00b01e:	4701                	li	a4,0
    1c00b020:	80e5468b          	.insn	4, 0x80e5468b
    1c00b024:	80e5c78b          	.insn	4, 0x80e5c78b
    1c00b028:	40f687bb          	subw	a5,a3,a5
    1c00b02c:	1c07a78b          	.insn	4, 0x1c07a78b
    1c00b030:	e399                	bnez	a5,0x1c00b036
    1c00b032:	0705                	addi	a4,a4,1
    1c00b034:	f6f5                	bnez	a3,0x1c00b020
    1c00b036:	853e                	mv	a0,a5
    1c00b038:	8082                	ret
    1c00b03a:	4701                	li	a4,0
    1c00b03c:	00e61463          	bne	a2,a4,0x1c00b044
    1c00b040:	4781                	li	a5,0
    1c00b042:	a809                	j	0x1c00b054
    1c00b044:	80e5c68b          	.insn	4, 0x80e5c68b
    1c00b048:	80e5478b          	.insn	4, 0x80e5478b
    1c00b04c:	9f95                	subw	a5,a5,a3
    1c00b04e:	e399                	bnez	a5,0x1c00b054
    1c00b050:	0705                	addi	a4,a4,1
    1c00b052:	f6ed                	bnez	a3,0x1c00b03c
    1c00b054:	853e                	mv	a0,a5
    1c00b056:	8082                	ret
    1c00b058:	1101                	addi	sp,sp,-32
    1c00b05a:	e42e                	sd	a1,8(sp)
    1c00b05c:	e822                	sd	s0,16(sp)
    1c00b05e:	ec06                	sd	ra,24(sp)
    1c00b060:	842a                	mv	s0,a0
    1c00b062:	fabff0ef          	jal	0x1c00b00c
    1c00b066:	65a2                	ld	a1,8(sp)
    1c00b068:	9522                	add	a0,a0,s0
    1c00b06a:	0ff5f593          	zext.b	a1,a1
    1c00b06e:	00054783          	lbu	a5,0(a0)
    1c00b072:	00b78663          	beq	a5,a1,0x1c00b07e
    1c00b076:	157d                	addi	a0,a0,-1
    1c00b078:	fe857be3          	bgeu	a0,s0,0x1c00b06e
    1c00b07c:	4501                	li	a0,0
    1c00b07e:	6442                	ld	s0,16(sp)
    1c00b080:	60e2                	ld	ra,24(sp)
    1c00b082:	6105                	addi	sp,sp,32
    1c00b084:	8082                	ret
    1c00b086:	0ce007b7          	lui	a5,0xce00
    1c00b08a:	50078793          	addi	a5,a5,1280 # 0xce00500
    1c00b08e:	4398                	lw	a4,0(a5)
    1c00b090:	00176713          	ori	a4,a4,1
    1c00b094:	c398                	sw	a4,0(a5)
    1c00b096:	4398                	lw	a4,0(a5)
    1c00b098:	9b79                	andi	a4,a4,-2
    1c00b09a:	4501                	li	a0,0
    1c00b09c:	c398                	sw	a4,0(a5)
    1c00b09e:	8082                	ret
    1c00b0a0:	0e0117b7          	lui	a5,0xe011
    1c00b0a4:	4745                	li	a4,17
    1c00b0a6:	90e7a223          	sw	a4,-1788(a5) # 0xe010904
    1c00b0aa:	00053023          	sd	zero,0(a0)
    1c00b0ae:	8082                	ret
    1c00b0b0:	715d                	addi	sp,sp,-80
    1c00b0b2:	f44e                	sd	s3,40(sp)
    1c00b0b4:	f84a                	sd	s2,48(sp)
    1c00b0b6:	00053903          	ld	s2,0(a0)
    1c00b0ba:	fc26                	sd	s1,56(sp)
    1c00b0bc:	e0a2                	sd	s0,64(sp)
    1c00b0be:	ec56                	sd	s5,24(sp)
    1c00b0c0:	f052                	sd	s4,32(sp)
    1c00b0c2:	e486                	sd	ra,72(sp)
    1c00b0c4:	03f97793          	andi	a5,s2,63
    1c00b0c8:	00c90733          	add	a4,s2,a2
    1c00b0cc:	89b2                	mv	s3,a2
    1c00b0ce:	e118                	sd	a4,0(a0)
    1c00b0d0:	963e                	add	a2,a2,a5
    1c00b0d2:	84aa                	mv	s1,a0
    1c00b0d4:	8a2e                	mv	s4,a1
    1c00b0d6:	842e                	mv	s0,a1
    1c00b0d8:	03f00713          	li	a4,63
    1c00b0dc:	0cc77663          	bgeu	a4,a2,0x1c00b1a8
    1c00b0e0:	c38d                	beqz	a5,0x1c00b102
    1c00b0e2:	00848413          	addi	s0,s1,8
    1c00b0e6:	04000613          	li	a2,64
    1c00b0ea:	9e1d                	subw	a2,a2,a5
    1c00b0ec:	7c06360b          	.insn	4, 0x7c06360b
    1c00b0f0:	00f40533          	add	a0,s0,a5
    1c00b0f4:	40f00abb          	negw	s5,a5
    1c00b0f8:	e436                	sd	a3,8(sp)
    1c00b0fa:	e55ff0ef          	jal	0x1c00af4e
    1c00b0fe:	66a2                	ld	a3,8(sp)
    1c00b100:	87d6                	mv	a5,s5
    1c00b102:	0e011837          	lui	a6,0xe011
    1c00b106:	f1fef637          	lui	a2,0xf1fef
    1c00b10a:	000f45b7          	lui	a1,0xf4
    1c00b10e:	00193913          	seqz	s2,s2
    1c00b112:	78060613          	addi	a2,a2,1920 # 0xfffffffff1fef780
    1c00b116:	8c080893          	addi	a7,a6,-1856 # 0xe0108c0
    1c00b11a:	435d                	li	t1,23
    1c00b11c:	4e4d                	li	t3,19
    1c00b11e:	4eed                	li	t4,27
    1c00b120:	24258593          	addi	a1,a1,578 # 0xf4242
    1c00b124:	88080713          	addi	a4,a6,-1920
    1c00b128:	9432                	add	s0,s0,a2
    1c00b12a:	40e4450b          	.insn	4, 0x40e4450b
    1c00b12e:	9005150b          	.insn	4, 0x9005150b
    1c00b132:	5847550b          	.insn	4, 0x5847550b
    1c00b136:	ff171ae3          	bne	a4,a7,0x1c00b12a
    1c00b13a:	cab1                	beqz	a3,0x1c00b18e
    1c00b13c:	91d82223          	sw	t4,-1788(a6)
    1c00b140:	852e                	mv	a0,a1
    1c00b142:	90082703          	lw	a4,-1792(a6)
    1c00b146:	8b05                	andi	a4,a4,1
    1c00b148:	cf21                	beqz	a4,0x1c00b1a0
    1c00b14a:	0407871b          	addiw	a4,a5,64
    1c00b14e:	07f7879b          	addiw	a5,a5,127
    1c00b152:	7c07b78b          	.insn	4, 0x7c07b78b
    1c00b156:	0947043b          	.insn	4, 0x0947043b
    1c00b15a:	0337e863          	bltu	a5,s3,0x1c00b18a
    1c00b15e:	4781                	li	a5,0
    1c00b160:	00848513          	addi	a0,s1,8
    1c00b164:	7c07360b          	.insn	4, 0x7c07360b
    1c00b168:	40c98633          	sub	a2,s3,a2
    1c00b16c:	85a2                	mv	a1,s0
    1c00b16e:	08a7853b          	.insn	4, 0x08a7853b
    1c00b172:	dddff0ef          	jal	0x1c00af4e
    1c00b176:	4501                	li	a0,0
    1c00b178:	60a6                	ld	ra,72(sp)
    1c00b17a:	6ae2                	ld	s5,24(sp)
    1c00b17c:	7a02                	ld	s4,32(sp)
    1c00b17e:	79a2                	ld	s3,40(sp)
    1c00b180:	7942                	ld	s2,48(sp)
    1c00b182:	74e2                	ld	s1,56(sp)
    1c00b184:	6406                	ld	s0,64(sp)
    1c00b186:	6161                	addi	sp,sp,80
    1c00b188:	8082                	ret
    1c00b18a:	87ba                	mv	a5,a4
    1c00b18c:	bf61                	j	0x1c00b124
    1c00b18e:	00090663          	beqz	s2,0x1c00b19a
    1c00b192:	4901                	li	s2,0
    1c00b194:	91c82223          	sw	t3,-1788(a6)
    1c00b198:	b765                	j	0x1c00b140
    1c00b19a:	90682223          	sw	t1,-1788(a6)
    1c00b19e:	b74d                	j	0x1c00b140
    1c00b1a0:	357d                	addiw	a0,a0,-1
    1c00b1a2:	f145                	bnez	a0,0x1c00b142
    1c00b1a4:	556d                	li	a0,-5
    1c00b1a6:	bfc9                	j	0x1c00b178
    1c00b1a8:	4701                	li	a4,0
    1c00b1aa:	bf5d                	j	0x1c00b160
    1c00b1ac:	6110                	ld	a2,0(a0)
    1c00b1ae:	7179                	addi	sp,sp,-48
    1c00b1b0:	00361793          	slli	a5,a2,0x3
    1c00b1b4:	ec26                	sd	s1,24(sp)
    1c00b1b6:	f022                	sd	s0,32(sp)
    1c00b1b8:	8207978b          	.insn	4, 0x8207978b
    1c00b1bc:	03f67613          	andi	a2,a2,63
    1c00b1c0:	e43e                	sd	a5,8(sp)
    1c00b1c2:	f406                	sd	ra,40(sp)
    1c00b1c4:	84aa                	mv	s1,a0
    1c00b1c6:	842e                	mv	s0,a1
    1c00b1c8:	03700793          	li	a5,55
    1c00b1cc:	06c7e563          	bltu	a5,a2,0x1c00b236
    1c00b1d0:	03800793          	li	a5,56
    1c00b1d4:	40c7863b          	subw	a2,a5,a2
    1c00b1d8:	1c00d5b7          	lui	a1,0x1c00d
    1c00b1dc:	bf058593          	addi	a1,a1,-1040 # 0x1c00cbf0
    1c00b1e0:	4681                	li	a3,0
    1c00b1e2:	7c06360b          	.insn	4, 0x7c06360b
    1c00b1e6:	8526                	mv	a0,s1
    1c00b1e8:	ec9ff0ef          	jal	0x1c00b0b0
    1c00b1ec:	e121                	bnez	a0,0x1c00b22c
    1c00b1ee:	4685                	li	a3,1
    1c00b1f0:	4621                	li	a2,8
    1c00b1f2:	002c                	addi	a1,sp,8
    1c00b1f4:	8526                	mv	a0,s1
    1c00b1f6:	ebbff0ef          	jal	0x1c00b0b0
    1c00b1fa:	e90d                	bnez	a0,0x1c00b22c
    1c00b1fc:	000f46b7          	lui	a3,0xf4
    1c00b200:	24268693          	addi	a3,a3,578 # 0xf4242
    1c00b204:	0e0117b7          	lui	a5,0xe011
    1c00b208:	9007a703          	lw	a4,-1792(a5) # 0xe010900
    1c00b20c:	90078613          	addi	a2,a5,-1792
    1c00b210:	8b0d                	andi	a4,a4,3
    1c00b212:	c70d                	beqz	a4,0x1c00b23c
    1c00b214:	8e078793          	addi	a5,a5,-1824
    1c00b218:	8c1d                	sub	s0,s0,a5
    1c00b21a:	86b2                	mv	a3,a2
    1c00b21c:	4398                	lw	a4,0(a5)
    1c00b21e:	9007170b          	.insn	4, 0x9007170b
    1c00b222:	40f4570b          	.insn	4, 0x40f4570b
    1c00b226:	0791                	addi	a5,a5,4
    1c00b228:	fed79ae3          	bne	a5,a3,0x1c00b21c
    1c00b22c:	70a2                	ld	ra,40(sp)
    1c00b22e:	64e2                	ld	s1,24(sp)
    1c00b230:	7402                	ld	s0,32(sp)
    1c00b232:	6145                	addi	sp,sp,48
    1c00b234:	8082                	ret
    1c00b236:	07800793          	li	a5,120
    1c00b23a:	bf69                	j	0x1c00b1d4
    1c00b23c:	36fd                	addiw	a3,a3,-1
    1c00b23e:	f6e9                	bnez	a3,0x1c00b208
    1c00b240:	556d                	li	a0,-5
    1c00b242:	b7ed                	j	0x1c00b22c
    1c00b244:	7119                	addi	sp,sp,-128
    1c00b246:	f4a6                	sd	s1,104(sp)
    1c00b248:	f8a2                	sd	s0,112(sp)
    1c00b24a:	84aa                	mv	s1,a0
    1c00b24c:	0828                	addi	a0,sp,24
    1c00b24e:	e42e                	sd	a1,8(sp)
    1c00b250:	fc86                	sd	ra,120(sp)
    1c00b252:	8432                	mv	s0,a2
    1c00b254:	e4dff0ef          	jal	0x1c00b0a0
    1c00b258:	65a2                	ld	a1,8(sp)
    1c00b25a:	4681                	li	a3,0
    1c00b25c:	862e                	mv	a2,a1
    1c00b25e:	0828                	addi	a0,sp,24
    1c00b260:	85a6                	mv	a1,s1
    1c00b262:	e4fff0ef          	jal	0x1c00b0b0
    1c00b266:	e509                	bnez	a0,0x1c00b270
    1c00b268:	85a2                	mv	a1,s0
    1c00b26a:	0828                	addi	a0,sp,24
    1c00b26c:	f41ff0ef          	jal	0x1c00b1ac
    1c00b270:	70e6                	ld	ra,120(sp)
    1c00b272:	74a6                	ld	s1,104(sp)
    1c00b274:	7446                	ld	s0,112(sp)
    1c00b276:	6109                	addi	sp,sp,128
    1c00b278:	8082                	ret
    1c00b27a:	00361813          	slli	a6,a2,0x3
    1c00b27e:	4681                	li	a3,0
    1c00b280:	4701                	li	a4,0
    1c00b282:	04d61663          	bne	a2,a3,0x1c00b2ce
    1c00b286:	04000693          	li	a3,64
    1c00b28a:	410686bb          	subw	a3,a3,a6
    1c00b28e:	7c05378b          	.insn	4, 0x7c05378b
    1c00b292:	00d797b3          	sll	a5,a5,a3
    1c00b296:	8fb9                	xor	a5,a5,a4
    1c00b298:	0008059b          	sext.w	a1,a6
    1c00b29c:	470d                	li	a4,3
    1c00b29e:	4681                	li	a3,0
    1c00b2a0:	00c76463          	bltu	a4,a2,0x1c00b2a8
    1c00b2a4:	00b556bb          	srlw	a3,a0,a1
    1c00b2a8:	ff6dc737          	lui	a4,0xff6dc
    1c00b2ac:	1c00d637          	lui	a2,0x1c00d
    1c00b2b0:	41970713          	addi	a4,a4,1049 # 0xffffffffff6dc419
    1c00b2b4:	c3063603          	ld	a2,-976(a2) # 0x1c00cc30
    1c00b2b8:	1716                	slli	a4,a4,0x25
    1c00b2ba:	0ac79533          	.insn	4, 0x0ac79533
    1c00b2be:	0506                	slli	a0,a0,0x1
    1c00b2c0:	8d3d                	xor	a0,a0,a5
    1c00b2c2:	0ae52533          	.insn	4, 0x0ae52533
    1c00b2c6:	9101                	srli	a0,a0,0x20
    1c00b2c8:	8d35                	xor	a0,a0,a3
    1c00b2ca:	2501                	sext.w	a0,a0
    1c00b2cc:	8082                	ret
    1c00b2ce:	00875793          	srli	a5,a4,0x8
    1c00b2d2:	80d5c70b          	.insn	4, 0x80d5c70b
    1c00b2d6:	0685                	addi	a3,a3,1
    1c00b2d8:	1762                	slli	a4,a4,0x38
    1c00b2da:	8f5d                	or	a4,a4,a5
    1c00b2dc:	b75d                	j	0x1c00b282
    1c00b2de:	1101                	addi	sp,sp,-32
    1c00b2e0:	e822                	sd	s0,16(sp)
    1c00b2e2:	ec06                	sd	ra,24(sp)
    1c00b2e4:	e04a                	sd	s2,0(sp)
    1c00b2e6:	e426                	sd	s1,8(sp)
    1c00b2e8:	87aa                	mv	a5,a0
    1c00b2ea:	84ae                	mv	s1,a1
    1c00b2ec:	8432                	mv	s0,a2
    1c00b2ee:	0075f613          	andi	a2,a1,7
    1c00b2f2:	ce19                	beqz	a2,0x1c00b310
    1c00b2f4:	cc11                	beqz	s0,0x1c00b310
    1c00b2f6:	4921                	li	s2,8
    1c00b2f8:	40c90933          	sub	s2,s2,a2
    1c00b2fc:	0a895933          	.insn	4, 0x0a895933
    1c00b300:	864a                	mv	a2,s2
    1c00b302:	f79ff0ef          	jal	0x1c00b27a
    1c00b306:	0005079b          	sext.w	a5,a0
    1c00b30a:	94ca                	add	s1,s1,s2
    1c00b30c:	41240433          	sub	s0,s0,s2
    1c00b310:	853e                	mv	a0,a5
    1c00b312:	1c00d7b7          	lui	a5,0x1c00d
    1c00b316:	c307b683          	ld	a3,-976(a5) # 0x1c00cc30
    1c00b31a:	ff6dc7b7          	lui	a5,0xff6dc
    1c00b31e:	41978793          	addi	a5,a5,1049 # 0xffffffffff6dc419
    1c00b322:	00747613          	andi	a2,s0,7
    1c00b326:	4701                	li	a4,0
    1c00b328:	800d                	srli	s0,s0,0x3
    1c00b32a:	1796                	slli	a5,a5,0x25
    1c00b32c:	00e41c63          	bne	s0,a4,0x1c00b344
    1c00b330:	0684958b          	.insn	4, 0x0684958b
    1c00b334:	ca05                	beqz	a2,0x1c00b364
    1c00b336:	6902                	ld	s2,0(sp)
    1c00b338:	64a2                	ld	s1,8(sp)
    1c00b33a:	6442                	ld	s0,16(sp)
    1c00b33c:	60e2                	ld	ra,24(sp)
    1c00b33e:	6105                	addi	sp,sp,32
    1c00b340:	f3bff06f          	j	0x1c00b27a
    1c00b344:	66e4c58b          	.insn	4, 0x66e4c58b
    1c00b348:	7c05350b          	.insn	4, 0x7c05350b
    1c00b34c:	8d2d                	xor	a0,a0,a1
    1c00b34e:	0ad515b3          	.insn	4, 0x0ad515b3
    1c00b352:	0586                	slli	a1,a1,0x1
    1c00b354:	8da9                	xor	a1,a1,a0
    1c00b356:	0af5a5b3          	.insn	4, 0x0af5a5b3
    1c00b35a:	9181                	srli	a1,a1,0x20
    1c00b35c:	0005851b          	sext.w	a0,a1
    1c00b360:	0705                	addi	a4,a4,1
    1c00b362:	b7e9                	j	0x1c00b32c
    1c00b364:	6442                	ld	s0,16(sp)
    1c00b366:	60e2                	ld	ra,24(sp)
    1c00b368:	6902                	ld	s2,0(sp)
    1c00b36a:	64a2                	ld	s1,8(sp)
    1c00b36c:	6105                	addi	sp,sp,32
    1c00b36e:	8082                	ret
    1c00b370:	1141                	addi	sp,sp,-16
    1c00b372:	1c00d537          	lui	a0,0x1c00d
    1c00b376:	c3850513          	addi	a0,a0,-968 # 0x1c00cc38
    1c00b37a:	e406                	sd	ra,8(sp)
    1c00b37c:	80fff0ef          	jal	0x1c00ab8a
    1c00b380:	a001                	j	0x1c00b380
    1c00b382:	10051063          	bnez	a0,0x1c00b482
    1c00b386:	1101                	addi	sp,sp,-32
    1c00b388:	e822                	sd	s0,16(sp)
    1c00b38a:	ec06                	sd	ra,24(sp)
    1c00b38c:	e04a                	sd	s2,0(sp)
    1c00b38e:	e426                	sd	s1,8(sp)
    1c00b390:	0ce00437          	lui	s0,0xce00
    1c00b394:	c48fd0ef          	jal	0x1c0087dc
    1c00b398:	48040413          	addi	s0,s0,1152 # 0xce00480
    1c00b39c:	501c                	lw	a5,32(s0)
    1c00b39e:	2c000737          	lui	a4,0x2c000
    1c00b3a2:	5c07b78b          	.insn	4, 0x5c07b78b
    1c00b3a6:	8fd9                	or	a5,a5,a4
    1c00b3a8:	d01c                	sw	a5,32(s0)
    1c00b3aa:	cddff0ef          	jal	0x1c00b086
    1c00b3ae:	445c                	lw	a5,12(s0)
    1c00b3b0:	00f03737          	lui	a4,0xf03
    1c00b3b4:	17f70713          	addi	a4,a4,383 # 0xf0317f
    1c00b3b8:	8fd9                	or	a5,a5,a4
    1c00b3ba:	c45c                	sw	a5,12(s0)
    1c00b3bc:	b6dff0ef          	jal	0x1c00af28
    1c00b3c0:	4519                	li	a0,6
    1c00b3c2:	a35ff0ef          	jal	0x1c00adf6
    1c00b3c6:	4595                	li	a1,5
    1c00b3c8:	4519                	li	a0,6
    1c00b3ca:	8e1ff0ef          	jal	0x1c00acaa
    1c00b3ce:	4585                	li	a1,1
    1c00b3d0:	4519                	li	a0,6
    1c00b3d2:	9fdff0ef          	jal	0x1c00adce
    1c00b3d6:	4595                	li	a1,5
    1c00b3d8:	451d                	li	a0,7
    1c00b3da:	8d1ff0ef          	jal	0x1c00acaa
    1c00b3de:	4585                	li	a1,1
    1c00b3e0:	451d                	li	a0,7
    1c00b3e2:	4959                	li	s2,22
    1c00b3e4:	02200493          	li	s1,34
    1c00b3e8:	9e7ff0ef          	jal	0x1c00adce
    1c00b3ec:	4455                	li	s0,21
    1c00b3ee:	01240663          	beq	s0,s2,0x1c00b3fa
    1c00b3f2:	4581                	li	a1,0
    1c00b3f4:	8522                	mv	a0,s0
    1c00b3f6:	8b5ff0ef          	jal	0x1c00acaa
    1c00b3fa:	2405                	addiw	s0,s0,1
    1c00b3fc:	fe9419e3          	bne	s0,s1,0x1c00b3ee
    1c00b400:	452d                	li	a0,11
    1c00b402:	9f5ff0ef          	jal	0x1c00adf6
    1c00b406:	4531                	li	a0,12
    1c00b408:	9efff0ef          	jal	0x1c00adf6
    1c00b40c:	4509                	li	a0,2
    1c00b40e:	9e9ff0ef          	jal	0x1c00adf6
    1c00b412:	d26fd0ef          	jal	0x1c008938
    1c00b416:	4505                	li	a0,1
    1c00b418:	e3cfd0ef          	jal	0x1c008a54
    1c00b41c:	f2df90ef          	jal	0x1c005348
    1c00b420:	00055463          	bgez	a0,0x1c00b428
    1c00b424:	f4dff0ef          	jal	0x1c00b370
    1c00b428:	ed0fe0ef          	jal	0x1c009af8
    1c00b42c:	beafd0ef          	jal	0x1c008816
    1c00b430:	1c00d637          	lui	a2,0x1c00d
    1c00b434:	c6860613          	addi	a2,a2,-920 # 0x1c00cc68
    1c00b438:	1c00d5b7          	lui	a1,0x1c00d
    1c00b43c:	c7858593          	addi	a1,a1,-904 # 0x1c00cc78
    1c00b440:	1c00d537          	lui	a0,0x1c00d
    1c00b444:	c8850513          	addi	a0,a0,-888 # 0x1c00cc88
    1c00b448:	edcff0ef          	jal	0x1c00ab24
    1c00b44c:	f03fc0ef          	jal	0x1c00834e
    1c00b450:	0ce0a737          	lui	a4,0xce0a
    1c00b454:	0ff00793          	li	a5,255
    1c00b458:	80f71023          	sh	a5,-2048(a4) # 0xce09800
    1c00b45c:	0ce016b7          	lui	a3,0xce01
    1c00b460:	80071223          	sh	zero,-2044(a4)
    1c00b464:	c046a783          	lw	a5,-1020(a3) # 0xce00c04
    1c00b468:	9bdd                	andi	a5,a5,-9
    1c00b46a:	c0f6a223          	sw	a5,-1020(a3)
    1c00b46e:	0087e793          	ori	a5,a5,8
    1c00b472:	c0f6a223          	sw	a5,-1020(a3)
    1c00b476:	80071023          	sh	zero,-2048(a4)
    1c00b47a:	f54d                	bnez	a0,0x1c00b424
    1c00b47c:	efffc0ef          	jal	0x1c00837a
    1c00b480:	b755                	j	0x1c00b424
    1c00b482:	4501                	li	a0,0
    1c00b484:	8082                	ret
    1c00b486:	0000                	unimp
    1c00b488:	6e69                	lui	t3,0x1a
    1c00b48a:	6176                	ld	sp,344(sp)
    1c00b48c:	696c                	ld	a1,208(a0)
    1c00b48e:	2064                	fld	fs1,192(s0)
    1c00b490:	6d69                	lui	s10,0x1a
    1c00b492:	6761                	lui	a4,0x18
    1c00b494:	2065                	.insn	2, 0x2065
    1c00b496:	616d                	addi	sp,sp,240
    1c00b498:	3a636967          	.insn	4, 0x3a636967
    1c00b49c:	2520                	fld	fs0,72(a0)
    1c00b49e:	3830                	fld	fa2,112(s0)
    1c00b4a0:	0a78                	addi	a4,sp,284
    1c00b4a2:	0000                	unimp
    1c00b4a4:	0000                	unimp
    1c00b4a6:	0000                	unimp
    1c00b4a8:	7265                	lui	tp,0xffff9
    1c00b4aa:	3a72                	fld	fs4,312(sp)
    1c00b4ac:	2520                	fld	fs0,72(a0)
    1c00b4ae:	2064                	fld	fs1,192(s0)
    1c00b4b0:	74697277          	.insn	4, 0x74697277
    1c00b4b4:	2065                	.insn	2, 0x2065
    1c00b4b6:	6572                	ld	a0,280(sp)
    1c00b4b8:	74736967          	.insn	4, 0x74736967
    1c00b4bc:	7265                	lui	tp,0xffff9
    1c00b4be:	2520                	fld	fs0,72(a0)
    1c00b4c0:	0a64                	addi	s1,sp,284
    1c00b4c2:	0000                	unimp
    1c00b4c4:	0000                	unimp
    1c00b4c6:	0000                	unimp
    1c00b4c8:	7265                	lui	tp,0xffff9
    1c00b4ca:	3a72                	fld	fs4,312(sp)
    1c00b4cc:	2520                	fld	fs0,72(a0)
    1c00b4ce:	2064                	fld	fs1,192(s0)
    1c00b4d0:	6572                	ld	a0,280(sp)
    1c00b4d2:	6461                	lui	s0,0x18
    1c00b4d4:	7220                	ld	s0,96(a2)
    1c00b4d6:	6765                	lui	a4,0x19
    1c00b4d8:	7369                	lui	t1,0xffffa
    1c00b4da:	6574                	ld	a3,200(a0)
    1c00b4dc:	2072                	fld	ft0,280(sp)
    1c00b4de:	6425                	lui	s0,0x9
    1c00b4e0:	000a                	c.slli	zero,0x2
    1c00b4e2:	0000                	unimp
    1c00b4e4:	0000                	unimp
    1c00b4e6:	0000                	unimp
    1c00b4e8:	7265                	lui	tp,0xffff9
    1c00b4ea:	6f72                	ld	t5,280(sp)
    1c00b4ec:	2072                	fld	ft0,280(sp)
    1c00b4ee:	6425                	lui	s0,0x9
    1c00b4f0:	7720                	ld	s0,104(a4)
    1c00b4f2:	6961                	lui	s2,0x18
    1c00b4f4:	6974                	ld	a3,208(a0)
    1c00b4f6:	676e                	ld	a4,216(sp)
    1c00b4f8:	7020                	ld	s0,96(s0)
    1c00b4fa:	6761                	lui	a4,0x18
    1c00b4fc:	2065                	.insn	2, 0x2065
    1c00b4fe:	7830                	ld	a2,112(s0)
    1c00b500:	7825                	lui	a6,0xfffe9
    1c00b502:	7420                	ld	s0,104(s0)
    1c00b504:	6163206f          	j	0x1c03db1a
    1c00b508:	0a656863          	bltu	a0,t1,0x1c00b5b8
    1c00b50c:	0000                	unimp
    1c00b50e:	0000                	unimp
    1c00b510:	6e69                	lui	t3,0x1a
    1c00b512:	6574                	ld	a3,200(a0)
    1c00b514:	6e72                	ld	t3,280(sp)
    1c00b516:	6c61                	lui	s8,0x18
    1c00b518:	4520                	lw	s0,72(a0)
    1c00b51a:	65204343          	.insn	4, 0x65204343
    1c00b51e:	7272                	ld	tp,312(sp)
    1c00b520:	7220726f          	jal	tp,0x1c012c42
    1c00b524:	6165                	addi	sp,sp,112
    1c00b526:	6964                	ld	s1,208(a0)
    1c00b528:	676e                	ld	a4,216(sp)
    1c00b52a:	7020                	ld	s0,96(s0)
    1c00b52c:	6761                	lui	a4,0x18
    1c00b52e:	2065                	.insn	2, 0x2065
    1c00b530:	7830                	ld	a2,112(s0)
    1c00b532:	7825                	lui	a6,0xfffe9
    1c00b534:	000a                	c.slli	zero,0x2
    1c00b536:	0000                	unimp
    1c00b538:	7325                	lui	t1,0xfffe9
    1c00b53a:	203a                	fld	ft0,392(sp)
    1c00b53c:	7461                	lui	s0,0xffff8
    1c00b53e:	6574                	ld	a3,200(a0)
    1c00b540:	706d                	c.lui	zero,0xffffb
    1c00b542:	2074                	fld	fa3,192(s0)
    1c00b544:	6f74                	ld	a3,216(a4)
    1c00b546:	7220                	ld	s0,96(a2)
    1c00b548:	6165                	addi	sp,sp,112
    1c00b54a:	2064                	fld	fs1,192(s0)
    1c00b54c:	7374756f          	jal	a0,0x1c053482
    1c00b550:	6469                	lui	s0,0x1a
    1c00b552:	2065                	.insn	2, 0x2065
    1c00b554:	0a626f6f          	jal	t5,0x1c0315fa
	...
    1c00b560:	7325                	lui	t1,0xfffe9
    1c00b562:	203a                	fld	ft0,392(sp)
    1c00b564:	7461                	lui	s0,0xffff8
    1c00b566:	6574                	ld	a3,200(a0)
    1c00b568:	706d                	c.lui	zero,0xffffb
    1c00b56a:	2074                	fld	fa3,192(s0)
    1c00b56c:	6f74                	ld	a3,216(a4)
    1c00b56e:	7220                	ld	s0,96(a2)
    1c00b570:	6165                	addi	sp,sp,112
    1c00b572:	2064                	fld	fs1,192(s0)
    1c00b574:	6562                	ld	a0,24(sp)
    1c00b576:	6f79                	lui	t5,0x1e
    1c00b578:	646e                	ld	s0,216(sp)
    1c00b57a:	6520                	ld	s0,72(a0)
    1c00b57c:	646e                	ld	s0,216(sp)
    1c00b57e:	6f20                	ld	s0,88(a4)
    1c00b580:	2066                	fld	ft0,88(sp)
    1c00b582:	6564                	ld	s1,200(a0)
    1c00b584:	6976                	ld	s2,344(sp)
    1c00b586:	000a6563          	bltu	s4,zero,0x1c00b590
    1c00b58a:	0000                	unimp
    1c00b58c:	0000                	unimp
    1c00b58e:	0000                	unimp
    1c00b590:	7265                	lui	tp,0xffff9
    1c00b592:	6f72                	ld	t5,280(sp)
    1c00b594:	2072                	fld	ft0,280(sp)
    1c00b596:	6425                	lui	s0,0x9
    1c00b598:	7220                	ld	s0,96(a2)
    1c00b59a:	6165                	addi	sp,sp,112
    1c00b59c:	6964                	ld	s1,208(a0)
    1c00b59e:	676e                	ld	a4,216(sp)
    1c00b5a0:	7020                	ld	s0,96(s0)
    1c00b5a2:	6761                	lui	a4,0x18
    1c00b5a4:	2065                	.insn	2, 0x2065
    1c00b5a6:	7830                	ld	a2,112(s0)
    1c00b5a8:	7825                	lui	a6,0xfffe9
    1c00b5aa:	000a                	c.slli	zero,0x2
    1c00b5ac:	0000                	unimp
    1c00b5ae:	0000                	unimp
    1c00b5b0:	7325                	lui	t1,0xfffe9
    1c00b5b2:	203a                	fld	ft0,392(sp)
    1c00b5b4:	7461                	lui	s0,0xffff8
    1c00b5b6:	6574                	ld	a3,200(a0)
    1c00b5b8:	706d                	c.lui	zero,0xffffb
    1c00b5ba:	2074                	fld	fa3,192(s0)
    1c00b5bc:	6f74                	ld	a3,216(a4)
    1c00b5be:	7320                	ld	s0,96(a4)
    1c00b5c0:	6174                	ld	a3,192(a0)
    1c00b5c2:	7472                	ld	s0,312(sp)
    1c00b5c4:	7220                	ld	s0,96(a2)
    1c00b5c6:	6165                	addi	sp,sp,112
    1c00b5c8:	2064                	fld	fs1,192(s0)
    1c00b5ca:	7374756f          	jal	a0,0x1c053500
    1c00b5ce:	6469                	lui	s0,0x1a
    1c00b5d0:	2065                	.insn	2, 0x2065
    1c00b5d2:	0a626f6f          	jal	t5,0x1c031678
    1c00b5d6:	0000                	unimp
    1c00b5d8:	5f697073          	csrci	0x5f6,18
    1c00b5dc:	616e                	ld	sp,216(sp)
    1c00b5de:	646e                	ld	s0,216(sp)
    1c00b5e0:	7220                	ld	s0,96(a2)
    1c00b5e2:	7365                	lui	t1,0xffff9
    1c00b5e4:	7465                	lui	s0,0xffff9
    1c00b5e6:	6620                	ld	s0,72(a2)
    1c00b5e8:	6961                	lui	s2,0x18
    1c00b5ea:	656c                	ld	a1,200(a0)
    1c00b5ec:	2164                	fld	fs1,192(a0)
    1c00b5ee:	0000                	unimp
    1c00b5f0:	2d495053          	.insn	4, 0x2d495053
    1c00b5f4:	414e                	lw	sp,208(sp)
    1c00b5f6:	444e                	lw	s0,208(sp)
    1c00b5f8:	6720                	ld	s0,72(a4)
    1c00b5fa:	6d20746f          	jal	s0,0x1c012ccc
    1c00b5fe:	7266                	ld	tp,120(sp)
    1c00b600:	695f 3a64 2520      	.insn	6, 0x25203a64695f
    1c00b606:	2c78                	fld	fa4,216(s0)
    1c00b608:	6420                	ld	s0,72(s0)
    1c00b60a:	7665                	lui	a2,0xffff9
    1c00b60c:	695f 3a64 2520      	.insn	6, 0x25203a64695f
    1c00b612:	0a78                	addi	a4,sp,284
    1c00b614:	0000                	unimp
    1c00b616:	0000                	unimp
    1c00b618:	6d6d6f63          	bltu	s10,s6,0x1c00bcf6
    1c00b61c:	73206e6f          	jal	t3,0x1c011d4e
    1c00b620:	6970                	ld	a2,208(a0)
    1c00b622:	6e20                	ld	s0,88(a2)
    1c00b624:	6e61                	lui	t3,0x18
    1c00b626:	0064                	addi	s1,sp,12
    1c00b628:	5f697073          	csrci	0x5f6,18
    1c00b62c:	616e                	ld	sp,216(sp)
    1c00b62e:	646e                	ld	s0,216(sp)
    1c00b630:	645f 5f6f 6572      	.insn	6, 0x65725f6f645f
    1c00b636:	6461                	lui	s0,0x18
    1c00b638:	6f5f 626f 0000      	.insn	6, 0x626f6f5f
    1c00b63e:	0000                	unimp
    1c00b640:	5f697073          	csrci	0x5f6,18
    1c00b644:	616e                	ld	sp,216(sp)
    1c00b646:	646e                	ld	s0,216(sp)
    1c00b648:	645f 5f6f 6572      	.insn	6, 0x65725f6f645f
    1c00b64e:	6461                	lui	s0,0x18
    1c00b650:	6f5f 7370 0000      	.insn	6, 0x73706f5f
    1c00b656:	0000                	unimp
    1c00b658:	6e49                	lui	t3,0x12
    1c00b65a:	6176                	ld	sp,344(sp)
    1c00b65c:	696c                	ld	a1,208(a0)
    1c00b65e:	2064                	fld	fs1,192(s0)
    1c00b660:	20697073          	csrci	0x206,18
    1c00b664:	616e                	ld	sp,216(sp)
    1c00b666:	646e                	ld	s0,216(sp)
    1c00b668:	6f20                	ld	s0,88(a4)
    1c00b66a:	6370                	ld	a2,192(a4)
    1c00b66c:	2065646f          	jal	s0,0x1c061872
    1c00b670:	7825                	lui	a6,0xfffe9
    1c00b672:	000a                	c.slli	zero,0x2
    1c00b674:	0000                	unimp
    1c00b676:	0000                	unimp
    1c00b678:	7325                	lui	t1,0xfffe9
    1c00b67a:	203a                	fld	ft0,392(sp)
    1c00b67c:	6e75                	lui	t3,0x1d
    1c00b67e:	72726f63          	bltu	tp,t2,0x1c00bdbc
    1c00b682:	6365                	lui	t1,0x19
    1c00b684:	6174                	ld	a3,192(a0)
    1c00b686:	6c62                	ld	s8,24(sp)
    1c00b688:	2065                	.insn	2, 0x2065
    1c00b68a:	4345                	li	t1,17
    1c00b68c:	72652043          	fmadd.d	ft0,fa0,ft6,fa4,rdn
    1c00b690:	6f72                	ld	t5,280(sp)
    1c00b692:	0a72                	slli	s4,s4,0x1c
    1c00b694:	0000                	unimp
    1c00b696:	0000                	unimp
    1c00b698:	616e                	ld	sp,216(sp)
    1c00b69a:	646e                	ld	s0,216(sp)
    1c00b69c:	635f 726f 6572      	.insn	6, 0x6572726f635f
    1c00b6a2:	645f7463          	bgeu	t5,t0,0x1c00bcea
    1c00b6a6:	7461                	lui	s0,0xffff8
    1c00b6a8:	0061                	c.nop	24
	...
    1c00b6b2:	0101                	addi	sp,sp,0
    1c00b6b4:	0000                	unimp
    1c00b6b6:	0101                	addi	sp,sp,0
    1c00b6b8:	0202                	c.slli	tp,0x0
    1c00b6ba:	02020303          	lb	t1,32(tp) # 0xffffffffffff9020
    1c00b6be:	00000303          	lb	t1,0(zero) # 0x0
    1c00b6c2:	0101                	addi	sp,sp,0
    1c00b6c4:	0000                	unimp
    1c00b6c6:	0101                	addi	sp,sp,0
    1c00b6c8:	0202                	c.slli	tp,0x0
    1c00b6ca:	02020303          	lb	t1,32(tp) # 0x20
    1c00b6ce:	04040303          	lb	t1,64(s0) # 0xffffffffffff8040
    1c00b6d2:	0505                	addi	a0,a0,1
    1c00b6d4:	0404                	addi	s1,sp,512
    1c00b6d6:	0505                	addi	a0,a0,1
    1c00b6d8:	0606                	slli	a2,a2,0x1
    1c00b6da:	06060707          	.insn	4, 0x06060707
    1c00b6de:	04040707          	.insn	4, 0x04040707
    1c00b6e2:	0505                	addi	a0,a0,1
    1c00b6e4:	0404                	addi	s1,sp,512
    1c00b6e6:	0505                	addi	a0,a0,1
    1c00b6e8:	0606                	slli	a2,a2,0x1
    1c00b6ea:	06060707          	.insn	4, 0x06060707
    1c00b6ee:	00000707          	.insn	4, 0x0707
    1c00b6f2:	0101                	addi	sp,sp,0
    1c00b6f4:	0000                	unimp
    1c00b6f6:	0101                	addi	sp,sp,0
    1c00b6f8:	0202                	c.slli	tp,0x0
    1c00b6fa:	02020303          	lb	t1,32(tp) # 0x20
    1c00b6fe:	00000303          	lb	t1,0(zero) # 0x0
    1c00b702:	0101                	addi	sp,sp,0
    1c00b704:	0000                	unimp
    1c00b706:	0101                	addi	sp,sp,0
    1c00b708:	0202                	c.slli	tp,0x0
    1c00b70a:	02020303          	lb	t1,32(tp) # 0x20
    1c00b70e:	04040303          	lb	t1,64(s0)
    1c00b712:	0505                	addi	a0,a0,1
    1c00b714:	0404                	addi	s1,sp,512
    1c00b716:	0505                	addi	a0,a0,1
    1c00b718:	0606                	slli	a2,a2,0x1
    1c00b71a:	06060707          	.insn	4, 0x06060707
    1c00b71e:	04040707          	.insn	4, 0x04040707
    1c00b722:	0505                	addi	a0,a0,1
    1c00b724:	0404                	addi	s1,sp,512
    1c00b726:	0505                	addi	a0,a0,1
    1c00b728:	0606                	slli	a2,a2,0x1
    1c00b72a:	06060707          	.insn	4, 0x06060707
    1c00b72e:	08080707          	.insn	4, 0x08080707
    1c00b732:	0909                	addi	s2,s2,2 # 0x18002
    1c00b734:	0808                	addi	a0,sp,16
    1c00b736:	0909                	addi	s2,s2,2
    1c00b738:	0a0a                	slli	s4,s4,0x2
    1c00b73a:	0a0a0b0b          	.insn	4, 0x0a0a0b0b
    1c00b73e:	08080b0b          	.insn	4, 0x08080b0b
    1c00b742:	0909                	addi	s2,s2,2
    1c00b744:	0808                	addi	a0,sp,16
    1c00b746:	0909                	addi	s2,s2,2
    1c00b748:	0a0a                	slli	s4,s4,0x2
    1c00b74a:	0a0a0b0b          	.insn	4, 0x0a0a0b0b
    1c00b74e:	0c0c0b0b          	.insn	4, 0x0c0c0b0b
    1c00b752:	0d0d                	addi	s10,s10,3 # 0x1a003
    1c00b754:	0c0c                	addi	a1,sp,528
    1c00b756:	0d0d                	addi	s10,s10,3
    1c00b758:	0e0e                	slli	t3,t3,0x3
    1c00b75a:	0e0e0f0f          	.insn	4, 0x0e0e0f0f
    1c00b75e:	0c0c0f0f          	.insn	4, 0x0c0c0f0f
    1c00b762:	0d0d                	addi	s10,s10,3
    1c00b764:	0c0c                	addi	a1,sp,528
    1c00b766:	0d0d                	addi	s10,s10,3
    1c00b768:	0e0e                	slli	t3,t3,0x3
    1c00b76a:	0e0e0f0f          	.insn	4, 0x0e0e0f0f
    1c00b76e:	08080f0f          	.insn	4, 0x08080f0f
    1c00b772:	0909                	addi	s2,s2,2
    1c00b774:	0808                	addi	a0,sp,16
    1c00b776:	0909                	addi	s2,s2,2
    1c00b778:	0a0a                	slli	s4,s4,0x2
    1c00b77a:	0a0a0b0b          	.insn	4, 0x0a0a0b0b
    1c00b77e:	08080b0b          	.insn	4, 0x08080b0b
    1c00b782:	0909                	addi	s2,s2,2
    1c00b784:	0808                	addi	a0,sp,16
    1c00b786:	0909                	addi	s2,s2,2
    1c00b788:	0a0a                	slli	s4,s4,0x2
    1c00b78a:	0a0a0b0b          	.insn	4, 0x0a0a0b0b
    1c00b78e:	0c0c0b0b          	.insn	4, 0x0c0c0b0b
    1c00b792:	0d0d                	addi	s10,s10,3
    1c00b794:	0c0c                	addi	a1,sp,528
    1c00b796:	0d0d                	addi	s10,s10,3
    1c00b798:	0e0e                	slli	t3,t3,0x3
    1c00b79a:	0e0e0f0f          	.insn	4, 0x0e0e0f0f
    1c00b79e:	0c0c0f0f          	.insn	4, 0x0c0c0f0f
    1c00b7a2:	0d0d                	addi	s10,s10,3
    1c00b7a4:	0c0c                	addi	a1,sp,528
    1c00b7a6:	0d0d                	addi	s10,s10,3
    1c00b7a8:	0e0e                	slli	t3,t3,0x3
    1c00b7aa:	0e0e0f0f          	.insn	4, 0x0e0e0f0f
    1c00b7ae:	01000f0f          	.insn	4, 0x01000f0f
    1c00b7b2:	0201                	addi	tp,tp,0 # 0x0
    1c00b7b4:	0201                	addi	tp,tp,0 # 0x0
    1c00b7b6:	0302                	c.slli	t1,0x0
    1c00b7b8:	0201                	addi	tp,tp,0 # 0x0
    1c00b7ba:	0302                	c.slli	t1,0x0
    1c00b7bc:	0302                	c.slli	t1,0x0
    1c00b7be:	02010403          	lb	s0,32(sp)
    1c00b7c2:	0302                	c.slli	t1,0x0
    1c00b7c4:	0302                	c.slli	t1,0x0
    1c00b7c6:	03020403          	lb	s0,48(tp) # 0x30
    1c00b7ca:	04030403          	lb	s0,64(t1) # 0x19040
    1c00b7ce:	0504                	addi	s1,sp,640
    1c00b7d0:	0201                	addi	tp,tp,0 # 0x0
    1c00b7d2:	0302                	c.slli	t1,0x0
    1c00b7d4:	0302                	c.slli	t1,0x0
    1c00b7d6:	03020403          	lb	s0,48(tp) # 0x30
    1c00b7da:	04030403          	lb	s0,64(t1)
    1c00b7de:	0504                	addi	s1,sp,640
    1c00b7e0:	0302                	c.slli	t1,0x0
    1c00b7e2:	04030403          	lb	s0,64(t1)
    1c00b7e6:	0504                	addi	s1,sp,640
    1c00b7e8:	05040403          	lb	s0,80(s0)
    1c00b7ec:	0504                	addi	s1,sp,640
    1c00b7ee:	0605                	addi	a2,a2,1 # 0xffffffffffff9001
    1c00b7f0:	0201                	addi	tp,tp,0 # 0x0
    1c00b7f2:	0302                	c.slli	t1,0x0
    1c00b7f4:	0302                	c.slli	t1,0x0
    1c00b7f6:	03020403          	lb	s0,48(tp) # 0x30
    1c00b7fa:	04030403          	lb	s0,64(t1)
    1c00b7fe:	0504                	addi	s1,sp,640
    1c00b800:	0302                	c.slli	t1,0x0
    1c00b802:	04030403          	lb	s0,64(t1)
    1c00b806:	0504                	addi	s1,sp,640
    1c00b808:	05040403          	lb	s0,80(s0)
    1c00b80c:	0504                	addi	s1,sp,640
    1c00b80e:	0605                	addi	a2,a2,1
    1c00b810:	0302                	c.slli	t1,0x0
    1c00b812:	04030403          	lb	s0,64(t1)
    1c00b816:	0504                	addi	s1,sp,640
    1c00b818:	05040403          	lb	s0,80(s0)
    1c00b81c:	0504                	addi	s1,sp,640
    1c00b81e:	0605                	addi	a2,a2,1
    1c00b820:	05040403          	lb	s0,80(s0)
    1c00b824:	0504                	addi	s1,sp,640
    1c00b826:	0605                	addi	a2,a2,1
    1c00b828:	0504                	addi	s1,sp,640
    1c00b82a:	0605                	addi	a2,a2,1
    1c00b82c:	0605                	addi	a2,a2,1
    1c00b82e:	0706                	slli	a4,a4,0x1
    1c00b830:	0201                	addi	tp,tp,0 # 0x0
    1c00b832:	0302                	c.slli	t1,0x0
    1c00b834:	0302                	c.slli	t1,0x0
    1c00b836:	03020403          	lb	s0,48(tp) # 0x30
    1c00b83a:	04030403          	lb	s0,64(t1)
    1c00b83e:	0504                	addi	s1,sp,640
    1c00b840:	0302                	c.slli	t1,0x0
    1c00b842:	04030403          	lb	s0,64(t1)
    1c00b846:	0504                	addi	s1,sp,640
    1c00b848:	05040403          	lb	s0,80(s0)
    1c00b84c:	0504                	addi	s1,sp,640
    1c00b84e:	0605                	addi	a2,a2,1
    1c00b850:	0302                	c.slli	t1,0x0
    1c00b852:	04030403          	lb	s0,64(t1)
    1c00b856:	0504                	addi	s1,sp,640
    1c00b858:	05040403          	lb	s0,80(s0)
    1c00b85c:	0504                	addi	s1,sp,640
    1c00b85e:	0605                	addi	a2,a2,1
    1c00b860:	05040403          	lb	s0,80(s0)
    1c00b864:	0504                	addi	s1,sp,640
    1c00b866:	0605                	addi	a2,a2,1
    1c00b868:	0504                	addi	s1,sp,640
    1c00b86a:	0605                	addi	a2,a2,1
    1c00b86c:	0605                	addi	a2,a2,1
    1c00b86e:	0706                	slli	a4,a4,0x1
    1c00b870:	0302                	c.slli	t1,0x0
    1c00b872:	04030403          	lb	s0,64(t1)
    1c00b876:	0504                	addi	s1,sp,640
    1c00b878:	05040403          	lb	s0,80(s0)
    1c00b87c:	0504                	addi	s1,sp,640
    1c00b87e:	0605                	addi	a2,a2,1
    1c00b880:	05040403          	lb	s0,80(s0)
    1c00b884:	0504                	addi	s1,sp,640
    1c00b886:	0605                	addi	a2,a2,1
    1c00b888:	0504                	addi	s1,sp,640
    1c00b88a:	0605                	addi	a2,a2,1
    1c00b88c:	0605                	addi	a2,a2,1
    1c00b88e:	0706                	slli	a4,a4,0x1
    1c00b890:	05040403          	lb	s0,80(s0)
    1c00b894:	0504                	addi	s1,sp,640
    1c00b896:	0605                	addi	a2,a2,1
    1c00b898:	0504                	addi	s1,sp,640
    1c00b89a:	0605                	addi	a2,a2,1
    1c00b89c:	0605                	addi	a2,a2,1
    1c00b89e:	0706                	slli	a4,a4,0x1
    1c00b8a0:	0504                	addi	s1,sp,640
    1c00b8a2:	0605                	addi	a2,a2,1
    1c00b8a4:	0605                	addi	a2,a2,1
    1c00b8a6:	0706                	slli	a4,a4,0x1
    1c00b8a8:	0605                	addi	a2,a2,1
    1c00b8aa:	0706                	slli	a4,a4,0x1
    1c00b8ac:	0706                	slli	a4,a4,0x1
    1c00b8ae:	00010807          	.insn	4, 0x00010807
    1c00b8b2:	0100                	addi	s0,sp,128
    1c00b8b4:	0100                	addi	s0,sp,128
    1c00b8b6:	0001                	nop
    1c00b8b8:	0100                	addi	s0,sp,128
    1c00b8ba:	0001                	nop
    1c00b8bc:	0001                	nop
    1c00b8be:	0100                	addi	s0,sp,128
    1c00b8c0:	0100                	addi	s0,sp,128
    1c00b8c2:	0001                	nop
    1c00b8c4:	0001                	nop
    1c00b8c6:	0100                	addi	s0,sp,128
    1c00b8c8:	0001                	nop
    1c00b8ca:	0100                	addi	s0,sp,128
    1c00b8cc:	0100                	addi	s0,sp,128
    1c00b8ce:	0001                	nop
    1c00b8d0:	0100                	addi	s0,sp,128
    1c00b8d2:	0001                	nop
    1c00b8d4:	0001                	nop
    1c00b8d6:	0100                	addi	s0,sp,128
    1c00b8d8:	0001                	nop
    1c00b8da:	0100                	addi	s0,sp,128
    1c00b8dc:	0100                	addi	s0,sp,128
    1c00b8de:	0001                	nop
    1c00b8e0:	0001                	nop
    1c00b8e2:	0100                	addi	s0,sp,128
    1c00b8e4:	0100                	addi	s0,sp,128
    1c00b8e6:	0001                	nop
    1c00b8e8:	0100                	addi	s0,sp,128
    1c00b8ea:	0001                	nop
    1c00b8ec:	0001                	nop
    1c00b8ee:	0100                	addi	s0,sp,128
    1c00b8f0:	0100                	addi	s0,sp,128
    1c00b8f2:	0001                	nop
    1c00b8f4:	0001                	nop
    1c00b8f6:	0100                	addi	s0,sp,128
    1c00b8f8:	0001                	nop
    1c00b8fa:	0100                	addi	s0,sp,128
    1c00b8fc:	0100                	addi	s0,sp,128
    1c00b8fe:	0001                	nop
    1c00b900:	0001                	nop
    1c00b902:	0100                	addi	s0,sp,128
    1c00b904:	0100                	addi	s0,sp,128
    1c00b906:	0001                	nop
    1c00b908:	0100                	addi	s0,sp,128
    1c00b90a:	0001                	nop
    1c00b90c:	0001                	nop
    1c00b90e:	0100                	addi	s0,sp,128
    1c00b910:	0001                	nop
    1c00b912:	0100                	addi	s0,sp,128
    1c00b914:	0100                	addi	s0,sp,128
    1c00b916:	0001                	nop
    1c00b918:	0100                	addi	s0,sp,128
    1c00b91a:	0001                	nop
    1c00b91c:	0001                	nop
    1c00b91e:	0100                	addi	s0,sp,128
    1c00b920:	0100                	addi	s0,sp,128
    1c00b922:	0001                	nop
    1c00b924:	0001                	nop
    1c00b926:	0100                	addi	s0,sp,128
    1c00b928:	0001                	nop
    1c00b92a:	0100                	addi	s0,sp,128
    1c00b92c:	0100                	addi	s0,sp,128
    1c00b92e:	0001                	nop
    1c00b930:	0100                	addi	s0,sp,128
    1c00b932:	0001                	nop
    1c00b934:	0001                	nop
    1c00b936:	0100                	addi	s0,sp,128
    1c00b938:	0001                	nop
    1c00b93a:	0100                	addi	s0,sp,128
    1c00b93c:	0100                	addi	s0,sp,128
    1c00b93e:	0001                	nop
    1c00b940:	0001                	nop
    1c00b942:	0100                	addi	s0,sp,128
    1c00b944:	0100                	addi	s0,sp,128
    1c00b946:	0001                	nop
    1c00b948:	0100                	addi	s0,sp,128
    1c00b94a:	0001                	nop
    1c00b94c:	0001                	nop
    1c00b94e:	0100                	addi	s0,sp,128
    1c00b950:	0001                	nop
    1c00b952:	0100                	addi	s0,sp,128
    1c00b954:	0100                	addi	s0,sp,128
    1c00b956:	0001                	nop
    1c00b958:	0100                	addi	s0,sp,128
    1c00b95a:	0001                	nop
    1c00b95c:	0001                	nop
    1c00b95e:	0100                	addi	s0,sp,128
    1c00b960:	0100                	addi	s0,sp,128
    1c00b962:	0001                	nop
    1c00b964:	0001                	nop
    1c00b966:	0100                	addi	s0,sp,128
    1c00b968:	0001                	nop
    1c00b96a:	0100                	addi	s0,sp,128
    1c00b96c:	0100                	addi	s0,sp,128
    1c00b96e:	0001                	nop
    1c00b970:	0001                	nop
    1c00b972:	0100                	addi	s0,sp,128
    1c00b974:	0100                	addi	s0,sp,128
    1c00b976:	0001                	nop
    1c00b978:	0100                	addi	s0,sp,128
    1c00b97a:	0001                	nop
    1c00b97c:	0001                	nop
    1c00b97e:	0100                	addi	s0,sp,128
    1c00b980:	0100                	addi	s0,sp,128
    1c00b982:	0001                	nop
    1c00b984:	0001                	nop
    1c00b986:	0100                	addi	s0,sp,128
    1c00b988:	0001                	nop
    1c00b98a:	0100                	addi	s0,sp,128
    1c00b98c:	0100                	addi	s0,sp,128
    1c00b98e:	0001                	nop
    1c00b990:	0100                	addi	s0,sp,128
    1c00b992:	0001                	nop
    1c00b994:	0001                	nop
    1c00b996:	0100                	addi	s0,sp,128
    1c00b998:	0001                	nop
    1c00b99a:	0100                	addi	s0,sp,128
    1c00b99c:	0100                	addi	s0,sp,128
    1c00b99e:	0001                	nop
    1c00b9a0:	0001                	nop
    1c00b9a2:	0100                	addi	s0,sp,128
    1c00b9a4:	0100                	addi	s0,sp,128
    1c00b9a6:	0001                	nop
    1c00b9a8:	0100                	addi	s0,sp,128
    1c00b9aa:	0001                	nop
    1c00b9ac:	0001                	nop
    1c00b9ae:	0100                	addi	s0,sp,128
    1c00b9b0:	4255                	li	tp,21
    1c00b9b2:	3a49                	addiw	s4,s4,-14
    1c00b9b4:	4220                	lw	s0,64(a2)
    1c00b9b6:	6461                	lui	s0,0x18
    1c00b9b8:	4520                	lw	s0,72(a0)
    1c00b9ba:	616d2043          	fmadd.s	ft0,fs10,fs6,fa2,rdn
    1c00b9be:	20636967          	.insn	4, 0x20636967
    1c00b9c2:	6e69                	lui	t3,0x1a
    1c00b9c4:	6220                	ld	s0,64(a2)
    1c00b9c6:	6f6c                	ld	a1,216(a4)
    1c00b9c8:	25206b63          	bltu	zero,s2,0x1c00bc1e
    1c00b9cc:	2064                	fld	fs1,192(s0)
    1c00b9ce:	3025                	.insn	2, 0x3025
    1c00b9d0:	7838                	ld	a4,112(s0)
    1c00b9d2:	000a                	c.slli	zero,0x2
    1c00b9d4:	0000                	unimp
    1c00b9d6:	0000                	unimp
    1c00b9d8:	4255                	li	tp,21
    1c00b9da:	3a49                	addiw	s4,s4,-14
    1c00b9dc:	4220                	lw	s0,64(a2)
    1c00b9de:	6461                	lui	s0,0x18
    1c00b9e0:	4520                	lw	s0,72(a0)
    1c00b9e2:	52432043          	fmadd.d	ft0,ft6,ft4,fa0,rdn
    1c00b9e6:	6e692043          	.insn	4, 0x6e692043
    1c00b9ea:	6220                	ld	s0,64(a2)
    1c00b9ec:	6f6c                	ld	a1,216(a4)
    1c00b9ee:	25206b63          	bltu	zero,s2,0x1c00bc44
    1c00b9f2:	0a64                	addi	s1,sp,284
    1c00b9f4:	0000                	unimp
    1c00b9f6:	0000                	unimp
    1c00b9f8:	4255                	li	tp,21
    1c00b9fa:	3a49                	addiw	s4,s4,-14
    1c00b9fc:	4520                	lw	s0,72(a0)
    1c00b9fe:	6d20464f          	.insn	4, 0x6d20464f
    1c00ba02:	7261                	lui	tp,0xffff8
    1c00ba04:	2072656b          	.insn	4, 0x2072656b
    1c00ba08:	6f66                	ld	t5,88(sp)
    1c00ba0a:	6e75                	lui	t3,0x1d
    1c00ba0c:	2064                	fld	fs1,192(s0)
    1c00ba0e:	6e69                	lui	t3,0x1a
    1c00ba10:	6220                	ld	s0,64(a2)
    1c00ba12:	6f6c                	ld	a1,216(a4)
    1c00ba14:	25206b63          	bltu	zero,s2,0x1c00bc6a
    1c00ba18:	0a64                	addi	s1,sp,284
    1c00ba1a:	0000                	unimp
    1c00ba1c:	0000                	unimp
    1c00ba1e:	0000                	unimp
    1c00ba20:	4255                	li	tp,21
    1c00ba22:	3a49                	addiw	s4,s4,-14
    1c00ba24:	4220                	lw	s0,64(a2)
    1c00ba26:	6461                	lui	s0,0x18
    1c00ba28:	6d20                	ld	s0,88(a0)
    1c00ba2a:	6761                	lui	a4,0x18
    1c00ba2c:	6369                	lui	t1,0x1a
    1c00ba2e:	6920                	ld	s0,80(a0)
    1c00ba30:	206e                	fld	ft0,216(sp)
    1c00ba32:	6c62                	ld	s8,24(sp)
    1c00ba34:	206b636f          	jal	t1,0x1c0c1c3a
    1c00ba38:	2530                	fld	fa2,72(a0)
    1c00ba3a:	2064                	fld	fs1,192(s0)
    1c00ba3c:	3025                	.insn	2, 0x3025
    1c00ba3e:	7838                	ld	a4,112(s0)
    1c00ba40:	000a                	c.slli	zero,0x2
    1c00ba42:	0000                	unimp
    1c00ba44:	0000                	unimp
    1c00ba46:	0000                	unimp
    1c00ba48:	4255                	li	tp,21
    1c00ba4a:	3a49                	addiw	s4,s4,-14
    1c00ba4c:	4220                	lw	s0,64(a2)
    1c00ba4e:	6461                	lui	s0,0x18
    1c00ba50:	4320                	lw	s0,64(a4)
    1c00ba52:	4352                	lw	t1,20(sp)
    1c00ba54:	6920                	ld	s0,80(a0)
    1c00ba56:	206e                	fld	ft0,216(sp)
    1c00ba58:	6c62                	ld	s8,24(sp)
    1c00ba5a:	206b636f          	jal	t1,0x1c0c1c60
    1c00ba5e:	2530                	fld	fa2,72(a0)
    1c00ba60:	0a64                	addi	s1,sp,284
    1c00ba62:	0000                	unimp
    1c00ba64:	0000                	unimp
    1c00ba66:	0000                	unimp
    1c00ba68:	4255                	li	tp,21
    1c00ba6a:	2049                	.insn	2, 0x2049
    1c00ba6c:	6e726177          	.insn	4, 0x6e726177
    1c00ba70:	6e69                	lui	t3,0x1a
    1c00ba72:	56203a67          	.insn	4, 0x56203a67
    1c00ba76:	203a6c6f          	jal	s8,0x1c0b2478
    1c00ba7a:	7525                	lui	a0,0xfffe9
    1c00ba7c:	4c20                	lw	s0,88(s0)
    1c00ba7e:	4245                	li	tp,17
    1c00ba80:	2520                	fld	fs0,72(a0)
    1c00ba82:	2064                	fld	fs1,192(s0)
    1c00ba84:	203e                	fld	ft0,456(sp)
    1c00ba86:	6425                	lui	s0,0x9
    1c00ba88:	000a                	c.slli	zero,0x2
    1c00ba8a:	0000                	unimp
    1c00ba8c:	0000                	unimp
    1c00ba8e:	0000                	unimp
    1c00ba90:	4255                	li	tp,21
    1c00ba92:	2049                	.insn	2, 0x2049
    1c00ba94:	7265                	lui	tp,0xffff9
    1c00ba96:	6f72                	ld	t5,280(sp)
    1c00ba98:	3a72                	fld	fs4,312(sp)
    1c00ba9a:	4620                	lw	s0,72(a2)
    1c00ba9c:	3a4d                	addiw	s4,s4,-13
    1c00ba9e:	4220                	lw	s0,64(a2)
    1c00baa0:	6461                	lui	s0,0x18
    1c00baa2:	5020                	lw	s0,96(s0)
    1c00baa4:	4245                	li	tp,17
    1c00baa6:	6920                	ld	s0,80(a0)
    1c00baa8:	206e                	fld	ft0,216(sp)
    1c00baaa:	6166                	ld	sp,88(sp)
    1c00baac:	616d7473          	csrrci	s0,0x616,26
    1c00bab0:	2070                	fld	fa2,192(s0)
    1c00bab2:	6f70                	ld	a2,216(a4)
    1c00bab4:	20216c6f          	jal	s8,0x1c021cb6
    1c00bab8:	7525                	lui	a0,0xfffe9
    1c00baba:	000a                	c.slli	zero,0x2
    1c00babc:	0000                	unimp
    1c00babe:	0000                	unimp
    1c00bac0:	4255                	li	tp,21
    1c00bac2:	2049                	.insn	2, 0x2049
    1c00bac4:	7265                	lui	tp,0xffff9
    1c00bac6:	6f72                	ld	t5,280(sp)
    1c00bac8:	3a72                	fld	fs4,312(sp)
    1c00baca:	6220                	ld	s0,64(a2)
    1c00bacc:	6461                	lui	s0,0x18
    1c00bace:	7320                	ld	s0,96(a4)
    1c00bad0:	7075                	c.lui	zero,0xffffd
    1c00bad2:	7265                	lui	tp,0xffff9
    1c00bad4:	6220                	ld	s0,64(a2)
    1c00bad6:	6f6c                	ld	a1,216(a4)
    1c00bad8:	6d206b63          	bltu	zero,s2,0x1c00c1ae
    1c00badc:	6761                	lui	a4,0x18
    1c00bade:	6369                	lui	t1,0x1a
    1c00bae0:	203a                	fld	ft0,392(sp)
    1c00bae2:	7830                	ld	a2,112(s0)
    1c00bae4:	7825                	lui	a6,0xfffe9
    1c00bae6:	202c                	fld	fa1,64(s0)
    1c00bae8:	7865                	lui	a6,0xffff9
    1c00baea:	6570                	ld	a2,200(a0)
    1c00baec:	64657463          	bgeu	a0,t1,0x1c00c134
    1c00baf0:	203a                	fld	ft0,392(sp)
    1c00baf2:	7830                	ld	a2,112(s0)
    1c00baf4:	7825                	lui	a6,0xfffe9
    1c00baf6:	000a                	c.slli	zero,0x2
    1c00baf8:	4255                	li	tp,21
    1c00bafa:	2049                	.insn	2, 0x2049
    1c00bafc:	7265                	lui	tp,0xffff9
    1c00bafe:	6f72                	ld	t5,280(sp)
    1c00bb00:	3a72                	fld	fs4,312(sp)
    1c00bb02:	6220                	ld	s0,64(a2)
    1c00bb04:	6461                	lui	s0,0x18
    1c00bb06:	6620                	ld	s0,72(a2)
    1c00bb08:	7361                	lui	t1,0xffff8
    1c00bb0a:	6d74                	ld	a3,216(a0)
    1c00bb0c:	7061                	c.lui	zero,0xffff8
    1c00bb0e:	7620                	ld	s0,104(a2)
    1c00bb10:	7265                	lui	tp,0xffff9
    1c00bb12:	6e6f6973          	csrrsi	s2,0x6e6,30
    1c00bb16:	203a                	fld	ft0,392(sp)
    1c00bb18:	6925                	lui	s2,0x9
    1c00bb1a:	202c                	fld	fa1,64(s0)
    1c00bb1c:	7865                	lui	a6,0xffff9
    1c00bb1e:	6570                	ld	a2,200(a0)
    1c00bb20:	64657463          	bgeu	a0,t1,0x1c00c168
    1c00bb24:	203a                	fld	ft0,392(sp)
    1c00bb26:	6925                	lui	s2,0x9
    1c00bb28:	000a                	c.slli	zero,0x2
    1c00bb2a:	0000                	unimp
    1c00bb2c:	0000                	unimp
    1c00bb2e:	0000                	unimp
    1c00bb30:	4255                	li	tp,21
    1c00bb32:	2049                	.insn	2, 0x2049
    1c00bb34:	7265                	lui	tp,0xffff9
    1c00bb36:	6f72                	ld	t5,280(sp)
    1c00bb38:	3a72                	fld	fs4,312(sp)
    1c00bb3a:	6e20                	ld	s0,88(a2)
    1c00bb3c:	6d75                	lui	s10,0x1d
    1c00bb3e:	6562                	ld	a0,24(sp)
    1c00bb40:	2072                	fld	ft0,280(sp)
    1c00bb42:	6620666f          	jal	a2,0x1c0121a4
    1c00bb46:	7361                	lui	t1,0xffff8
    1c00bb48:	6d74                	ld	a3,216(a0)
    1c00bb4a:	7061                	c.lui	zero,0xffff8
    1c00bb4c:	6220                	ld	s0,64(a2)
    1c00bb4e:	6f6c                	ld	a1,216(a4)
    1c00bb50:	20736b63          	bltu	t1,t2,0x1c00bd66
    1c00bb54:	7369                	lui	t1,0xffffa
    1c00bb56:	6920                	ld	s0,80(a0)
    1c00bb58:	766e                	ld	a2,248(sp)
    1c00bb5a:	6c61                	lui	s8,0x18
    1c00bb5c:	6469                	lui	s0,0x1a
    1c00bb5e:	203a                	fld	ft0,392(sp)
    1c00bb60:	6925                	lui	s2,0x9
    1c00bb62:	000a                	c.slli	zero,0x2
    1c00bb64:	0000                	unimp
    1c00bb66:	0000                	unimp
    1c00bb68:	4255                	li	tp,21
    1c00bb6a:	2049                	.insn	2, 0x2049
    1c00bb6c:	7265                	lui	tp,0xffff9
    1c00bb6e:	6f72                	ld	t5,280(sp)
    1c00bb70:	3a72                	fld	fs4,312(sp)
    1c00bb72:	6220                	ld	s0,64(a2)
    1c00bb74:	6461                	lui	s0,0x18
    1c00bb76:	6620                	ld	s0,72(a2)
    1c00bb78:	7361                	lui	t1,0xffff8
    1c00bb7a:	6d74                	ld	a3,216(a0)
    1c00bb7c:	7061                	c.lui	zero,0xffff8
    1c00bb7e:	7320                	ld	s0,96(a4)
    1c00bb80:	7a69                	lui	s4,0xffffa
    1c00bb82:	3a65                	addiw	s4,s4,-7 # 0xffffffffffff9ff9
    1c00bb84:	2520                	fld	fs0,72(a0)
    1c00bb86:	697a                	ld	s2,408(sp)
    1c00bb88:	202c                	fld	fa1,64(s0)
    1c00bb8a:	7865                	lui	a6,0xffff9
    1c00bb8c:	6570                	ld	a2,200(a0)
    1c00bb8e:	64657463          	bgeu	a0,t1,0x1c00c1d6
    1c00bb92:	203a                	fld	ft0,392(sp)
    1c00bb94:	7a25                	lui	s4,0xfffe9
    1c00bb96:	0a69                	addi	s4,s4,26 # 0xfffffffffffe901a
	...
    1c00bba0:	4255                	li	tp,21
    1c00bba2:	2049                	.insn	2, 0x2049
    1c00bba4:	7265                	lui	tp,0xffff9
    1c00bba6:	6f72                	ld	t5,280(sp)
    1c00bba8:	3a72                	fld	fs4,312(sp)
    1c00bbaa:	7520                	ld	s0,104(a0)
    1c00bbac:	616e                	ld	sp,216(sp)
    1c00bbae:	6c62                	ld	s8,24(sp)
    1c00bbb0:	2065                	.insn	2, 0x2065
    1c00bbb2:	6f74                	ld	a3,216(a4)
    1c00bbb4:	7220                	ld	s0,96(a2)
    1c00bbb6:	6165                	addi	sp,sp,112
    1c00bbb8:	2064                	fld	fs1,192(s0)
    1c00bbba:	6166                	ld	sp,88(sp)
    1c00bbbc:	616d7473          	csrrci	s0,0x616,26
    1c00bbc0:	2070                	fld	fa2,192(s0)
    1c00bbc2:	6c62                	ld	s8,24(sp)
    1c00bbc4:	236b636f          	jal	t1,0x1c0c1dfa
    1c00bbc8:	2520                	fld	fs0,72(a0)
    1c00bbca:	2069                	.insn	2, 0x2069
    1c00bbcc:	5028                	lw	a0,96(s0)
    1c00bbce:	4245                	li	tp,17
    1c00bbd0:	203a                	fld	ft0,392(sp)
    1c00bbd2:	6925                	lui	s2,0x9
    1c00bbd4:	0a29                	addi	s4,s4,10
    1c00bbd6:	0000                	unimp
    1c00bbd8:	4255                	li	tp,21
    1c00bbda:	2049                	.insn	2, 0x2049
    1c00bbdc:	7265                	lui	tp,0xffff9
    1c00bbde:	6f72                	ld	t5,280(sp)
    1c00bbe0:	3a72                	fld	fs4,312(sp)
    1c00bbe2:	6220                	ld	s0,64(a2)
    1c00bbe4:	6461                	lui	s0,0x18
    1c00bbe6:	6620                	ld	s0,72(a2)
    1c00bbe8:	7361                	lui	t1,0xffff8
    1c00bbea:	6d74                	ld	a3,216(a0)
    1c00bbec:	7061                	c.lui	zero,0xffff8
    1c00bbee:	6120                	ld	s0,64(a0)
    1c00bbf0:	636e                	ld	t1,216(sp)
    1c00bbf2:	6f68                	ld	a0,216(a4)
    1c00bbf4:	2072                	fld	ft0,280(sp)
    1c00bbf6:	6f76                	ld	t5,344(sp)
    1c00bbf8:	5f6c                	lw	a1,124(a4)
    1c00bbfa:	6469                	lui	s0,0x1a
    1c00bbfc:	203a                	fld	ft0,392(sp)
    1c00bbfe:	7830                	ld	a2,112(s0)
    1c00bc00:	7825                	lui	a6,0xfffe9
    1c00bc02:	202c                	fld	fa1,64(s0)
    1c00bc04:	7865                	lui	a6,0xffff9
    1c00bc06:	6570                	ld	a2,200(a0)
    1c00bc08:	64657463          	bgeu	a0,t1,0x1c00c250
    1c00bc0c:	203a                	fld	ft0,392(sp)
    1c00bc0e:	7830                	ld	a2,112(s0)
    1c00bc10:	7825                	lui	a6,0xfffe9
    1c00bc12:	000a                	c.slli	zero,0x2
    1c00bc14:	0000                	unimp
    1c00bc16:	0000                	unimp
    1c00bc18:	4255                	li	tp,21
    1c00bc1a:	2049                	.insn	2, 0x2049
    1c00bc1c:	7265                	lui	tp,0xffff9
    1c00bc1e:	6f72                	ld	t5,280(sp)
    1c00bc20:	3a72                	fld	fs4,312(sp)
    1c00bc22:	6220                	ld	s0,64(a2)
    1c00bc24:	6461                	lui	s0,0x18
    1c00bc26:	6620                	ld	s0,72(a2)
    1c00bc28:	7361                	lui	t1,0xffff8
    1c00bc2a:	6d74                	ld	a3,216(a0)
    1c00bc2c:	7061                	c.lui	zero,0xffff8
    1c00bc2e:	6420                	ld	s0,72(s0)
    1c00bc30:	7461                	lui	s0,0xffff8
    1c00bc32:	2061                	.insn	2, 0x2061
    1c00bc34:	6f76                	ld	t5,344(sp)
    1c00bc36:	5f6c                	lw	a1,124(a4)
    1c00bc38:	6469                	lui	s0,0x1a
    1c00bc3a:	203a                	fld	ft0,392(sp)
    1c00bc3c:	7830                	ld	a2,112(s0)
    1c00bc3e:	7825                	lui	a6,0xfffe9
    1c00bc40:	202c                	fld	fa1,64(s0)
    1c00bc42:	7865                	lui	a6,0xffff9
    1c00bc44:	6570                	ld	a2,200(a0)
    1c00bc46:	64657463          	bgeu	a0,t1,0x1c00c28e
    1c00bc4a:	203a                	fld	ft0,392(sp)
    1c00bc4c:	7830                	ld	a2,112(s0)
    1c00bc4e:	7825                	lui	a6,0xfffe9
    1c00bc50:	000a                	c.slli	zero,0x2
    1c00bc52:	0000                	unimp
    1c00bc54:	0000                	unimp
    1c00bc56:	0000                	unimp
    1c00bc58:	4255                	li	tp,21
    1c00bc5a:	2049                	.insn	2, 0x2049
    1c00bc5c:	7265                	lui	tp,0xffff9
    1c00bc5e:	6f72                	ld	t5,280(sp)
    1c00bc60:	3a72                	fld	fs4,312(sp)
    1c00bc62:	7520                	ld	s0,104(a0)
    1c00bc64:	616e                	ld	sp,216(sp)
    1c00bc66:	6c62                	ld	s8,24(sp)
    1c00bc68:	2065                	.insn	2, 0x2065
    1c00bc6a:	6f74                	ld	a3,216(a4)
    1c00bc6c:	7220                	ld	s0,96(a2)
    1c00bc6e:	6165                	addi	sp,sp,112
    1c00bc70:	2064                	fld	fs1,192(s0)
    1c00bc72:	6166                	ld	sp,88(sp)
    1c00bc74:	616d7473          	csrrci	s0,0x616,26
    1c00bc78:	2070                	fld	fa2,192(s0)
    1c00bc7a:	6c62                	ld	s8,24(sp)
    1c00bc7c:	236b636f          	jal	t1,0x1c0c1eb2
    1c00bc80:	2520                	fld	fs0,72(a0)
    1c00bc82:	2069                	.insn	2, 0x2069
    1c00bc84:	5028                	lw	a0,96(s0)
    1c00bc86:	4245                	li	tp,17
    1c00bc88:	203a                	fld	ft0,392(sp)
    1c00bc8a:	6925                	lui	s2,0x9
    1c00bc8c:	202c                	fld	fa1,64(s0)
    1c00bc8e:	7265                	lui	tp,0xffff9
    1c00bc90:	3a72                	fld	fs4,312(sp)
    1c00bc92:	2520                	fld	fs0,72(a0)
    1c00bc94:	2969                	addiw	s2,s2,26 # 0x901a
    1c00bc96:	000a                	c.slli	zero,0x2
    1c00bc98:	4255                	li	tp,21
    1c00bc9a:	2049                	.insn	2, 0x2049
    1c00bc9c:	7265                	lui	tp,0xffff9
    1c00bc9e:	6f72                	ld	t5,280(sp)
    1c00bca0:	3a72                	fld	fs4,312(sp)
    1c00bca2:	6620                	ld	s0,72(a2)
    1c00bca4:	7361                	lui	t1,0xffff8
    1c00bca6:	6d74                	ld	a3,216(a0)
    1c00bca8:	7061                	c.lui	zero,0xffff8
    1c00bcaa:	6420                	ld	s0,72(s0)
    1c00bcac:	7461                	lui	s0,0xffff8
    1c00bcae:	2061                	.insn	2, 0x2061
    1c00bcb0:	20435243          	fmadd.s	ft4,ft6,ft4,ft4,unknown
    1c00bcb4:	7369                	lui	t1,0xffffa
    1c00bcb6:	6920                	ld	s0,80(a0)
    1c00bcb8:	766e                	ld	a2,248(sp)
    1c00bcba:	6c61                	lui	s8,0x18
    1c00bcbc:	6469                	lui	s0,0x1a
    1c00bcbe:	0000                	unimp
    1c00bcc0:	4255                	li	tp,21
    1c00bcc2:	2049                	.insn	2, 0x2049
    1c00bcc4:	7265                	lui	tp,0xffff9
    1c00bcc6:	6f72                	ld	t5,280(sp)
    1c00bcc8:	3a72                	fld	fs4,312(sp)
    1c00bcca:	4320                	lw	s0,64(a4)
    1c00bccc:	4352                	lw	t1,20(sp)
    1c00bcce:	7320                	ld	s0,96(a4)
    1c00bcd0:	6f68                	ld	a0,216(a4)
    1c00bcd2:	6c75                	lui	s8,0x1d
    1c00bcd4:	2064                	fld	fs1,192(s0)
    1c00bcd6:	6562                	ld	a0,24(sp)
    1c00bcd8:	203a                	fld	ft0,392(sp)
    1c00bcda:	7830                	ld	a2,112(s0)
    1c00bcdc:	7825                	lui	a6,0xfffe9
    1c00bcde:	202c                	fld	fa1,64(s0)
    1c00bce0:	636c6163          	bltu	s8,s6,0x1c00c302
    1c00bce4:	203a                	fld	ft0,392(sp)
    1c00bce6:	7830                	ld	a2,112(s0)
    1c00bce8:	7825                	lui	a6,0xfffe9
    1c00bcea:	000a                	c.slli	zero,0x2
    1c00bcec:	0000                	unimp
    1c00bcee:	0000                	unimp
    1c00bcf0:	4255                	li	tp,21
    1c00bcf2:	2049                	.insn	2, 0x2049
    1c00bcf4:	7265                	lui	tp,0xffff9
    1c00bcf6:	6f72                	ld	t5,280(sp)
    1c00bcf8:	3a72                	fld	fs4,312(sp)
    1c00bcfa:	6220                	ld	s0,64(a2)
    1c00bcfc:	6461                	lui	s0,0x18
    1c00bcfe:	6620                	ld	s0,72(a2)
    1c00bd00:	7361                	lui	t1,0xffff8
    1c00bd02:	6d74                	ld	a3,216(a0)
    1c00bd04:	7061                	c.lui	zero,0xffff8
    1c00bd06:	6820                	ld	s0,80(s0)
    1c00bd08:	6165                	addi	sp,sp,112
    1c00bd0a:	6564                	ld	s1,200(a0)
    1c00bd0c:	2072                	fld	ft0,280(sp)
    1c00bd0e:	616d                	addi	sp,sp,240
    1c00bd10:	3a636967          	.insn	4, 0x3a636967
    1c00bd14:	3020                	fld	fs0,96(s0)
    1c00bd16:	2578                	fld	fa4,200(a0)
    1c00bd18:	2c78                	fld	fa4,216(s0)
    1c00bd1a:	6520                	ld	s0,72(a0)
    1c00bd1c:	7078                	ld	a4,224(s0)
    1c00bd1e:	6365                	lui	t1,0x19
    1c00bd20:	6574                	ld	a3,200(a0)
    1c00bd22:	3a64                	fld	fs1,240(a2)
    1c00bd24:	3020                	fld	fs0,96(s0)
    1c00bd26:	2578                	fld	fa4,200(a0)
    1c00bd28:	0a78                	addi	a4,sp,284
    1c00bd2a:	0000                	unimp
    1c00bd2c:	0000                	unimp
    1c00bd2e:	0000                	unimp
    1c00bd30:	4255                	li	tp,21
    1c00bd32:	2049                	.insn	2, 0x2049
    1c00bd34:	7265                	lui	tp,0xffff9
    1c00bd36:	6f72                	ld	t5,280(sp)
    1c00bd38:	3a72                	fld	fs4,312(sp)
    1c00bd3a:	6220                	ld	s0,64(a2)
    1c00bd3c:	6461                	lui	s0,0x18
    1c00bd3e:	6620                	ld	s0,72(a2)
    1c00bd40:	7361                	lui	t1,0xffff8
    1c00bd42:	6d74                	ld	a3,216(a0)
    1c00bd44:	7061                	c.lui	zero,0xffff8
    1c00bd46:	7020                	ld	s0,96(s0)
    1c00bd48:	206c6f6f          	jal	t5,0x1c0d1f4e
    1c00bd4c:	616d                	addi	sp,sp,240
    1c00bd4e:	3a636967          	.insn	4, 0x3a636967
    1c00bd52:	3020                	fld	fs0,96(s0)
    1c00bd54:	2578                	fld	fa4,200(a0)
    1c00bd56:	2c78                	fld	fa4,216(s0)
    1c00bd58:	6520                	ld	s0,72(a0)
    1c00bd5a:	7078                	ld	a4,224(s0)
    1c00bd5c:	6365                	lui	t1,0x19
    1c00bd5e:	6574                	ld	a3,200(a0)
    1c00bd60:	3a64                	fld	fs1,240(a2)
    1c00bd62:	3020                	fld	fs0,96(s0)
    1c00bd64:	2578                	fld	fa4,200(a0)
    1c00bd66:	0a78                	addi	a4,sp,284
	...
    1c00bd70:	4255                	li	tp,21
    1c00bd72:	2049                	.insn	2, 0x2049
    1c00bd74:	7265                	lui	tp,0xffff9
    1c00bd76:	6f72                	ld	t5,280(sp)
    1c00bd78:	3a72                	fld	fs4,312(sp)
    1c00bd7a:	6220                	ld	s0,64(a2)
    1c00bd7c:	6461                	lui	s0,0x18
    1c00bd7e:	7020                	ld	s0,96(s0)
    1c00bd80:	206c6f6f          	jal	t5,0x1c0d1f86
    1c00bd84:	657a6973          	csrrsi	s2,hviprio2h,20
    1c00bd88:	203a                	fld	ft0,392(sp)
    1c00bd8a:	6925                	lui	s2,0x9
    1c00bd8c:	000a                	c.slli	zero,0x2
    1c00bd8e:	0000                	unimp
    1c00bd90:	4255                	li	tp,21
    1c00bd92:	2049                	.insn	2, 0x2049
    1c00bd94:	7265                	lui	tp,0xffff9
    1c00bd96:	6f72                	ld	t5,280(sp)
    1c00bd98:	3a72                	fld	fs4,312(sp)
    1c00bd9a:	6220                	ld	s0,64(a2)
    1c00bd9c:	6461                	lui	s0,0x18
    1c00bd9e:	5720                	lw	s0,104(a4)
    1c00bda0:	204c                	fld	fa1,128(s0)
    1c00bda2:	6f70                	ld	a2,216(a4)
    1c00bda4:	73206c6f          	jal	s8,0x1c0124d6
    1c00bda8:	7a69                	lui	s4,0xffffa
    1c00bdaa:	3a65                	addiw	s4,s4,-7 # 0xffffffffffff9ff9
    1c00bdac:	2520                	fld	fs0,72(a0)
    1c00bdae:	0a69                	addi	s4,s4,26
	...
    1c00bdb8:	4255                	li	tp,21
    1c00bdba:	2049                	.insn	2, 0x2049
    1c00bdbc:	7265                	lui	tp,0xffff9
    1c00bdbe:	6f72                	ld	t5,280(sp)
    1c00bdc0:	3a72                	fld	fs4,312(sp)
    1c00bdc2:	6220                	ld	s0,64(a2)
    1c00bdc4:	6461                	lui	s0,0x18
    1c00bdc6:	6d20                	ld	s0,88(a0)
    1c00bdc8:	7861                	lui	a6,0xffff8
    1c00bdca:	6d69                	lui	s10,0x1a
    1c00bdcc:	6c61                	lui	s8,0x18
    1c00bdce:	7020                	ld	s0,96(s0)
    1c00bdd0:	206c6f6f          	jal	t5,0x1c0d1fd6
    1c00bdd4:	657a6973          	csrrsi	s2,hviprio2h,20
    1c00bdd8:	203a                	fld	ft0,392(sp)
    1c00bdda:	6925                	lui	s2,0x9
    1c00bddc:	000a                	c.slli	zero,0x2
    1c00bdde:	0000                	unimp
    1c00bde0:	4255                	li	tp,21
    1c00bde2:	2049                	.insn	2, 0x2049
    1c00bde4:	7265                	lui	tp,0xffff9
    1c00bde6:	6f72                	ld	t5,280(sp)
    1c00bde8:	3a72                	fld	fs4,312(sp)
    1c00bdea:	6220                	ld	s0,64(a2)
    1c00bdec:	6461                	lui	s0,0x18
    1c00bdee:	6d20                	ld	s0,88(a0)
    1c00bdf0:	7861                	lui	a6,0xffff8
    1c00bdf2:	6d69                	lui	s10,0x1a
    1c00bdf4:	6c61                	lui	s8,0x18
    1c00bdf6:	5720                	lw	s0,104(a4)
    1c00bdf8:	204c                	fld	fa1,128(s0)
    1c00bdfa:	6f70                	ld	a2,216(a4)
    1c00bdfc:	73206c6f          	jal	s8,0x1c01252e
    1c00be00:	7a69                	lui	s4,0xffffa
    1c00be02:	3a65                	addiw	s4,s4,-7 # 0xffffffffffff9ff9
    1c00be04:	2520                	fld	fs0,72(a0)
    1c00be06:	0a69                	addi	s4,s4,26
	...
    1c00be10:	4255                	li	tp,21
    1c00be12:	2049                	.insn	2, 0x2049
    1c00be14:	7265                	lui	tp,0xffff9
    1c00be16:	6f72                	ld	t5,280(sp)
    1c00be18:	3a72                	fld	fs4,312(sp)
    1c00be1a:	6220                	ld	s0,64(a2)
    1c00be1c:	6461                	lui	s0,0x18
    1c00be1e:	6620                	ld	s0,72(a2)
    1c00be20:	7361                	lui	t1,0xffff8
    1c00be22:	6d74                	ld	a3,216(a0)
    1c00be24:	7061                	c.lui	zero,0xffff8
    1c00be26:	7620                	ld	s0,104(a2)
    1c00be28:	68206c6f          	jal	s8,0x1c0124aa
    1c00be2c:	6165                	addi	sp,sp,112
    1c00be2e:	6564                	ld	s1,200(a0)
    1c00be30:	2072                	fld	ft0,280(sp)
    1c00be32:	616d                	addi	sp,sp,240
    1c00be34:	3a636967          	.insn	4, 0x3a636967
    1c00be38:	3020                	fld	fs0,96(s0)
    1c00be3a:	2578                	fld	fa4,200(a0)
    1c00be3c:	2c78                	fld	fa4,216(s0)
    1c00be3e:	6520                	ld	s0,72(a0)
    1c00be40:	7078                	ld	a4,224(s0)
    1c00be42:	6365                	lui	t1,0x19
    1c00be44:	6574                	ld	a3,200(a0)
    1c00be46:	3a64                	fld	fs1,240(a2)
    1c00be48:	3020                	fld	fs0,96(s0)
    1c00be4a:	2578                	fld	fa4,200(a0)
    1c00be4c:	0a78                	addi	a4,sp,284
    1c00be4e:	0000                	unimp
    1c00be50:	4255                	li	tp,21
    1c00be52:	2049                	.insn	2, 0x2049
    1c00be54:	7265                	lui	tp,0xffff9
    1c00be56:	6f72                	ld	t5,280(sp)
    1c00be58:	3a72                	fld	fs4,312(sp)
    1c00be5a:	6220                	ld	s0,64(a2)
    1c00be5c:	6461                	lui	s0,0x18
    1c00be5e:	6620                	ld	s0,72(a2)
    1c00be60:	7361                	lui	t1,0xffff8
    1c00be62:	6d74                	ld	a3,216(a0)
    1c00be64:	7061                	c.lui	zero,0xffff8
    1c00be66:	4520                	lw	s0,72(a0)
    1c00be68:	4142                	lw	sp,16(sp)
    1c00be6a:	6820                	ld	s0,80(s0)
    1c00be6c:	6165                	addi	sp,sp,112
    1c00be6e:	6564                	ld	s1,200(a0)
    1c00be70:	2072                	fld	ft0,280(sp)
    1c00be72:	616d                	addi	sp,sp,240
    1c00be74:	3a636967          	.insn	4, 0x3a636967
    1c00be78:	3020                	fld	fs0,96(s0)
    1c00be7a:	2578                	fld	fa4,200(a0)
    1c00be7c:	2c78                	fld	fa4,216(s0)
    1c00be7e:	6520                	ld	s0,72(a0)
    1c00be80:	7078                	ld	a4,224(s0)
    1c00be82:	6365                	lui	t1,0x19
    1c00be84:	6574                	ld	a3,200(a0)
    1c00be86:	3a64                	fld	fs1,240(a2)
    1c00be88:	3020                	fld	fs0,96(s0)
    1c00be8a:	2578                	fld	fa4,200(a0)
    1c00be8c:	0a78                	addi	a4,sp,284
    1c00be8e:	0000                	unimp
    1c00be90:	4255                	li	tp,21
    1c00be92:	3a49                	addiw	s4,s4,-14
    1c00be94:	6120                	ld	s0,64(a0)
    1c00be96:	7474                	ld	a3,232(s0)
    1c00be98:	6361                	lui	t1,0x18
    1c00be9a:	6568                	ld	a0,200(a0)
    1c00be9c:	2064                	fld	fs1,192(s0)
    1c00be9e:	7962                	ld	s2,56(sp)
    1c00bea0:	6620                	ld	s0,72(a2)
    1c00bea2:	7361                	lui	t1,0xffff8
    1c00bea4:	6d74                	ld	a3,216(a0)
    1c00bea6:	7061                	c.lui	zero,0xffff8
    1c00bea8:	2520                	fld	fs0,72(a0)
    1c00beaa:	4d75                	li	s10,29
    1c00beac:	2042                	fld	ft0,16(sp)
    1c00beae:	7525                	lui	a0,0xfffe9
    1c00beb0:	6220                	ld	s0,64(a2)
    1c00beb2:	6f6c                	ld	a1,216(a4)
    1c00beb4:	0a736b63          	bltu	t1,t2,0x1c00bf6a
	...
    1c00bec0:	4255                	li	tp,21
    1c00bec2:	2049                	.insn	2, 0x2049
    1c00bec4:	7265                	lui	tp,0xffff9
    1c00bec6:	6f72                	ld	t5,280(sp)
    1c00bec8:	3a72                	fld	fs4,312(sp)
    1c00beca:	4120                	lw	s0,64(a0)
    1c00becc:	7474                	ld	a3,232(s0)
    1c00bece:	6361                	lui	t1,0x18
    1c00bed0:	2068                	fld	fa0,192(s0)
    1c00bed2:	7962                	ld	s2,56(sp)
    1c00bed4:	6620                	ld	s0,72(a2)
    1c00bed6:	7361                	lui	t1,0xffff8
    1c00bed8:	6d74                	ld	a3,216(a0)
    1c00beda:	7061                	c.lui	zero,0xffff8
    1c00bedc:	6620                	ld	s0,72(a2)
    1c00bede:	6961                	lui	s2,0x18
    1c00bee0:	656c                	ld	a1,200(a0)
    1c00bee2:	2c64                	fld	fs1,216(s0)
    1c00bee4:	6420                	ld	s0,72(s0)
    1c00bee6:	676e696f          	jal	s2,0x1c0f255c
    1c00beea:	6120                	ld	s0,64(a0)
    1c00beec:	6620                	ld	s0,72(a2)
    1c00beee:	6c75                	lui	s8,0x1d
    1c00bef0:	206c                	fld	fa1,192(s0)
    1c00bef2:	6e616373          	csrrsi	t1,0x6e6,2
    1c00bef6:	0021                	c.nop	8
    1c00bef8:	4255                	li	tp,21
    1c00befa:	3a49                	addiw	s4,s4,-14
    1c00befc:	4c20                	lw	s0,88(s0)
    1c00befe:	6964616f          	jal	sp,0x1c052594
    1c00bf02:	676e                	ld	a4,216(sp)
    1c00bf04:	5620                	lw	s0,104(a2)
    1c00bf06:	64496c6f          	jal	s8,0x1c0a254a
    1c00bf0a:	2320                	fld	fs0,64(a4)
    1c00bf0c:	6425                	lui	s0,0x9
    1c00bf0e:	000a                	c.slli	zero,0x2
    1c00bf10:	4255                	li	tp,21
    1c00bf12:	2049                	.insn	2, 0x2049
    1c00bf14:	6e726177          	.insn	4, 0x6e726177
    1c00bf18:	6e69                	lui	t3,0x1a
    1c00bf1a:	4c203a67          	.insn	4, 0x4c203a67
    1c00bf1e:	4245                	li	tp,17
    1c00bf20:	2520                	fld	fs0,72(a0)
    1c00bf22:	2064                	fld	fs1,192(s0)
    1c00bf24:	2520666f          	jal	a2,0x1c012176
    1c00bf28:	2064                	fld	fs1,192(s0)
    1c00bf2a:	7369                	lui	t1,0xffffa
    1c00bf2c:	6d20                	ld	s0,88(a0)
    1c00bf2e:	7369                	lui	t1,0xffffa
    1c00bf30:	676e6973          	csrrsi	s2,0x676,28
    1c00bf34:	000a                	c.slli	zero,0x2
    1c00bf36:	0000                	unimp
    1c00bf38:	4255                	li	tp,21
    1c00bf3a:	2049                	.insn	2, 0x2049
    1c00bf3c:	6e726177          	.insn	4, 0x6e726177
    1c00bf40:	6e69                	lui	t3,0x1a
    1c00bf42:	43203a67          	.insn	4, 0x43203a67
    1c00bf46:	7572726f          	jal	tp,0x1c033e9c
    1c00bf4a:	7470                	ld	a2,232(s0)
    1c00bf4c:	6465                	lui	s0,0x19
    1c00bf4e:	6d20                	ld	s0,88(a0)
    1c00bf50:	7061                	c.lui	zero,0xffff8
    1c00bf52:	6970                	ld	a2,208(a0)
    1c00bf54:	676e                	ld	a4,216(sp)
    1c00bf56:	6220                	ld	s0,64(a2)
    1c00bf58:	6f6c                	ld	a1,216(a4)
    1c00bf5a:	25206b63          	bltu	zero,s2,0x1c00c1b0
    1c00bf5e:	2064                	fld	fs1,192(s0)
    1c00bf60:	4250                	lw	a2,4(a2)
    1c00bf62:	2520                	fld	fs0,72(a0)
    1c00bf64:	0a64                	addi	s1,sp,284
    1c00bf66:	000a                	c.slli	zero,0x2
    1c00bf68:	4255                	li	tp,21
    1c00bf6a:	2049                	.insn	2, 0x2049
    1c00bf6c:	6e726177          	.insn	4, 0x6e726177
    1c00bf70:	6e69                	lui	t3,0x1a
    1c00bf72:	56203a67          	.insn	4, 0x56203a67
    1c00bf76:	203a6c6f          	jal	s8,0x1c0b2978
    1c00bf7a:	7525                	lui	a0,0xfffe9
    1c00bf7c:	4c20                	lw	s0,88(s0)
    1c00bf7e:	4245                	li	tp,17
    1c00bf80:	2520                	fld	fs0,72(a0)
    1c00bf82:	2075                	.insn	2, 0x2075
    1c00bf84:	4550                	lw	a2,12(a0)
    1c00bf86:	2042                	fld	ft0,16(sp)
    1c00bf88:	7525                	lui	a0,0xfffe9
    1c00bf8a:	6e20                	ld	s0,88(a2)
    1c00bf8c:	7920746f          	jal	s0,0x1c01371e
    1c00bf90:	7465                	lui	s0,0xffff9
    1c00bf92:	7320                	ld	s0,96(a4)
    1c00bf94:	6e6e6163          	bltu	t3,t1,0x1c00c676
    1c00bf98:	6465                	lui	s0,0x19
    1c00bf9a:	000a                	c.slli	zero,0x2
    1c00bf9c:	0000                	unimp
    1c00bf9e:	0000                	unimp
    1c00bfa0:	4255                	li	tp,21
    1c00bfa2:	2049                	.insn	2, 0x2049
    1c00bfa4:	6e726177          	.insn	4, 0x6e726177
    1c00bfa8:	6e69                	lui	t3,0x1a
    1c00bfaa:	56203a67          	.insn	4, 0x56203a67
    1c00bfae:	203a6c6f          	jal	s8,0x1c0b29b0
    1c00bfb2:	7525                	lui	a0,0xfffe9
    1c00bfb4:	4c20                	lw	s0,88(s0)
    1c00bfb6:	4245                	li	tp,17
    1c00bfb8:	2520                	fld	fs0,72(a0)
    1c00bfba:	2075                	.insn	2, 0x2075
    1c00bfbc:	4550                	lw	a2,12(a0)
    1c00bfbe:	2042                	fld	ft0,16(sp)
    1c00bfc0:	7525                	lui	a0,0xfffe9
    1c00bfc2:	6420                	ld	s0,72(s0)
    1c00bfc4:	7461                	lui	s0,0xffff8
    1c00bfc6:	2061                	.insn	2, 0x2061
    1c00bfc8:	20435243          	fmadd.s	ft4,ft6,ft4,ft4,unknown
    1c00bfcc:	6166                	ld	sp,88(sp)
    1c00bfce:	6c69                	lui	s8,0x1a
    1c00bfd0:	7275                	lui	tp,0xffffd
    1c00bfd2:	0a65                	addi	s4,s4,25
    1c00bfd4:	0000                	unimp
    1c00bfd6:	0000                	unimp
    1c00bfd8:	4255                	li	tp,21
    1c00bfda:	2049                	.insn	2, 0x2049
    1c00bfdc:	6e726177          	.insn	4, 0x6e726177
    1c00bfe0:	6e69                	lui	t3,0x1a
    1c00bfe2:	46203a67          	.insn	4, 0x46203a67
    1c00bfe6:	6961                	lui	s2,0x18
    1c00bfe8:	656c                	ld	a1,200(a0)
    1c00bfea:	2064                	fld	fs1,192(s0)
    1c00bfec:	6f74                	ld	a3,216(a4)
    1c00bfee:	6c20                	ld	s0,88(s0)
    1c00bff0:	2064616f          	jal	sp,0x1c0521f6
    1c00bff4:	6f76                	ld	t5,344(sp)
    1c00bff6:	756c                	ld	a1,232(a0)
    1c00bff8:	656d                	lui	a0,0x1b
    1c00bffa:	2520                	fld	fs0,72(a0)
    1c00bffc:	0a75                	addi	s4,s4,29
    1c00bffe:	0000                	unimp
    1c00c000:	4255                	li	tp,21
    1c00c002:	2049                	.insn	2, 0x2049
    1c00c004:	6e726177          	.insn	4, 0x6e726177
    1c00c008:	6e69                	lui	t3,0x1a
    1c00c00a:	46203a67          	.insn	4, 0x46203a67
    1c00c00e:	6961                	lui	s2,0x18
    1c00c010:	656c                	ld	a1,200(a0)
    1c00c012:	0064                	addi	s1,sp,12
    1c00c014:	736c                	ld	a1,224(a4)
    1c00c016:	1c00                	addi	s0,sp,560
    1c00c018:	7380                	ld	s0,32(a5)
    1c00c01a:	1c00                	addi	s0,sp,560
    1c00c01c:	73ae                	ld	t2,232(sp)
    1c00c01e:	1c00                	addi	s0,sp,560
    1c00c020:	7380                	ld	s0,32(a5)
    1c00c022:	1c00                	addi	s0,sp,560
    1c00c024:	731c                	ld	a5,32(a4)
    1c00c026:	1c00                	addi	s0,sp,560
    1c00c028:	731c                	ld	a5,32(a4)
    1c00c02a:	1c00                	addi	s0,sp,560
    1c00c02c:	731c                	ld	a5,32(a4)
    1c00c02e:	1c00                	addi	s0,sp,560
    1c00c030:	731c                	ld	a5,32(a4)
    1c00c032:	1c00                	addi	s0,sp,560
    1c00c034:	7380                	ld	s0,32(a5)
    1c00c036:	1c00                	addi	s0,sp,560
    1c00c038:	64646123          	.insn	4, 0x64646123
    1c00c03c:	6572                	ld	a0,280(sp)
    1c00c03e:	632d7373          	csrrci	t1,0x632,26
    1c00c042:	6c65                	lui	s8,0x19
    1c00c044:	736c                	ld	a1,224(a4)
    1c00c046:	0000                	unimp
    1c00c048:	7a697323          	.insn	4, 0x7a697323
    1c00c04c:	2d65                	addiw	s10,s10,25 # 0x1a019
    1c00c04e:	6c6c6563          	bltu	s8,t1,0x1c00c718
    1c00c052:	00000073          	ecall
    1c00c056:	0000                	unimp
    1c00c058:	696c612f          	.insn	4, 0x696c612f
    1c00c05c:	7361                	lui	t1,0xffff8
    1c00c05e:	7365                	lui	t1,0xffff9
	...
    1c00c068:	753c                	ld	a5,104(a0)
    1c00c06a:	6b6e                	ld	s6,216(sp)
    1c00c06c:	6f6e                	ld	t5,216(sp)
    1c00c06e:	65206e77          	.insn	4, 0x65206e77
    1c00c072:	7272                	ld	tp,312(sp)
    1c00c074:	003e726f          	jal	tp,0x1c0f3876
    1c00c078:	6e3c                	ld	a5,88(a2)
    1c00c07a:	7265206f          	j	0x1c05e7a0
    1c00c07e:	6f72                	ld	t5,280(sp)
    1c00c080:	3e72                	fld	ft8,312(sp)
    1c00c082:	0000                	unimp
    1c00c084:	0000                	unimp
    1c00c086:	0000                	unimp
    1c00c088:	763c                	ld	a5,104(a2)
    1c00c08a:	6c61                	lui	s8,0x18
    1c00c08c:	6469                	lui	s0,0x1a
    1c00c08e:	6f20                	ld	s0,88(a4)
    1c00c090:	6666                	ld	a2,88(sp)
    1c00c092:	2f746573          	csrrsi	a0,0x2f7,8
    1c00c096:	656c                	ld	a1,200(a0)
    1c00c098:	676e                	ld	a4,216(sp)
    1c00c09a:	6874                	ld	a3,208(s0)
    1c00c09c:	003e                	c.slli	zero,0xf
    1c00c09e:	0000                	unimp
    1c00c0a0:	4446                	lw	s0,80(sp)
    1c00c0a2:	5f54                	lw	a3,60(a4)
    1c00c0a4:	5245                	li	tp,-15
    1c00c0a6:	5f52                	lw	t5,52(sp)
    1c00c0a8:	4f4e                	lw	t5,208(sp)
    1c00c0aa:	4654                	lw	a3,12(a2)
    1c00c0ac:	444e554f          	.insn	4, 0x444e554f
	...
    1c00c0b8:	4446                	lw	s0,80(sp)
    1c00c0ba:	5f54                	lw	a3,60(a4)
    1c00c0bc:	5245                	li	tp,-15
    1c00c0be:	5f52                	lw	t5,52(sp)
    1c00c0c0:	5845                	li	a6,-15
    1c00c0c2:	5349                	li	t1,-14
    1c00c0c4:	5354                	lw	a3,36(a4)
    1c00c0c6:	0000                	unimp
    1c00c0c8:	4446                	lw	s0,80(sp)
    1c00c0ca:	5f54                	lw	a3,60(a4)
    1c00c0cc:	5245                	li	tp,-15
    1c00c0ce:	5f52                	lw	t5,52(sp)
    1c00c0d0:	4f4e                	lw	t5,208(sp)
    1c00c0d2:	43415053          	.insn	4, 0x43415053
    1c00c0d6:	0045                	c.nop	17
    1c00c0d8:	4446                	lw	s0,80(sp)
    1c00c0da:	5f54                	lw	a3,60(a4)
    1c00c0dc:	5245                	li	tp,-15
    1c00c0de:	5f52                	lw	t5,52(sp)
    1c00c0e0:	4142                	lw	sp,16(sp)
    1c00c0e2:	4f44                	lw	s1,28(a4)
    1c00c0e4:	4646                	lw	a2,80(sp)
    1c00c0e6:	00544553          	fadd.s	fa0,fs0,ft5,rmm
    1c00c0ea:	0000                	unimp
    1c00c0ec:	0000                	unimp
    1c00c0ee:	0000                	unimp
    1c00c0f0:	4446                	lw	s0,80(sp)
    1c00c0f2:	5f54                	lw	a3,60(a4)
    1c00c0f4:	5245                	li	tp,-15
    1c00c0f6:	5f52                	lw	t5,52(sp)
    1c00c0f8:	4142                	lw	sp,16(sp)
    1c00c0fa:	5044                	lw	s1,36(s0)
    1c00c0fc:	5441                	li	s0,-16
    1c00c0fe:	0048                	addi	a0,sp,4
    1c00c100:	4446                	lw	s0,80(sp)
    1c00c102:	5f54                	lw	a3,60(a4)
    1c00c104:	5245                	li	tp,-15
    1c00c106:	5f52                	lw	t5,52(sp)
    1c00c108:	4142                	lw	sp,16(sp)
    1c00c10a:	5044                	lw	s1,36(s0)
    1c00c10c:	4148                	lw	a0,4(a0)
    1c00c10e:	444e                	lw	s0,208(sp)
    1c00c110:	454c                	lw	a1,12(a0)
    1c00c112:	0000                	unimp
    1c00c114:	0000                	unimp
    1c00c116:	0000                	unimp
    1c00c118:	4446                	lw	s0,80(sp)
    1c00c11a:	5f54                	lw	a3,60(a4)
    1c00c11c:	5245                	li	tp,-15
    1c00c11e:	5f52                	lw	t5,52(sp)
    1c00c120:	4142                	lw	sp,16(sp)
    1c00c122:	5344                	lw	s1,36(a4)
    1c00c124:	4154                	lw	a3,4(a0)
    1c00c126:	4554                	lw	a3,12(a0)
	...
    1c00c130:	4446                	lw	s0,80(sp)
    1c00c132:	5f54                	lw	a3,60(a4)
    1c00c134:	5245                	li	tp,-15
    1c00c136:	5f52                	lw	t5,52(sp)
    1c00c138:	5254                	lw	a3,36(a2)
    1c00c13a:	4e55                	li	t3,21
    1c00c13c:	45544143          	.insn	4, 0x45544143
    1c00c140:	0044                	addi	s1,sp,4
    1c00c142:	0000                	unimp
    1c00c144:	0000                	unimp
    1c00c146:	0000                	unimp
    1c00c148:	4446                	lw	s0,80(sp)
    1c00c14a:	5f54                	lw	a3,60(a4)
    1c00c14c:	5245                	li	tp,-15
    1c00c14e:	5f52                	lw	t5,52(sp)
    1c00c150:	4142                	lw	sp,16(sp)
    1c00c152:	4d44                	lw	s1,28(a0)
    1c00c154:	4741                	li	a4,16
    1c00c156:	4349                	li	t1,18
	...
    1c00c160:	4446                	lw	s0,80(sp)
    1c00c162:	5f54                	lw	a3,60(a4)
    1c00c164:	5245                	li	tp,-15
    1c00c166:	5f52                	lw	t5,52(sp)
    1c00c168:	4142                	lw	sp,16(sp)
    1c00c16a:	5644                	lw	s1,44(a2)
    1c00c16c:	5245                	li	tp,-15
    1c00c16e:	4e4f4953          	.insn	4, 0x4e4f4953
    1c00c172:	0000                	unimp
    1c00c174:	0000                	unimp
    1c00c176:	0000                	unimp
    1c00c178:	4446                	lw	s0,80(sp)
    1c00c17a:	5f54                	lw	a3,60(a4)
    1c00c17c:	5245                	li	tp,-15
    1c00c17e:	5f52                	lw	t5,52(sp)
    1c00c180:	4142                	lw	sp,16(sp)
    1c00c182:	5344                	lw	s1,36(a4)
    1c00c184:	5254                	lw	a3,36(a2)
    1c00c186:	4355                	li	t1,21
    1c00c188:	5554                	lw	a3,44(a0)
    1c00c18a:	4552                	lw	a0,20(sp)
    1c00c18c:	0000                	unimp
    1c00c18e:	0000                	unimp
    1c00c190:	4446                	lw	s0,80(sp)
    1c00c192:	5f54                	lw	a3,60(a4)
    1c00c194:	5245                	li	tp,-15
    1c00c196:	5f52                	lw	t5,52(sp)
    1c00c198:	4142                	lw	sp,16(sp)
    1c00c19a:	4c44                	lw	s1,28(s0)
    1c00c19c:	5941                	li	s2,-16
    1c00c19e:	0054554f          	fnmadd.s	fa0,fs0,ft5,ft0,unknown
    1c00c1a2:	0000                	unimp
    1c00c1a4:	0000                	unimp
    1c00c1a6:	0000                	unimp
    1c00c1a8:	4446                	lw	s0,80(sp)
    1c00c1aa:	5f54                	lw	a3,60(a4)
    1c00c1ac:	5245                	li	tp,-15
    1c00c1ae:	5f52                	lw	t5,52(sp)
    1c00c1b0:	4e49                	li	t3,18
    1c00c1b2:	4554                	lw	a3,12(a0)
    1c00c1b4:	4e52                	lw	t3,20(sp)
    1c00c1b6:	4c41                	li	s8,16
	...
    1c00c1c0:	4446                	lw	s0,80(sp)
    1c00c1c2:	5f54                	lw	a3,60(a4)
    1c00c1c4:	5245                	li	tp,-15
    1c00c1c6:	5f52                	lw	t5,52(sp)
    1c00c1c8:	4142                	lw	sp,16(sp)
    1c00c1ca:	4e44                	lw	s1,28(a2)
    1c00c1cc:	4c4c4543          	.insn	4, 0x4c4c4543
    1c00c1d0:	00000053          	fadd.s	ft0,ft0,ft0,rne
    1c00c1d4:	0000                	unimp
    1c00c1d6:	0000                	unimp
    1c00c1d8:	4446                	lw	s0,80(sp)
    1c00c1da:	5f54                	lw	a3,60(a4)
    1c00c1dc:	5245                	li	tp,-15
    1c00c1de:	5f52                	lw	t5,52(sp)
    1c00c1e0:	4142                	lw	sp,16(sp)
    1c00c1e2:	5644                	lw	s1,44(a2)
    1c00c1e4:	4c41                	li	s8,16
    1c00c1e6:	4555                	li	a0,21
	...
    1c00c1f0:	4446                	lw	s0,80(sp)
    1c00c1f2:	5f54                	lw	a3,60(a4)
    1c00c1f4:	5245                	li	tp,-15
    1c00c1f6:	5f52                	lw	t5,52(sp)
    1c00c1f8:	4142                	lw	sp,16(sp)
    1c00c1fa:	4f44                	lw	s1,28(a4)
    1c00c1fc:	4556                	lw	a0,84(sp)
    1c00c1fe:	4c52                	lw	s8,20(sp)
    1c00c200:	5941                	li	s2,-16
    1c00c202:	0000                	unimp
    1c00c204:	0000                	unimp
    1c00c206:	0000                	unimp
    1c00c208:	4446                	lw	s0,80(sp)
    1c00c20a:	5f54                	lw	a3,60(a4)
    1c00c20c:	5245                	li	tp,-15
    1c00c20e:	5f52                	lw	t5,52(sp)
    1c00c210:	4f4e                	lw	t5,208(sp)
    1c00c212:	4850                	lw	a2,20(s0)
    1c00c214:	4e41                	li	t3,16
    1c00c216:	4c44                	lw	s1,28(s0)
    1c00c218:	5345                	li	t1,-15
    1c00c21a:	0000                	unimp
    1c00c21c:	0000                	unimp
    1c00c21e:	0000                	unimp
    1c00c220:	4446                	lw	s0,80(sp)
    1c00c222:	5f54                	lw	a3,60(a4)
    1c00c224:	5245                	li	tp,-15
    1c00c226:	5f52                	lw	t5,52(sp)
    1c00c228:	4142                	lw	sp,16(sp)
    1c00c22a:	4644                	lw	s1,12(a2)
    1c00c22c:	414c                	lw	a1,4(a0)
    1c00c22e:	00005347          	fmsub.s	ft6,ft0,ft0,ft0,unknown
    1c00c232:	0000                	unimp
    1c00c234:	0000                	unimp
    1c00c236:	0000                	unimp
    1c00c238:	4446                	lw	s0,80(sp)
    1c00c23a:	5f54                	lw	a3,60(a4)
    1c00c23c:	5245                	li	tp,-15
    1c00c23e:	5f52                	lw	t5,52(sp)
    1c00c240:	4c41                	li	s8,16
    1c00c242:	4749                	li	a4,18
    1c00c244:	4d4e                	lw	s10,208(sp)
    1c00c246:	4e45                	li	t3,17
    1c00c248:	0054                	addi	a3,sp,4
	...
    1c00c256:	0000                	unimp
    1c00c258:	c030                	sw	a2,64(s0)
    1c00c25a:	1c00                	addi	s0,sp,560
    1c00c25c:	0000                	unimp
    1c00c25e:	0000                	unimp
    1c00c260:	c048                	sw	a0,4(s0)
    1c00c262:	1c00                	addi	s0,sp,560
    1c00c264:	0000                	unimp
    1c00c266:	0000                	unimp
    1c00c268:	c058                	sw	a4,4(s0)
    1c00c26a:	1c00                	addi	s0,sp,560
    1c00c26c:	0000                	unimp
    1c00c26e:	0000                	unimp
    1c00c270:	c068                	sw	a0,68(s0)
    1c00c272:	1c00                	addi	s0,sp,560
    1c00c274:	0000                	unimp
    1c00c276:	0000                	unimp
    1c00c278:	c080                	sw	s0,0(s1)
    1c00c27a:	1c00                	addi	s0,sp,560
    1c00c27c:	0000                	unimp
    1c00c27e:	0000                	unimp
    1c00c280:	c090                	sw	a2,0(s1)
    1c00c282:	1c00                	addi	s0,sp,560
    1c00c284:	0000                	unimp
    1c00c286:	0000                	unimp
    1c00c288:	c0a8                	sw	a0,64(s1)
    1c00c28a:	1c00                	addi	s0,sp,560
    1c00c28c:	0000                	unimp
    1c00c28e:	0000                	unimp
    1c00c290:	c0c0                	sw	s0,4(s1)
    1c00c292:	1c00                	addi	s0,sp,560
    1c00c294:	0000                	unimp
    1c00c296:	0000                	unimp
    1c00c298:	c0d8                	sw	a4,4(s1)
    1c00c29a:	1c00                	addi	s0,sp,560
    1c00c29c:	0000                	unimp
    1c00c29e:	0000                	unimp
    1c00c2a0:	c0f0                	sw	a2,68(s1)
    1c00c2a2:	1c00                	addi	s0,sp,560
    1c00c2a4:	0000                	unimp
    1c00c2a6:	0000                	unimp
    1c00c2a8:	c108                	sw	a0,0(a0)
    1c00c2aa:	1c00                	addi	s0,sp,560
    1c00c2ac:	0000                	unimp
    1c00c2ae:	0000                	unimp
    1c00c2b0:	c120                	sw	s0,64(a0)
    1c00c2b2:	1c00                	addi	s0,sp,560
    1c00c2b4:	0000                	unimp
    1c00c2b6:	0000                	unimp
    1c00c2b8:	c138                	sw	a4,64(a0)
    1c00c2ba:	1c00                	addi	s0,sp,560
    1c00c2bc:	0000                	unimp
    1c00c2be:	0000                	unimp
    1c00c2c0:	c150                	sw	a2,4(a0)
    1c00c2c2:	1c00                	addi	s0,sp,560
    1c00c2c4:	0000                	unimp
    1c00c2c6:	0000                	unimp
    1c00c2c8:	c168                	sw	a0,68(a0)
    1c00c2ca:	1c00                	addi	s0,sp,560
    1c00c2cc:	0000                	unimp
    1c00c2ce:	0000                	unimp
    1c00c2d0:	c180                	sw	s0,0(a1)
    1c00c2d2:	1c00                	addi	s0,sp,560
    1c00c2d4:	0000                	unimp
    1c00c2d6:	0000                	unimp
    1c00c2d8:	c198                	sw	a4,0(a1)
    1c00c2da:	1c00                	addi	s0,sp,560
    1c00c2dc:	0000                	unimp
    1c00c2de:	0000                	unimp
    1c00c2e0:	c1b0                	sw	a2,64(a1)
    1c00c2e2:	1c00                	addi	s0,sp,560
    1c00c2e4:	0000                	unimp
    1c00c2e6:	0000                	unimp
    1c00c2e8:	c1c8                	sw	a0,4(a1)
    1c00c2ea:	1c00                	addi	s0,sp,560
    1c00c2ec:	0000                	unimp
    1c00c2ee:	0000                	unimp
    1c00c2f0:	6e55                	lui	t3,0x15
    1c00c2f2:	70707573          	csrrci	a0,0x707,0
    1c00c2f6:	6574726f          	jal	tp,0x1c05414c
    1c00c2fa:	2064                	fld	fs1,192(s0)
    1c00c2fc:	7325                	lui	t1,0xfffe9
    1c00c2fe:	6120                	ld	s0,64(a0)
    1c00c300:	6464                	ld	s1,200(s0)
    1c00c302:	6572                	ld	a0,280(sp)
    1c00c304:	73207373          	csrrci	t1,mhpmevent18h,0
    1c00c308:	7a69                	lui	s4,0xffffa
    1c00c30a:	0a65                	addi	s4,s4,25 # 0xffffffffffffa019
    1c00c30c:	0000                	unimp
    1c00c30e:	0000                	unimp
    1c00c310:	6f6c                	ld	a1,216(a4)
    1c00c312:	6461                	lui	s0,0x18
    1c00c314:	0000                	unimp
    1c00c316:	0000                	unimp
    1c00c318:	6e65                	lui	t3,0x19
    1c00c31a:	7274                	ld	a3,224(a2)
    1c00c31c:	0079                	c.nop	30
    1c00c31e:	0000                	unimp
    1c00c320:	6c61                	lui	s8,0x18
    1c00c322:	00006f67          	.insn	4, 0x6f67
    1c00c326:	0000                	unimp
    1c00c328:	6176                	ld	sp,344(sp)
    1c00c32a:	756c                	ld	a1,232(a0)
    1c00c32c:	0065                	c.nop	25
    1c00c32e:	0000                	unimp
    1c00c330:	6168                	ld	a0,192(a0)
    1c00c332:	00006873          	csrrsi	a6,0x0,0
    1c00c336:	0000                	unimp
    1c00c338:	32616873          	csrrsi	a6,mhpmevent6,2
    1c00c33c:	3635                	addiw	a2,a2,-19
    1c00c33e:	0000                	unimp
    1c00c340:	6168                	ld	a0,192(a0)
    1c00c342:	74206873          	csrrsi	a6,mncause,0
    1c00c346:	7079                	c.lui	zero,0xffffe
    1c00c348:	2065                	.insn	2, 0x2065
    1c00c34a:	6e75                	lui	t3,0x1d
    1c00c34c:	70707573          	csrrci	a0,0x707,0
    1c00c350:	6574726f          	jal	tp,0x1c0541a6
    1c00c354:	2e64                	fld	fs1,216(a2)
    1c00c356:	0000                	unimp
    1c00c358:	6d49                	lui	s10,0x12
    1c00c35a:	6761                	lui	a4,0x18
    1c00c35c:	2065                	.insn	2, 0x2065
    1c00c35e:	6168                	ld	a0,192(a0)
    1c00c360:	6d206873          	csrrsi	a6,0x6d2,0
    1c00c364:	7369                	lui	t1,0xffffa
    1c00c366:	616d                	addi	sp,sp,240
    1c00c368:	6374                	ld	a3,192(a4)
    1c00c36a:	2e68                	fld	fa0,216(a2)
    1c00c36c:	0000                	unimp
    1c00c36e:	0000                	unimp
    1c00c370:	616d692f          	.insn	4, 0x616d692f
    1c00c374:	00736567          	.insn	4, 0x00736567
    1c00c378:	6166                	ld	sp,88(sp)
    1c00c37a:	6c69                	lui	s8,0x1a
    1c00c37c:	6465                	lui	s0,0x19
    1c00c37e:	7420                	ld	s0,104(s0)
    1c00c380:	6966206f          	j	0x1c06ea16
    1c00c384:	646e                	ld	s0,216(sp)
    1c00c386:	6920                	ld	s0,80(a0)
    1c00c388:	616d                	addi	sp,sp,240
    1c00c38a:	20736567          	.insn	4, 0x20736567
    1c00c38e:	6f6e                	ld	t5,216(sp)
    1c00c390:	6564                	ld	s1,200(a0)
    1c00c392:	203a                	fld	ft0,392(sp)
    1c00c394:	6425                	lui	s0,0x9
    1c00c396:	000a                	c.slli	zero,0x2
    1c00c398:	7974                	ld	a3,240(a0)
    1c00c39a:	6570                	ld	a2,200(a0)
    1c00c39c:	0000                	unimp
    1c00c39e:	0000                	unimp
    1c00c3a0:	6166                	ld	sp,88(sp)
    1c00c3a2:	6c69                	lui	s8,0x1a
    1c00c3a4:	6465                	lui	s0,0x19
    1c00c3a6:	7420                	ld	s0,104(s0)
    1c00c3a8:	6567206f          	j	0x1c07e9fe
    1c00c3ac:	2074                	fld	fa3,192(s0)
    1c00c3ae:	6d69                	lui	s10,0x1a
    1c00c3b0:	6761                	lui	a4,0x18
    1c00c3b2:	2065                	.insn	2, 0x2065
    1c00c3b4:	7974                	ld	a3,240(a0)
    1c00c3b6:	6570                	ld	a2,200(a0)
    1c00c3b8:	203a                	fld	ft0,392(sp)
    1c00c3ba:	6425                	lui	s0,0x9
    1c00c3bc:	000a                	c.slli	zero,0x2
    1c00c3be:	0000                	unimp
    1c00c3c0:	6c66                	ld	s8,88(sp)
    1c00c3c2:	7461                	lui	s0,0xffff8
    1c00c3c4:	645f 0074 7473      	.insn	6, 0x74730074645f
    1c00c3ca:	6e61                	lui	t3,0x18
    1c00c3cc:	6164                	ld	s1,192(a0)
    1c00c3ce:	6f6c                	ld	a1,216(a4)
    1c00c3d0:	656e                	ld	a0,216(sp)
    1c00c3d2:	0000                	unimp
    1c00c3d4:	0000                	unimp
    1c00c3d6:	0000                	unimp
    1c00c3d8:	6146                	ld	sp,80(sp)
    1c00c3da:	6c69                	lui	s8,0x1a
    1c00c3dc:	6465                	lui	s0,0x19
    1c00c3de:	7420                	ld	s0,104(s0)
    1c00c3e0:	6567206f          	j	0x1c07ea36
    1c00c3e4:	2074                	fld	fa3,192(s0)
    1c00c3e6:	6f6c                	ld	a1,216(a4)
    1c00c3e8:	6461                	lui	s0,0x18
    1c00c3ea:	6120                	ld	s0,64(a0)
    1c00c3ec:	6464                	ld	s1,200(s0)
    1c00c3ee:	2072                	fld	ft0,280(sp)
    1c00c3f0:	6f66                	ld	t5,88(sp)
    1c00c3f2:	2072                	fld	ft0,280(sp)
    1c00c3f4:	6e617473          	csrrci	s0,0x6e6,2
    1c00c3f8:	6164                	ld	s1,192(a0)
    1c00c3fa:	6f6c                	ld	a1,216(a4)
    1c00c3fc:	656e                	ld	a0,216(sp)
    1c00c3fe:	6520                	ld	s0,72(a0)
    1c00c400:	6578                	ld	a4,200(a0)
    1c00c402:	61747563          	bgeu	s0,s7,0x1c00ca0c
    1c00c406:	6c62                	ld	s8,24(sp)
    1c00c408:	2e65                	addiw	t3,t3,25 # 0x18019
    1c00c40a:	0000                	unimp
    1c00c40c:	0000                	unimp
    1c00c40e:	0000                	unimp
    1c00c410:	6966                	ld	s2,88(sp)
    1c00c412:	6d72                	ld	s10,280(sp)
    1c00c414:	65726177          	.insn	4, 0x65726177
	...
    1c00c420:	6749                	lui	a4,0x12
    1c00c422:	6f6e                	ld	t5,216(sp)
    1c00c424:	6972                	ld	s2,280(sp)
    1c00c426:	676e                	ld	a4,216(sp)
    1c00c428:	6920                	ld	s0,80(a0)
    1c00c42a:	616d                	addi	sp,sp,240
    1c00c42c:	6e206567          	.insn	4, 0x6e206567
    1c00c430:	2065646f          	jal	s0,0x1c062636
    1c00c434:	68746977          	.insn	4, 0x68746977
    1c00c438:	7520                	ld	s0,104(a0)
    1c00c43a:	6b6e                	ld	s6,216(sp)
    1c00c43c:	6f6e                	ld	t5,216(sp)
    1c00c43e:	74206e77          	.insn	4, 0x74206e77
    1c00c442:	7079                	c.lui	zero,0xffffe
    1c00c444:	2e65                	addiw	t3,t3,25
    1c00c446:	0000                	unimp
    1c00c448:	6164                	ld	s1,192(a0)
    1c00c44a:	6174                	ld	a3,192(a0)
    1c00c44c:	0000                	unimp
    1c00c44e:	0000                	unimp
    1c00c450:	6749                	lui	a4,0x12
    1c00c452:	6f6e                	ld	t5,216(sp)
    1c00c454:	6972                	ld	s2,280(sp)
    1c00c456:	676e                	ld	a4,216(sp)
    1c00c458:	6920                	ld	s0,80(a0)
    1c00c45a:	616d                	addi	sp,sp,240
    1c00c45c:	6e206567          	.insn	4, 0x6e206567
    1c00c460:	2065646f          	jal	s0,0x1c062666
    1c00c464:	68746977          	.insn	4, 0x68746977
    1c00c468:	2074756f          	jal	a0,0x1c053e6e
    1c00c46c:	6164                	ld	s1,192(a0)
    1c00c46e:	6174                	ld	a3,192(a0)
    1c00c470:	002e                	c.slli	zero,0xb
    1c00c472:	0000                	unimp
    1c00c474:	0000                	unimp
    1c00c476:	0000                	unimp
    1c00c478:	706d6f63          	bltu	s10,t1,0x1c00cb96
    1c00c47c:	6572                	ld	a0,280(sp)
    1c00c47e:	6f697373          	csrrci	t1,0x6f6,18
    1c00c482:	006e                	c.slli	zero,0x1b
    1c00c484:	0000                	unimp
    1c00c486:	0000                	unimp
    1c00c488:	7a6c                	ld	a1,240(a2)
    1c00c48a:	616d                	addi	sp,sp,240
    1c00c48c:	0000                	unimp
    1c00c48e:	0000                	unimp
    1c00c490:	5a4c                	lw	a1,52(a2)
    1c00c492:	414d                	li	sp,19
    1c00c494:	7520                	ld	s0,104(a0)
    1c00c496:	736e                	ld	t1,248(sp)
    1c00c498:	7075                	c.lui	zero,0xffffd
    1c00c49a:	6f70                	ld	a2,216(a4)
    1c00c49c:	7472                	ld	s0,312(sp)
    1c00c49e:	6465                	lui	s0,0x19
    1c00c4a0:	002e                	c.slli	zero,0xb
    1c00c4a2:	0000                	unimp
    1c00c4a4:	0000                	unimp
    1c00c4a6:	0000                	unimp
    1c00c4a8:	6f4c                	ld	a1,152(a4)
    1c00c4aa:	6964                	ld	s1,208(a0)
    1c00c4ac:	676e                	ld	a4,216(sp)
    1c00c4ae:	2520                	fld	fs0,72(a0)
    1c00c4b0:	6f742073          	csrs	0x6f7,s0
    1c00c4b4:	3020                	fld	fs0,96(s0)
    1c00c4b6:	2578                	fld	fa4,200(a0)
    1c00c4b8:	3830                	fld	fa2,112(s0)
    1c00c4ba:	786c                	ld	a1,240(s0)
    1c00c4bc:	2e2e                	fld	ft8,200(sp)
    1c00c4be:	0a2e                	slli	s4,s4,0xb
	...
    1c00c4c8:	754a                	ld	a0,176(sp)
    1c00c4ca:	706d                	c.lui	zero,0xffffb
    1c00c4cc:	7420                	ld	s0,104(s0)
    1c00c4ce:	2d75206f          	j	0x1c05efa4
    1c00c4d2:	6f62                	ld	t5,24(sp)
    1c00c4d4:	6120746f          	jal	s0,0x1c013ae6
    1c00c4d8:	2074                	fld	fa3,192(s0)
    1c00c4da:	7830                	ld	a2,112(s0)
    1c00c4dc:	3025                	.insn	2, 0x3025
    1c00c4de:	6c38                	ld	a4,88(s0)
    1c00c4e0:	2e78                	fld	fa4,216(a2)
    1c00c4e2:	2e2e                	fld	ft8,200(sp)
    1c00c4e4:	000a                	c.slli	zero,0x2
    1c00c4e6:	0000                	unimp
    1c00c4e8:	7325                	lui	t1,0xfffe9
    1c00c4ea:	203a                	fld	ft0,392(sp)
    1c00c4ec:	7325                	lui	t1,0xfffe9
    1c00c4ee:	203a                	fld	ft0,392(sp)
    1c00c4f0:	7325                	lui	t1,0xfffe9
    1c00c4f2:	000a                	c.slli	zero,0x2
    1c00c4f4:	0000                	unimp
    1c00c4f6:	0000                	unimp
    1c00c4f8:	7325                	lui	t1,0xfffe9
    1c00c4fa:	203a                	fld	ft0,392(sp)
    1c00c4fc:	756e                	ld	a0,248(sp)
    1c00c4fe:	206d                	.insn	2, 0x206d
    1c00c500:	6162                	ld	sp,24(sp)
    1c00c502:	6b6e                	ld	s6,216(sp)
    1c00c504:	64252073          	csrs	0x642,a0
    1c00c508:	6520                	ld	s0,72(a0)
    1c00c50a:	6378                	ld	a4,192(a4)
    1c00c50c:	6565                	lui	a0,0x19
    1c00c50e:	7364                	ld	s1,224(a4)
    1c00c510:	6820                	ld	s0,80(s0)
    1c00c512:	7261                	lui	tp,0xffff8
    1c00c514:	6364                	ld	s1,192(a4)
    1c00c516:	6465646f          	jal	s0,0x1c062b5c
    1c00c51a:	6c20                	ld	s0,88(s0)
    1c00c51c:	6d69                	lui	s10,0x1a
    1c00c51e:	7469                	lui	s0,0xffffa
    1c00c520:	2520                	fld	fs0,72(a0)
    1c00c522:	2e64                	fld	fs1,216(a2)
    1c00c524:	5220                	lw	s0,96(a2)
    1c00c526:	6365                	lui	t1,0x19
    1c00c528:	69706d6f          	jal	s10,0x1c0133be
    1c00c52c:	656c                	ld	a1,200(a0)
    1c00c52e:	7720                	ld	s0,104(a4)
    1c00c530:	7469                	lui	s0,0xffffa
    1c00c532:	2068                	fld	fa0,192(s0)
    1c00c534:	6968                	ld	a0,208(a0)
    1c00c536:	72656867          	.insn	4, 0x72656867
    1c00c53a:	4d20                	lw	s0,88(a0)
    1c00c53c:	4d45                	li	s10,17
    1c00c53e:	5f59524f          	.insn	4, 0x5f59524f
    1c00c542:	4142                	lw	sp,16(sp)
    1c00c544:	4b4e                	lw	s6,208(sp)
    1c00c546:	414d5f53          	.insn	4, 0x414d5f53
    1c00c54a:	3f58                	fld	fa4,184(a4)
    1c00c54c:	000a                	c.slli	zero,0x2
    1c00c54e:	0000                	unimp
    1c00c550:	7325                	lui	t1,0xfffe9
    1c00c552:	203a                	fld	ft0,392(sp)
    1c00c554:	7325                	lui	t1,0xfffe9
    1c00c556:	000a                	c.slli	zero,0x2
    1c00c558:	656d                	lui	a0,0x1b
    1c00c55a:	6f6d                	lui	t5,0x1b
    1c00c55c:	7972                	ld	s2,312(sp)
    1c00c55e:	0000                	unimp
    1c00c560:	6564                	ld	s1,200(a0)
    1c00c562:	6976                	ld	s2,344(sp)
    1c00c564:	745f6563          	bltu	t5,t0,0x1c00ccae
    1c00c568:	7079                	c.lui	zero,0xffffe
    1c00c56a:	0065                	c.nop	25
    1c00c56c:	0000                	unimp
    1c00c56e:	0000                	unimp
    1c00c570:	4e524157          	.insn	4, 0x4e524157
    1c00c574:	4e49                	li	t3,18
    1c00c576:	63203a47          	fmsub.d	fs4,ft0,fs2,fa2,rup
    1c00c57a:	646c756f          	jal	a0,0x1c0d3bc0
    1c00c57e:	6e20                	ld	s0,88(a2)
    1c00c580:	7320746f          	jal	s0,0x1c013cb2
    1c00c584:	7465                	lui	s0,0xffff9
    1c00c586:	2520                	fld	fs0,72(a0)
    1c00c588:	73252073          	csrs	mhpmevent18h,a0
    1c00c58c:	0a2e                	slli	s4,s4,0xb
    1c00c58e:	0000                	unimp
    1c00c590:	6572                	ld	a0,280(sp)
    1c00c592:	00000067          	jr	zero # 0x0
    1c00c596:	0000                	unimp
    1c00c598:	6466                	ld	s0,88(sp)
    1c00c59a:	5f74                	lw	a3,124(a4)
    1c00c59c:	6966                	ld	s2,88(sp)
    1c00c59e:	7578                	ld	a4,232(a0)
    1c00c5a0:	5f70                	lw	a2,124(a4)
    1c00c5a2:	656d                	lui	a0,0x1b
    1c00c5a4:	6f6d                	lui	t5,0x1b
    1c00c5a6:	7972                	ld	s2,312(sp)
    1c00c5a8:	625f 6e61 736b      	.insn	6, 0x736b6e61625f
    1c00c5ae:	0000                	unimp
    1c00c5b0:	6466                	ld	s0,88(sp)
    1c00c5b2:	5f74                	lw	a3,124(a4)
    1c00c5b4:	6966                	ld	s2,88(sp)
    1c00c5b6:	646e                	ld	s0,216(sp)
    1c00c5b8:	6f5f 5f72 6461      	.insn	6, 0x64615f726f5f
    1c00c5be:	5f64                	lw	s1,124(a4)
    1c00c5c0:	6e627573          	csrrci	a0,0x6e6,4
    1c00c5c4:	0065646f          	jal	s0,0x1c0625ca
    1c00c5c8:	6974                	ld	a3,208(a0)
    1c00c5ca:	656d                	lui	a0,0x1b
    1c00c5cc:	6320                	ld	s0,64(a4)
    1c00c5ce:	746e756f          	jal	a0,0x1c0f3d14
    1c00c5d2:	6520                	ld	s0,72(a0)
    1c00c5d4:	7272                	ld	tp,312(sp)
    1c00c5d6:	2121726f          	jal	tp,0x1c0237e8
    1c00c5da:	0021                	c.nop	8
    1c00c5dc:	89a2                	mv	s3,s0
    1c00c5de:	1c00                	addi	s0,sp,560
    1c00c5e0:	89c8                	.insn	2, 0x89c8
    1c00c5e2:	1c00                	addi	s0,sp,560
    1c00c5e4:	89ce                	mv	s3,s3
    1c00c5e6:	1c00                	addi	s0,sp,560
    1c00c5e8:	89d8                	.insn	2, 0x89d8
    1c00c5ea:	1c00                	addi	s0,sp,560
    1c00c5ec:	89de                	mv	s3,s7
    1c00c5ee:	1c00                	addi	s0,sp,560
    1c00c5f0:	6e45                	lui	t3,0x11
    1c00c5f2:	2064                	fld	fs1,192(s0)
    1c00c5f4:	6920666f          	jal	a2,0x1c012c86
    1c00c5f8:	696e                	ld	s2,216(sp)
    1c00c5fa:	6974                	ld	a3,208(a0)
    1c00c5fc:	6c61                	lui	s8,0x18
    1c00c5fe:	7a69                	lui	s4,0xffffa
    1c00c600:	7461                	lui	s0,0xffff8
    1c00c602:	6f69                	lui	t5,0x1a
    1c00c604:	2e6e                	fld	ft8,216(sp)
    1c00c606:	0000                	unimp
    1c00c608:	6e45                	lui	t3,0x11
    1c00c60a:	2064                	fld	fs1,192(s0)
    1c00c60c:	6620666f          	jal	a2,0x1c012c6e
    1c00c610:	6e69                	lui	t3,0x1a
    1c00c612:	2065                	.insn	2, 0x2065
    1c00c614:	74697277          	.insn	4, 0x74697277
    1c00c618:	2065                	.insn	2, 0x2065
    1c00c61a:	656c                	ld	a1,200(a0)
    1c00c61c:	6576                	ld	a0,344(sp)
    1c00c61e:	696c                	ld	a1,208(a0)
    1c00c620:	676e                	ld	a4,216(sp)
    1c00c622:	002e                	c.slli	zero,0xb
    1c00c624:	0000                	unimp
    1c00c626:	0000                	unimp
    1c00c628:	6e45                	lui	t3,0x11
    1c00c62a:	2064                	fld	fs1,192(s0)
    1c00c62c:	7220666f          	jal	a2,0x1c012d4e
    1c00c630:	6165                	addi	sp,sp,112
    1c00c632:	2064                	fld	fs1,192(s0)
    1c00c634:	6e65                	lui	t3,0x19
    1c00c636:	6261                	lui	tp,0x18
    1c00c638:	656c                	ld	a1,200(a0)
    1c00c63a:	7420                	ld	s0,104(s0)
    1c00c63c:	6172                	ld	sp,280(sp)
    1c00c63e:	6e69                	lui	t3,0x1a
    1c00c640:	6e69                	lui	t3,0x1a
    1c00c642:	00002e67          	.insn	4, 0x2e67
    1c00c646:	0000                	unimp
    1c00c648:	6e45                	lui	t3,0x11
    1c00c64a:	2064                	fld	fs1,192(s0)
    1c00c64c:	7220666f          	jal	a2,0x1c012d6e
    1c00c650:	6165                	addi	sp,sp,112
    1c00c652:	2064                	fld	fs1,192(s0)
    1c00c654:	6564                	ld	s1,200(a0)
    1c00c656:	616c                	ld	a1,192(a0)
    1c00c658:	2079                	.insn	2, 0x2079
    1c00c65a:	746e6563          	bltu	t3,t1,0x1c00cda4
    1c00c65e:	7265                	lui	tp,0xffff9
    1c00c660:	6f20                	ld	s0,88(a4)
    1c00c662:	7470                	ld	a2,232(s0)
    1c00c664:	6d69                	lui	s10,0x1a
    1c00c666:	7a69                	lui	s4,0xffffa
    1c00c668:	7461                	lui	s0,0xffff8
    1c00c66a:	6f69                	lui	t5,0x1a
    1c00c66c:	2e6e                	fld	ft8,216(sp)
    1c00c66e:	0000                	unimp
    1c00c670:	6e45                	lui	t3,0x11
    1c00c672:	2064                	fld	fs1,192(s0)
    1c00c674:	7720666f          	jal	a2,0x1c012de6
    1c00c678:	6972                	ld	s2,280(sp)
    1c00c67a:	6574                	ld	a3,200(a0)
    1c00c67c:	6420                	ld	s0,72(s0)
    1c00c67e:	6165                	addi	sp,sp,112
    1c00c680:	796c                	ld	a1,240(a0)
    1c00c682:	6320                	ld	s0,64(a4)
    1c00c684:	6e65                	lui	t3,0x19
    1c00c686:	6574                	ld	a3,200(a0)
    1c00c688:	2072                	fld	ft0,280(sp)
    1c00c68a:	6974706f          	j	0x1c054520
    1c00c68e:	696d                	lui	s2,0x1b
    1c00c690:	617a                	ld	sp,408(sp)
    1c00c692:	6974                	ld	a3,208(a0)
    1c00c694:	002e6e6f          	jal	t3,0x1c0f2696
    1c00c698:	6e45                	lui	t3,0x11
    1c00c69a:	2064                	fld	fs1,192(s0)
    1c00c69c:	3220666f          	jal	a2,0x1c0129be
    1c00c6a0:	2044                	fld	fs1,128(s0)
    1c00c6a2:	6572                	ld	a0,280(sp)
    1c00c6a4:	6461                	lui	s0,0x18
    1c00c6a6:	6420                	ld	s0,72(s0)
    1c00c6a8:	6c65                	lui	s8,0x19
    1c00c6aa:	7961                	lui	s2,0xffff8
    1c00c6ac:	6c6f762f          	.insn	4, 0x6c6f762f
    1c00c6b0:	6174                	ld	a3,192(a0)
    1c00c6b2:	63206567          	.insn	4, 0x63206567
    1c00c6b6:	6e65                	lui	t3,0x19
    1c00c6b8:	6574                	ld	a3,200(a0)
    1c00c6ba:	2072                	fld	ft0,280(sp)
    1c00c6bc:	6974706f          	j	0x1c054552
    1c00c6c0:	696d                	lui	s2,0x1b
    1c00c6c2:	617a                	ld	sp,408(sp)
    1c00c6c4:	6974                	ld	a3,208(a0)
    1c00c6c6:	002e6e6f          	jal	t3,0x1c0f26c8
    1c00c6ca:	0000                	unimp
    1c00c6cc:	0000                	unimp
    1c00c6ce:	0000                	unimp
    1c00c6d0:	6e45                	lui	t3,0x11
    1c00c6d2:	2064                	fld	fs1,192(s0)
    1c00c6d4:	3220666f          	jal	a2,0x1c0129f6
    1c00c6d8:	2044                	fld	fs1,128(s0)
    1c00c6da:	74697277          	.insn	4, 0x74697277
    1c00c6de:	2065                	.insn	2, 0x2065
    1c00c6e0:	6564                	ld	s1,200(a0)
    1c00c6e2:	616c                	ld	a1,192(a0)
    1c00c6e4:	2f79                	addiw	t5,t5,30 # 0x1a01e
    1c00c6e6:	6f76                	ld	t5,344(sp)
    1c00c6e8:	746c                	ld	a1,232(s0)
    1c00c6ea:	6761                	lui	a4,0x18
    1c00c6ec:	2065                	.insn	2, 0x2065
    1c00c6ee:	746e6563          	bltu	t3,t1,0x1c00ce38
    1c00c6f2:	7265                	lui	tp,0xffff9
    1c00c6f4:	6f20                	ld	s0,88(a4)
    1c00c6f6:	7470                	ld	a2,232(s0)
    1c00c6f8:	6d69                	lui	s10,0x1a
    1c00c6fa:	7a69                	lui	s4,0xffffa
    1c00c6fc:	7461                	lui	s0,0xffff8
    1c00c6fe:	6f69                	lui	t5,0x1a
    1c00c700:	2e6e                	fld	ft8,216(sp)
    1c00c702:	0000                	unimp
    1c00c704:	0000                	unimp
    1c00c706:	0000                	unimp
    1c00c708:	6e45                	lui	t3,0x11
    1c00c70a:	2064                	fld	fs1,192(s0)
    1c00c70c:	6d20666f          	jal	a2,0x1c012dde
    1c00c710:	7861                	lui	a6,0xffff8
    1c00c712:	7220                	ld	s0,96(a2)
    1c00c714:	6165                	addi	sp,sp,112
    1c00c716:	2064                	fld	fs1,192(s0)
    1c00c718:	616c                	ld	a1,192(a0)
    1c00c71a:	6574                	ld	a3,200(a0)
    1c00c71c:	636e                	ld	t1,216(sp)
    1c00c71e:	2079                	.insn	2, 0x2079
    1c00c720:	7274                	ld	a3,224(a2)
    1c00c722:	6961                	lui	s2,0x18
    1c00c724:	696e                	ld	s2,216(sp)
    1c00c726:	676e                	ld	a4,216(sp)
    1c00c728:	002e                	c.slli	zero,0xb
    1c00c72a:	0000                	unimp
    1c00c72c:	0000                	unimp
    1c00c72e:	0000                	unimp
    1c00c730:	6e45                	lui	t3,0x11
    1c00c732:	2064                	fld	fs1,192(s0)
    1c00c734:	7220666f          	jal	a2,0x1c012e56
    1c00c738:	6165                	addi	sp,sp,112
    1c00c73a:	2064                	fld	fs1,192(s0)
    1c00c73c:	7164                	ld	s1,224(a0)
    1c00c73e:	6420                	ld	s0,72(s0)
    1c00c740:	7365                	lui	t1,0xffff9
    1c00c742:	2077656b          	.insn	4, 0x2077656b
    1c00c746:	7274                	ld	a3,224(a2)
    1c00c748:	6961                	lui	s2,0x18
    1c00c74a:	696e                	ld	s2,216(sp)
    1c00c74c:	676e                	ld	a4,216(sp)
    1c00c74e:	002e                	c.slli	zero,0xb
    1c00c750:	6552                	ld	a0,272(sp)
    1c00c752:	76726573          	csrrsi	a0,0x767,4
    1c00c756:	6465                	lui	s0,0x19
	...
    1c00c760:	6e45                	lui	t3,0x11
    1c00c762:	2064                	fld	fs1,192(s0)
    1c00c764:	6120666f          	jal	a2,0x1c012d76
    1c00c768:	6c6c                	ld	a1,216(s0)
    1c00c76a:	4420                	lw	s0,72(s0)
    1c00c76c:	2042                	fld	ft0,16(sp)
    1c00c76e:	7274                	ld	a3,224(a2)
    1c00c770:	6961                	lui	s2,0x18
    1c00c772:	696e                	ld	s2,216(sp)
    1c00c774:	676e                	ld	a4,216(sp)
    1c00c776:	002e                	c.slli	zero,0xb
    1c00c778:	6e45                	lui	t3,0x11
    1c00c77a:	2064                	fld	fs1,192(s0)
    1c00c77c:	4320666f          	jal	a2,0x1c012bae
    1c00c780:	2041                	.insn	2, 0x2041
    1c00c782:	7274                	ld	a3,224(a2)
    1c00c784:	6961                	lui	s2,0x18
    1c00c786:	696e                	ld	s2,216(sp)
    1c00c788:	676e                	ld	a4,216(sp)
    1c00c78a:	002e                	c.slli	zero,0xb
    1c00c78c:	0000                	unimp
    1c00c78e:	0000                	unimp
    1c00c790:	6e45                	lui	t3,0x11
    1c00c792:	2064                	fld	fs1,192(s0)
    1c00c794:	4d20666f          	jal	a2,0x1c012c66
    1c00c798:	5250                	lw	a2,36(a2)
    1c00c79a:	7220                	ld	s0,96(a2)
    1c00c79c:	6165                	addi	sp,sp,112
    1c00c79e:	2064                	fld	fs1,192(s0)
    1c00c7a0:	6564                	ld	s1,200(a0)
    1c00c7a2:	616c                	ld	a1,192(a0)
    1c00c7a4:	2079                	.insn	2, 0x2079
    1c00c7a6:	746e6563          	bltu	t3,t1,0x1c00cef0
    1c00c7aa:	7265                	lui	tp,0xffff9
    1c00c7ac:	6f20                	ld	s0,88(a4)
    1c00c7ae:	7470                	ld	a2,232(s0)
    1c00c7b0:	6d69                	lui	s10,0x1a
    1c00c7b2:	7a69                	lui	s4,0xffffa
    1c00c7b4:	7461                	lui	s0,0xffff8
    1c00c7b6:	6f69                	lui	t5,0x1a
    1c00c7b8:	2e6e                	fld	ft8,216(sp)
    1c00c7ba:	0000                	unimp
    1c00c7bc:	0000                	unimp
    1c00c7be:	0000                	unimp
    1c00c7c0:	6e45                	lui	t3,0x11
    1c00c7c2:	2064                	fld	fs1,192(s0)
    1c00c7c4:	5720666f          	jal	a2,0x1c012d36
    1c00c7c8:	6972                	ld	s2,280(sp)
    1c00c7ca:	6574                	ld	a3,200(a0)
    1c00c7cc:	6c20                	ld	s0,88(s0)
    1c00c7ce:	7665                	lui	a2,0xffff9
    1c00c7d0:	6c65                	lui	s8,0x19
    1c00c7d2:	6e69                	lui	t3,0x1a
    1c00c7d4:	6f632067          	.insn	4, 0x6f632067
    1c00c7d8:	7261                	lui	tp,0xffff8
    1c00c7da:	64206573          	csrrsi	a0,0x642,0
    1c00c7de:	6c65                	lui	s8,0x19
    1c00c7e0:	7961                	lui	s2,0xffff8
    1c00c7e2:	002e                	c.slli	zero,0xb
    1c00c7e4:	0000                	unimp
    1c00c7e6:	0000                	unimp
    1c00c7e8:	7254                	ld	a3,160(a2)
    1c00c7ea:	6961                	lui	s2,0x18
    1c00c7ec:	696e                	ld	s2,216(sp)
    1c00c7ee:	676e                	ld	a4,216(sp)
    1c00c7f0:	6820                	ld	s0,80(s0)
    1c00c7f2:	7361                	lui	t1,0xffff8
    1c00c7f4:	7220                	ld	s0,96(a2)
    1c00c7f6:	6e75                	lui	t3,0x1d
    1c00c7f8:	7320                	ld	s0,96(a4)
    1c00c7fa:	6375                	lui	t1,0x1d
    1c00c7fc:	73736563          	bltu	t1,s7,0x1c00cf26
    1c00c800:	7566                	ld	a0,120(sp)
    1c00c802:	6c6c                	ld	a1,216(s0)
    1c00c804:	2e79                	addiw	t3,t3,30 # 0x1d01e
    1c00c806:	0000                	unimp
    1c00c808:	7254                	ld	a3,160(a2)
    1c00c80a:	6961                	lui	s2,0x18
    1c00c80c:	696e                	ld	s2,216(sp)
    1c00c80e:	676e                	ld	a4,216(sp)
    1c00c810:	6820                	ld	s0,80(s0)
    1c00c812:	7361                	lui	t1,0xffff8
    1c00c814:	6620                	ld	s0,72(a2)
    1c00c816:	6961                	lui	s2,0x18
    1c00c818:	656c                	ld	a1,200(a0)
    1c00c81a:	2e64                	fld	fs1,216(a2)
    1c00c81c:	0000                	unimp
    1c00c81e:	0000                	unimp
    1c00c820:	74696177          	.insn	4, 0x74696177
    1c00c824:	6e69                	lui	t3,0x1a
    1c00c826:	72742067          	.insn	4, 0x72742067
    1c00c82a:	6961                	lui	s2,0x18
    1c00c82c:	696e                	ld	s2,216(sp)
    1c00c82e:	676e                	ld	a4,216(sp)
    1c00c830:	0021                	c.nop	8
    1c00c832:	0000                	unimp
    1c00c834:	0000                	unimp
    1c00c836:	0000                	unimp
    1c00c838:	7254                	ld	a3,160(a2)
    1c00c83a:	6961                	lui	s2,0x18
    1c00c83c:	696e                	ld	s2,216(sp)
    1c00c83e:	676e                	ld	a4,216(sp)
    1c00c840:	4520                	lw	s0,72(a0)
    1c00c842:	7272                	ld	tp,312(sp)
    1c00c844:	0000726f          	jal	tp,0x1c013844
    1c00c848:	4444                	lw	s1,12(s0)
    1c00c84a:	2052                	fld	ft0,272(sp)
    1c00c84c:	7254                	ld	a3,160(a2)
    1c00c84e:	6961                	lui	s2,0x18
    1c00c850:	696e                	ld	s2,216(sp)
    1c00c852:	676e                	ld	a4,216(sp)
    1c00c854:	4620                	lw	s0,72(a2)
    1c00c856:	6961                	lui	s2,0x18
    1c00c858:	656c                	ld	a1,200(a0)
    1c00c85a:	2e64                	fld	fs1,216(a2)
    1c00c85c:	0000                	unimp
    1c00c85e:	0000                	unimp
    1c00c860:	6464                	ld	s1,200(s0)
    1c00c862:	2072                	fld	ft0,280(sp)
    1c00c864:	6966                	ld	s2,88(sp)
    1c00c866:	6d72                	ld	s10,280(sp)
    1c00c868:	65726177          	.insn	4, 0x65726177
    1c00c86c:	6820                	ld	s0,80(s0)
    1c00c86e:	7361                	lui	t1,0xffff8
    1c00c870:	2068                	fld	fa0,192(s0)
    1c00c872:	696d                	lui	s2,0x1b
    1c00c874:	74616d73          	csrrsi	s10,0x746,2
    1c00c878:	202e6863          	bltu	t3,sp,0x1c00ca88
    1c00c87c:	7349                	lui	t1,0xffff2
    1c00c87e:	6620                	ld	s0,72(a2)
    1c00c880:	7269                	lui	tp,0xffffa
    1c00c882:	776d                	lui	a4,0xffffb
    1c00c884:	7261                	lui	tp,0xffff8
    1c00c886:	2065                	.insn	2, 0x2065
    1c00c888:	72726f63          	bltu	tp,t2,0x1c00cfc6
    1c00c88c:	7075                	c.lui	zero,0xffffd
    1c00c88e:	6574                	ld	a3,200(a0)
    1c00c890:	3f64                	fld	fs1,248(a4)
    1c00c892:	0000                	unimp
    1c00c894:	0000                	unimp
    1c00c896:	0000                	unimp
    1c00c898:	5245                	li	tp,-15
    1c00c89a:	4f52                	lw	t5,20(sp)
    1c00c89c:	3a52                	fld	fs4,304(sp)
    1c00c89e:	4420                	lw	s0,72(s0)
    1c00c8a0:	5244                	lw	s1,36(a2)
    1c00c8a2:	6620                	ld	s0,72(a2)
    1c00c8a4:	6572                	ld	a0,280(sp)
    1c00c8a6:	2071                	.insn	2, 0x2071
    1c00c8a8:	6425                	lui	s0,0x9
    1c00c8aa:	484d                	li	a6,19
    1c00c8ac:	207a                	fld	ft0,408(sp)
    1c00c8ae:	6f6e                	ld	t5,216(sp)
    1c00c8b0:	2074                	fld	fa3,192(s0)
    1c00c8b2:	70707573          	csrrci	a0,0x707,0
    1c00c8b6:	2174726f          	jal	tp,0x1c0542cc
    1c00c8ba:	2121                	addiw	sp,sp,8
    1c00c8bc:	000a                	c.slli	zero,0x2
    1c00c8be:	0000                	unimp
    1c00c8c0:	7355                	lui	t1,0xffff5
    1c00c8c2:	2065                	.insn	2, 0x2065
    1c00c8c4:	6564                	ld	s1,200(a0)
    1c00c8c6:	6166                	ld	sp,88(sp)
    1c00c8c8:	6c75                	lui	s8,0x1d
    1c00c8ca:	2074                	fld	fa3,192(s0)
    1c00c8cc:	6176                	ld	sp,344(sp)
    1c00c8ce:	756c                	ld	a1,232(a0)
    1c00c8d0:	2065                	.insn	2, 0x2065
    1c00c8d2:	6425                	lui	s0,0x9
    1c00c8d4:	484d                	li	a6,19
    1c00c8d6:	217a                	fld	ft2,408(sp)
    1c00c8d8:	2121                	addiw	sp,sp,8
    1c00c8da:	000a                	c.slli	zero,0x2
    1c00c8dc:	0000                	unimp
    1c00c8de:	0000                	unimp
    1c00c8e0:	6f4e                	ld	t5,208(sp)
    1c00c8e2:	44442077          	.insn	4, 0x44442077
    1c00c8e6:	3352                	fld	ft6,304(sp)
    1c00c8e8:	6620                	ld	s0,72(a2)
    1c00c8ea:	6572                	ld	a0,280(sp)
    1c00c8ec:	7571                	lui	a0,0xffffc
    1c00c8ee:	6e65                	lui	t3,0x19
    1c00c8f0:	69207963          	bgeu	zero,s2,0x1c00cf82
    1c00c8f4:	25203a73          	csrrc	s4,vsireg2,zero
    1c00c8f8:	4d64                	lw	s1,92(a0)
    1c00c8fa:	7a48                	ld	a0,176(a2)
    1c00c8fc:	2121                	addiw	sp,sp,8
    1c00c8fe:	0a21                	addi	s4,s4,8 # 0xffffffffffffa008
	...
    1c00c908:	4444                	lw	s1,12(s0)
    1c00c90a:	2052                	fld	ft0,272(sp)
    1c00c90c:	6e69                	lui	t3,0x1a
    1c00c90e:	7469                	lui	s0,0xffffa
    1c00c910:	6620                	ld	s0,72(a2)
    1c00c912:	2520726f          	jal	tp,0x1c013b64
    1c00c916:	756c                	ld	a1,232(a0)
    1c00c918:	4d20                	lw	s0,88(a0)
    1c00c91a:	2062                	fld	ft0,24(sp)
    1c00c91c:	4152                	lw	sp,20(sp)
    1c00c91e:	2e4d                	addiw	t3,t3,19 # 0x1a013
    1c00c920:	2e2e                	fld	ft8,200(sp)
    1c00c922:	000a                	c.slli	zero,0x2
    1c00c924:	0000                	unimp
    1c00c926:	0000                	unimp
    1c00c928:	5244                	lw	s1,36(a2)
    1c00c92a:	4d41                	li	s10,16
    1c00c92c:	7320                	ld	s0,96(a4)
    1c00c92e:	7a69                	lui	s4,0xffffa
    1c00c930:	2065                	.insn	2, 0x2065
    1c00c932:	696d                	lui	s2,0x1b
    1c00c934:	74616d73          	csrrsi	s10,0x746,2
    1c00c938:	202e6863          	bltu	t3,sp,0x1c00cb48
    1c00c93c:	6552                	ld	a0,272(sp)
    1c00c93e:	642d                	lui	s0,0xb
    1c00c940:	4444206f          	j	0x1c04ed84
    1c00c944:	2052                	fld	ft0,272(sp)
    1c00c946:	6e69                	lui	t3,0x1a
    1c00c948:	7469                	lui	s0,0xffffa
    1c00c94a:	2e2e                	fld	ft8,200(sp)
    1c00c94c:	002e                	c.slli	zero,0xb
    1c00c94e:	0000                	unimp
    1c00c950:	6544                	ld	s1,136(a0)
    1c00c952:	6574                	ld	a3,200(a0)
    1c00c954:	64657463          	bgeu	a0,t1,0x1c00cf9c
    1c00c958:	4420                	lw	s0,72(s0)
    1c00c95a:	4152                	lw	sp,20(sp)
    1c00c95c:	204d                	.insn	2, 0x204d
    1c00c95e:	657a6973          	csrrsi	s2,hviprio2h,20
    1c00c962:	203a                	fld	ft0,392(sp)
    1c00c964:	6c25                	lui	s8,0x9
    1c00c966:	2075                	.insn	2, 0x2075
    1c00c968:	624d                	lui	tp,0x13
    1c00c96a:	000a                	c.slli	zero,0x2
    1c00c96c:	0000                	unimp
    1c00c96e:	0000                	unimp
    1c00c970:	6464                	ld	s1,200(s0)
    1c00c972:	2072                	fld	ft0,280(sp)
    1c00c974:	20623177          	.insn	4, 0x20623177
    1c00c978:	6574                	ld	a3,200(a0)
    1c00c97a:	6f207473          	csrrci	s0,0x6f2,0
    1c00c97e:	6120216b          	.insn	4, 0x6120216b
    1c00c982:	6464                	ld	s1,200(s0)
    1c00c984:	3a72                	fld	fs4,312(sp)
    1c00c986:	7830                	ld	a2,112(s0)
    1c00c988:	3032                	fld	ft0,296(sp)
    1c00c98a:	3030                	fld	fa2,96(s0)
    1c00c98c:	3030                	fld	fa2,96(s0)
    1c00c98e:	3030                	fld	fa2,96(s0)
    1c00c990:	7620                	ld	s0,104(a2)
    1c00c992:	6c61                	lui	s8,0x18
    1c00c994:	6575                	lui	a0,0x1d
    1c00c996:	303a                	fld	ft0,424(sp)
    1c00c998:	3578                	fld	fa4,232(a0)
    1c00c99a:	0061                	c.nop	24
    1c00c99c:	0000                	unimp
    1c00c99e:	0000                	unimp
    1c00c9a0:	6572                	ld	a0,280(sp)
    1c00c9a2:	6461                	lui	s0,0x18
    1c00c9a4:	7620                	ld	s0,104(a2)
    1c00c9a6:	6c61                	lui	s8,0x18
    1c00c9a8:	6575                	lui	a0,0x1d
    1c00c9aa:	6920                	ld	s0,80(a0)
    1c00c9ac:	78302073          	csrr	zero,0x783
    1c00c9b0:	7825                	lui	a6,0xfffe9
    1c00c9b2:	000a                	c.slli	zero,0x2
    1c00c9b4:	0000                	unimp
    1c00c9b6:	0000                	unimp
    1c00c9b8:	6464                	ld	s1,200(s0)
    1c00c9ba:	2072                	fld	ft0,280(sp)
    1c00c9bc:	3172                	fld	ft2,312(sp)
    1c00c9be:	2062                	fld	ft0,24(sp)
    1c00c9c0:	6574                	ld	a3,200(a0)
    1c00c9c2:	6f207473          	csrrci	s0,0x6f2,0
    1c00c9c6:	0000216b          	.insn	4, 0x216b
    1c00c9ca:	0000                	unimp
    1c00c9cc:	0000                	unimp
    1c00c9ce:	0000                	unimp
    1c00c9d0:	6464                	ld	s1,200(s0)
    1c00c9d2:	2072                	fld	ft0,280(sp)
    1c00c9d4:	20623277          	.insn	4, 0x20623277
    1c00c9d8:	6574                	ld	a3,200(a0)
    1c00c9da:	6f207473          	csrrci	s0,0x6f2,0
    1c00c9de:	6120216b          	.insn	4, 0x6120216b
    1c00c9e2:	6464                	ld	s1,200(s0)
    1c00c9e4:	3a72                	fld	fs4,312(sp)
    1c00c9e6:	7830                	ld	a2,112(s0)
    1c00c9e8:	30333033          	.insn	4, 0x30333033
    1c00c9ec:	3030                	fld	fa2,96(s0)
    1c00c9ee:	3030                	fld	fa2,96(s0)
    1c00c9f0:	7620                	ld	s0,104(a2)
    1c00c9f2:	6c61                	lui	s8,0x18
    1c00c9f4:	6575                	lui	a0,0x1d
    1c00c9f6:	303a                	fld	ft0,424(sp)
    1c00c9f8:	3578                	fld	fa4,232(a0)
    1c00c9fa:	6161                	addi	sp,sp,80
    1c00c9fc:	00000037          	lui	zero,0x0
    1c00ca00:	6464                	ld	s1,200(s0)
    1c00ca02:	2072                	fld	ft0,280(sp)
    1c00ca04:	3272                	fld	ft4,312(sp)
    1c00ca06:	2062                	fld	ft0,24(sp)
    1c00ca08:	6574                	ld	a3,200(a0)
    1c00ca0a:	6f207473          	csrrci	s0,0x6f2,0
    1c00ca0e:	0000216b          	.insn	4, 0x216b
    1c00ca12:	0000                	unimp
    1c00ca14:	0000                	unimp
    1c00ca16:	0000                	unimp
    1c00ca18:	6464                	ld	s1,200(s0)
    1c00ca1a:	2072                	fld	ft0,280(sp)
    1c00ca1c:	20623477          	.insn	4, 0x20623477
    1c00ca20:	6574                	ld	a3,200(a0)
    1c00ca22:	6f207473          	csrrci	s0,0x6f2,0
    1c00ca26:	6120216b          	.insn	4, 0x6120216b
    1c00ca2a:	6464                	ld	s1,200(s0)
    1c00ca2c:	3a72                	fld	fs4,312(sp)
    1c00ca2e:	7830                	ld	a2,112(s0)
    1c00ca30:	3034                	fld	fa3,96(s0)
    1c00ca32:	3435                	addiw	s0,s0,-19 # 0x17fed
    1c00ca34:	3030                	fld	fa2,96(s0)
    1c00ca36:	3030                	fld	fa2,96(s0)
    1c00ca38:	202c                	fld	fa1,64(s0)
    1c00ca3a:	6176                	ld	sp,344(sp)
    1c00ca3c:	756c                	ld	a1,232(a0)
    1c00ca3e:	3a65                	addiw	s4,s4,-7 # 0xffffffffffff9ff9
    1c00ca40:	7830                	ld	a2,112(s0)
    1c00ca42:	6135                	addi	sp,sp,352
    1c00ca44:	3761                	addiw	a4,a4,-8 # 0xffffffffffffaff8
    1c00ca46:	3331                	addiw	t1,t1,-20 # 0xffffffffffff4fec
    1c00ca48:	3234                	fld	fa3,96(a2)
    1c00ca4a:	0000                	unimp
    1c00ca4c:	0000                	unimp
    1c00ca4e:	0000                	unimp
    1c00ca50:	6464                	ld	s1,200(s0)
    1c00ca52:	2072                	fld	ft0,280(sp)
    1c00ca54:	3472                	fld	fs0,312(sp)
    1c00ca56:	2062                	fld	ft0,24(sp)
    1c00ca58:	6574                	ld	a3,200(a0)
    1c00ca5a:	6f207473          	csrrci	s0,0x6f2,0
    1c00ca5e:	0000216b          	.insn	4, 0x216b
    1c00ca62:	0000                	unimp
    1c00ca64:	0000                	unimp
    1c00ca66:	0000                	unimp
    1c00ca68:	6464                	ld	s1,200(s0)
    1c00ca6a:	2072                	fld	ft0,280(sp)
    1c00ca6c:	20623877          	.insn	4, 0x20623877
    1c00ca70:	6574                	ld	a3,200(a0)
    1c00ca72:	6f207473          	csrrci	s0,0x6f2,0
    1c00ca76:	6120216b          	.insn	4, 0x6120216b
    1c00ca7a:	6464                	ld	s1,200(s0)
    1c00ca7c:	3a72                	fld	fs4,312(sp)
    1c00ca7e:	7830                	ld	a2,112(s0)
    1c00ca80:	3636                	fld	fa2,360(sp)
    1c00ca82:	3930                	fld	fa2,112(a0)
    1c00ca84:	3039                	.insn	2, 0x3039
    1c00ca86:	3030                	fld	fa2,96(s0)
    1c00ca88:	202c                	fld	fa1,64(s0)
    1c00ca8a:	6176                	ld	sp,344(sp)
    1c00ca8c:	756c                	ld	a1,232(a0)
    1c00ca8e:	3a65                	addiw	s4,s4,-7
    1c00ca90:	7830                	ld	a2,112(s0)
    1c00ca92:	6135                	addi	sp,sp,352
    1c00ca94:	3761                	addiw	a4,a4,-8
    1c00ca96:	3331                	addiw	t1,t1,-20
    1c00ca98:	3234                	fld	fa3,96(a2)
    1c00ca9a:	6135                	addi	sp,sp,352
    1c00ca9c:	6135                	addi	sp,sp,352
    1c00ca9e:	6135                	addi	sp,sp,352
    1c00caa0:	6135                	addi	sp,sp,352
    1c00caa2:	0000                	unimp
    1c00caa4:	0000                	unimp
    1c00caa6:	0000                	unimp
    1c00caa8:	6464                	ld	s1,200(s0)
    1c00caaa:	2072                	fld	ft0,280(sp)
    1c00caac:	3872                	fld	fa6,312(sp)
    1c00caae:	2062                	fld	ft0,24(sp)
    1c00cab0:	6574                	ld	a3,200(a0)
    1c00cab2:	6f207473          	csrrci	s0,0x6f2,0
    1c00cab6:	0000216b          	.insn	4, 0x216b
    1c00caba:	0000                	unimp
    1c00cabc:	0000                	unimp
    1c00cabe:	0000                	unimp
    1c00cac0:	5a5a                	lw	s4,180(sp)
    1c00cac2:	5a5a                	lw	s4,180(sp)
    1c00cac4:	1342                	slli	t1,t1,0x30
    1c00cac6:	31305aa7          	.insn	4, 0x31305aa7
    1c00caca:	3332                	fld	ft6,296(sp)
    1c00cacc:	3534                	fld	fa3,104(a0)
    1c00cace:	3736                	fld	fa4,360(sp)
    1c00cad0:	3938                	fld	fa4,112(a0)
    1c00cad2:	6261                	lui	tp,0x18
    1c00cad4:	66656463          	bltu	a0,t1,0x1c00d13c
    1c00cad8:	6a696867          	.insn	4, 0x6a696867
    1c00cadc:	6e6d6c6b          	.insn	4, 0x6e6d6c6b
    1c00cae0:	7271706f          	j	0x1c024a06
    1c00cae4:	76757473          	csrrci	s0,0x767,10
    1c00cae8:	7a797877          	.insn	4, 0x7a797877
    1c00caec:	0000                	unimp
    1c00caee:	0000                	unimp
    1c00caf0:	3130                	fld	fa2,96(a0)
    1c00caf2:	3332                	fld	ft6,296(sp)
    1c00caf4:	3534                	fld	fa3,104(a0)
    1c00caf6:	3736                	fld	fa4,360(sp)
    1c00caf8:	3938                	fld	fa4,112(a0)
    1c00cafa:	4241                	li	tp,16
    1c00cafc:	46454443          	.insn	4, 0x46454443
    1c00cb00:	4a494847          	fmsub.d	fa6,fs2,ft4,fs1,rmm
    1c00cb04:	4e4d4c4b          	.insn	4, 0x4e4d4c4b
    1c00cb08:	5251504f          	fnmadd.d	ft0,ft2,ft5,fa0,unknown
    1c00cb0c:	56555453          	.insn	4, 0x56555453
    1c00cb10:	5a595857          	.insn	4, 0x5a595857
    1c00cb14:	0000                	unimp
    1c00cb16:	0000                	unimp
    1c00cb18:	4e3c                	lw	a5,88(a2)
    1c00cb1a:	4c55                	li	s8,21
    1c00cb1c:	3e4c                	fld	fa1,184(a2)
    1c00cb1e:	0000                	unimp
    1c00cb20:	aa4c                	fsd	fa1,144(a2)
    1c00cb22:	1c00                	addi	s0,sp,560
    1c00cb24:	aa6c                	fsd	fa1,208(a2)
    1c00cb26:	1c00                	addi	s0,sp,560
    1c00cb28:	aa6c                	fsd	fa1,208(a2)
    1c00cb2a:	1c00                	addi	s0,sp,560
    1c00cb2c:	aa6c                	fsd	fa1,208(a2)
    1c00cb2e:	1c00                	addi	s0,sp,560
    1c00cb30:	aa6c                	fsd	fa1,208(a2)
    1c00cb32:	1c00                	addi	s0,sp,560
    1c00cb34:	aa6c                	fsd	fa1,208(a2)
    1c00cb36:	1c00                	addi	s0,sp,560
    1c00cb38:	aa6c                	fsd	fa1,208(a2)
    1c00cb3a:	1c00                	addi	s0,sp,560
    1c00cb3c:	aa6c                	fsd	fa1,208(a2)
    1c00cb3e:	1c00                	addi	s0,sp,560
    1c00cb40:	aa6c                	fsd	fa1,208(a2)
    1c00cb42:	1c00                	addi	s0,sp,560
    1c00cb44:	a886                	fsd	ft1,80(sp)
    1c00cb46:	1c00                	addi	s0,sp,560
    1c00cb48:	aa6c                	fsd	fa1,208(a2)
    1c00cb4a:	1c00                	addi	s0,sp,560
    1c00cb4c:	a734                	fsd	fa3,72(a4)
    1c00cb4e:	1c00                	addi	s0,sp,560
    1c00cb50:	aa64                	fsd	fs1,208(a2)
    1c00cb52:	1c00                	addi	s0,sp,560
    1c00cb54:	aa6c                	fsd	fa1,208(a2)
    1c00cb56:	1c00                	addi	s0,sp,560
    1c00cb58:	aa6c                	fsd	fa1,208(a2)
    1c00cb5a:	1c00                	addi	s0,sp,560
    1c00cb5c:	aa6c                	fsd	fa1,208(a2)
    1c00cb5e:	1c00                	addi	s0,sp,560
    1c00cb60:	aa6c                	fsd	fa1,208(a2)
    1c00cb62:	1c00                	addi	s0,sp,560
    1c00cb64:	aa64                	fsd	fs1,208(a2)
    1c00cb66:	1c00                	addi	s0,sp,560
    1c00cb68:	aa6c                	fsd	fa1,208(a2)
    1c00cb6a:	1c00                	addi	s0,sp,560
    1c00cb6c:	aa6c                	fsd	fa1,208(a2)
    1c00cb6e:	1c00                	addi	s0,sp,560
    1c00cb70:	aa6c                	fsd	fa1,208(a2)
    1c00cb72:	1c00                	addi	s0,sp,560
    1c00cb74:	aa6c                	fsd	fa1,208(a2)
    1c00cb76:	1c00                	addi	s0,sp,560
    1c00cb78:	a86a                	fsd	fs10,16(sp)
    1c00cb7a:	1c00                	addi	s0,sp,560
    1c00cb7c:	aa88                	fsd	fa0,16(a3)
    1c00cb7e:	1c00                	addi	s0,sp,560
    1c00cb80:	a84e                	fsd	fs3,16(sp)
    1c00cb82:	1c00                	addi	s0,sp,560
    1c00cb84:	aa6c                	fsd	fa1,208(a2)
    1c00cb86:	1c00                	addi	s0,sp,560
    1c00cb88:	aa6c                	fsd	fa1,208(a2)
    1c00cb8a:	1c00                	addi	s0,sp,560
    1c00cb8c:	a79c                	fsd	fa5,8(a5)
    1c00cb8e:	1c00                	addi	s0,sp,560
    1c00cb90:	aa6c                	fsd	fa1,208(a2)
    1c00cb92:	1c00                	addi	s0,sp,560
    1c00cb94:	aa68                	fsd	fa0,208(a2)
    1c00cb96:	1c00                	addi	s0,sp,560
    1c00cb98:	aa6c                	fsd	fa1,208(a2)
    1c00cb9a:	1c00                	addi	s0,sp,560
    1c00cb9c:	aa6c                	fsd	fa1,208(a2)
    1c00cb9e:	1c00                	addi	s0,sp,560
    1c00cba0:	aa50                	fsd	fa2,144(a2)
    1c00cba2:	1c00                	addi	s0,sp,560
    1c00cba4:	0000                	unimp
    1c00cba6:	0000                	unimp
    1c00cba8:	6874                	ld	a3,208(s0)
    1c00cbaa:	7369                	lui	t1,0xffffa
    1c00cbac:	6d20                	ld	s0,88(a0)
    1c00cbae:	6c75646f          	jal	s0,0x1c063a74
    1c00cbb2:	2065                	.insn	2, 0x2065
    1c00cbb4:	6f64                	ld	s1,216(a4)
    1c00cbb6:	276e                	fld	fa4,216(sp)
    1c00cbb8:	2074                	fld	fa3,192(s0)
    1c00cbba:	756d                	lui	a0,0xffffb
    1c00cbbc:	746c                	ld	a1,232(s0)
    1c00cbbe:	7069                	c.lui	zero,0xffffa
    1c00cbc0:	656c                	ld	a1,200(a0)
    1c00cbc2:	6578                	ld	a4,200(a0)
    1c00cbc4:	2072                	fld	ft0,280(sp)
    1c00cbc6:	6170                	ld	a2,192(a0)
    1c00cbc8:	7364                	ld	s1,224(a4)
    1c00cbca:	2121                	addiw	sp,sp,8
    1c00cbcc:	0021                	c.nop	8
    1c00cbce:	0000                	unimp
    1c00cbd0:	aba6                	fsd	fs1,464(sp)
    1c00cbd2:	1c00                	addi	s0,sp,560
    1c00cbd4:	abae                	fsd	fa1,464(sp)
    1c00cbd6:	1c00                	addi	s0,sp,560
    1c00cbd8:	abb8                	fsd	fa4,80(a5)
    1c00cbda:	1c00                	addi	s0,sp,560
    1c00cbdc:	abc8                	fsd	fa0,144(a5)
    1c00cbde:	1c00                	addi	s0,sp,560
    1c00cbe0:	abc0                	fsd	fs0,144(a5)
    1c00cbe2:	1c00                	addi	s0,sp,560
    1c00cbe4:	abd6                	fsd	fs5,464(sp)
    1c00cbe6:	1c00                	addi	s0,sp,560
    1c00cbe8:	ab9e                	fsd	ft7,464(sp)
    1c00cbea:	1c00                	addi	s0,sp,560
    1c00cbec:	abf8                	fsd	fa4,208(a5)
    1c00cbee:	1c00                	addi	s0,sp,560
    1c00cbf0:	ac1a                	fsd	ft6,24(sp)
    1c00cbf2:	1c00                	addi	s0,sp,560
    1c00cbf4:	abd0                	fsd	fa2,144(a5)
    1c00cbf6:	1c00                	addi	s0,sp,560
    1c00cbf8:	ab98                	fsd	fa4,16(a5)
    1c00cbfa:	1c00                	addi	s0,sp,560
    1c00cbfc:	ac00                	fsd	fs0,24(s0)
    1c00cbfe:	1c00                	addi	s0,sp,560
    1c00cc00:	ac06                	fsd	ft1,24(sp)
    1c00cc02:	1c00                	addi	s0,sp,560
    1c00cc04:	ac10                	fsd	fa2,24(s0)
    1c00cc06:	1c00                	addi	s0,sp,560
    1c00cc08:	abee                	fsd	fs11,464(sp)
    1c00cc0a:	1c00                	addi	s0,sp,560
    1c00cc0c:	abde                	fsd	fs7,464(sp)
    1c00cc0e:	1c00                	addi	s0,sp,560
    1c00cc10:	abe6                	fsd	fs9,464(sp)
    1c00cc12:	1c00                	addi	s0,sp,560
    1c00cc14:	0000                	unimp
    1c00cc16:	0000                	unimp
    1c00cc18:	705f6673          	csrrsi	a2,0x705,30
    1c00cc1c:	6461                	lui	s0,0x18
    1c00cc1e:	735f 7465 665f      	.insn	6, 0x665f7465735f
    1c00cc24:	6e75                	lui	t3,0x1d
    1c00cc26:	72652063          	.insn	4, 0x72652063
    1c00cc2a:	6f72                	ld	t5,280(sp)
    1c00cc2c:	2172                	fld	ft2,280(sp)
    1c00cc2e:	6920                	ld	s0,80(a0)
    1c00cc30:	646e                	ld	s0,216(sp)
    1c00cc32:	7865                	lui	a6,0xffff9
    1c00cc34:	253a                	fld	fa0,392(sp)
    1c00cc36:	2064                	fld	fs1,192(s0)
    1c00cc38:	7566                	ld	a0,120(sp)
    1c00cc3a:	636e                	ld	t1,216(sp)
    1c00cc3c:	253a                	fld	fa0,392(sp)
    1c00cc3e:	2064                	fld	fs1,192(s0)
    1c00cc40:	000a                	c.slli	zero,0x2
    1c00cc42:	0000                	unimp
    1c00cc44:	ac56                	fsd	fs5,24(sp)
    1c00cc46:	1c00                	addi	s0,sp,560
    1c00cc48:	ac7c                	fsd	fa5,216(s0)
    1c00cc4a:	1c00                	addi	s0,sp,560
    1c00cc4c:	ac9c                	fsd	fa5,24(s1)
    1c00cc4e:	1c00                	addi	s0,sp,560
    1c00cc50:	acbc                	fsd	fa5,88(s1)
    1c00cc52:	1c00                	addi	s0,sp,560
    1c00cc54:	acdc                	fsd	fa5,152(s1)
    1c00cc56:	1c00                	addi	s0,sp,560
    1c00cc58:	ad0e                	fsd	ft3,152(sp)
    1c00cc5a:	1c00                	addi	s0,sp,560
    1c00cc5c:	0000                	unimp
    1c00cc5e:	0000                	unimp
    1c00cc60:	0080                	addi	s0,sp,64
	...
    1c00cc9e:	0000                	unimp
    1c00cca0:	8b20                	.insn	2, 0x8b20
    1c00cca2:	fb80                	sd	s0,48(a5)
    1c00cca4:	d812                	sw	tp,48(sp)
    1c00cca6:	5a72                	lw	s4,60(sp)
    1c00cca8:	20232323          	sw	sp,518(t1) # 0xffffffffffffa206
    1c00ccac:	5245                	li	tp,-15
    1c00ccae:	4f52                	lw	t5,20(sp)
    1c00ccb0:	2052                	fld	ft0,272(sp)
    1c00ccb2:	20232323          	sw	sp,518(t1)
    1c00ccb6:	6c50                	ld	a2,152(s0)
    1c00ccb8:	6165                	addi	sp,sp,112
    1c00ccba:	52206573          	csrrsi	a0,0x522,0
    1c00ccbe:	5345                	li	t1,-15
    1c00ccc0:	5445                	li	s0,-15
    1c00ccc2:	7420                	ld	s0,104(s0)
    1c00ccc4:	6568                	ld	a0,200(a0)
    1c00ccc6:	6220                	ld	s0,64(a2)
    1c00ccc8:	6472616f          	jal	sp,0x1c033b0e
    1c00cccc:	2320                	fld	fs0,64(a4)
    1c00ccce:	000a2323          	sw	zero,6(s4)
    1c00ccd2:	0000                	unimp
    1c00ccd4:	0000                	unimp
    1c00ccd6:	0000                	unimp
    1c00ccd8:	3232                	fld	ft4,296(sp)
    1c00ccda:	343a                	fld	fs0,424(sp)
    1c00ccdc:	3a36                	fld	fs4,360(sp)
    1c00ccde:	3735                	addiw	a4,a4,-19
	...
    1c00cce8:	6546                	ld	a0,80(sp)
    1c00ccea:	2062                	fld	ft0,24(sp)
    1c00ccec:	3832                	fld	fa6,296(sp)
    1c00ccee:	3220                	fld	fs0,96(a2)
    1c00ccf0:	3230                	fld	fa2,96(a2)
    1c00ccf2:	0035                	c.nop	13
    1c00ccf4:	0000                	unimp
    1c00ccf6:	0000                	unimp
    1c00ccf8:	6c466953          	.insn	4, 0x6c466953
    1c00ccfc:	7265776f          	jal	a4,0x1c064422
    1c00cd00:	5320                	lw	s0,96(a4)
    1c00cd02:	3246                	fld	ft4,112(sp)
    1c00cd04:	4831                	li	a6,12
    1c00cd06:	3838                	fld	fa4,112(s0)
    1c00cd08:	3839                	addiw	a6,a6,-18 # 0xffffffffffff8fee
    1c00cd0a:	4220                	lw	s0,64(a2)
    1c00cd0c:	6c746f6f          	jal	t5,0x1c053bd2
    1c00cd10:	6564616f          	jal	sp,0x1c053366
    1c00cd14:	2072                	fld	ft0,280(sp)
    1c00cd16:	2528                	fld	fa0,72(a0)
    1c00cd18:	202d2073          	csrs	0x202,s10
    1c00cd1c:	7325                	lui	t1,0xfffe9
    1c00cd1e:	0a29                	addi	s4,s4,10
	...
    1c00cd28:	0020                	addi	s0,sp,8
    1c00cd2a:	0000                	unimp
    1c00cd2c:	0008                	.insn	2, 0x0008
    1c00cd2e:	0000                	unimp
    1c00cd30:	0009                	c.nop	2
    1c00cd32:	0000                	unimp
    1c00cd34:	000a                	c.slli	zero,0x2
    1c00cd36:	0000                	unimp
    1c00cd38:	0000000b          	.insn	4, 0x000b
    1c00cd3c:	000c                	.insn	2, 0x000c
    1c00cd3e:	0000                	unimp
    1c00cd40:	000d                	c.nop	3
    1c00cd42:	0000                	unimp
    1c00cd44:	000e                	c.slli	zero,0x3
    1c00cd46:	0000                	unimp
    1c00cd48:	0000000f          	fence	unknown,unknown
    1c00cd4c:	0018                	.insn	2, 0x0018
    1c00cd4e:	0000                	unimp
    1c00cd50:	0019                	c.nop	6
    1c00cd52:	0000                	unimp
    1c00cd54:	001a                	c.slli	zero,0x6
    1c00cd56:	0000                	unimp
    1c00cd58:	0000001b          	sext.w	zero,zero
    1c00cd5c:	001c                	.insn	2, 0x001c
    1c00cd5e:	0000                	unimp
    1c00cd60:	001d                	c.nop	7
    1c00cd62:	0000                	unimp
    1c00cd64:	001e                	c.slli	zero,0x7
    1c00cd66:	0000                	unimp
    1c00cd68:	0015                	c.nop	5
    1c00cd6a:	0000                	unimp
    1c00cd6c:	0028                	addi	a0,sp,8
    1c00cd6e:	0000                	unimp
    1c00cd70:	0029                	c.nop	10
    1c00cd72:	0000                	unimp
    1c00cd74:	002a                	c.slli	zero,0xa
    1c00cd76:	0000                	unimp
    1c00cd78:	0000002b          	.insn	4, 0x002b
    1c00cd7c:	002c                	addi	a1,sp,8
    1c00cd7e:	0000                	unimp
    1c00cd80:	002d                	c.nop	11
    1c00cd82:	0000                	unimp
    1c00cd84:	002e                	c.slli	zero,0xb
    1c00cd86:	0000                	unimp
    1c00cd88:	0000002f          	.insn	4, 0x002f
    1c00cd8c:	0038                	addi	a4,sp,8
    1c00cd8e:	0000                	unimp
    1c00cd90:	0039                	c.nop	14
    1c00cd92:	0000                	unimp
    1c00cd94:	003a                	c.slli	zero,0xe
    1c00cd96:	0000                	unimp
    1c00cd98:	0000003b          	addw	zero,zero,zero
    1c00cd9c:	003c                	addi	a5,sp,8
    1c00cd9e:	0000                	unimp
    1c00cda0:	003d                	c.nop	15
    1c00cda2:	0000                	unimp
    1c00cda4:	003e                	c.slli	zero,0xf
    1c00cda6:	0000                	unimp
    1c00cda8:	0000003f 00000000 	.insn	8, 0x003f
	...
    1c00d7cc:	001e                	c.slli	zero,0x7
    1c00d7ce:	0000                	unimp
    1c00d7d0:	0002                	c.slli	zero,0x0
    1c00d7d2:	0000                	unimp
    1c00d7d4:	0006                	c.slli	zero,0x1
    1c00d7d6:	0000                	unimp
    1c00d7d8:	0010                	.insn	2, 0x0010
    1c00d7da:	0000                	unimp
    1c00d7dc:	0008                	.insn	2, 0x0008
    1c00d7de:	0000                	unimp
    1c00d7e0:	0020                	addi	s0,sp,8
    1c00d7e2:	0000                	unimp
    1c00d7e4:	0008                	.insn	2, 0x0008
    1c00d7e6:	0000                	unimp
    1c00d7e8:	0030                	addi	a2,sp,8
    1c00d7ea:	0000                	unimp
    1c00d7ec:	0008                	.insn	2, 0x0008
	...
    1c00d8ce:	0000                	unimp
    1c00d8d0:	0001010f          	.insn	4, 0x0001010f
    1c00d8d4:	1f01                	addi	t5,t5,-32 # 0x19fe0
    1c00d8d6:	0101                	addi	sp,sp,0
    1c00d8d8:	0100                	addi	s0,sp,128
    1c00d8da:	00010313          	mv	t1,sp
    1c00d8de:	3000                	fld	fs0,32(s0)
    1c00d8e0:	00000103          	lb	sp,0(zero) # 0x0
    1c00d8e4:	0000003f 01020300 	.insn	8, 0x010203000000003f
    1c00d8ec:	0101                	addi	sp,sp,0
    1c00d8ee:	0101020b          	.insn	4, 0x0101020b
    1c00d8f2:	3b01                	addiw	s6,s6,-32
    1c00d8f4:	0102                	c.slli	sp,0x0
    1c00d8f6:	0201                	addi	tp,tp,0 # 0x18000
    1c00d8f8:	010202bb          	addw	t0,tp,a6
    1c00d8fc:	6b02                	ld	s6,0(sp)
    1c00d8fe:	0102                	c.slli	sp,0x0
    1c00d900:	0401                	addi	s0,s0,0 # 0x18000
    1c00d902:	020402eb          	.insn	4, 0x020402eb
    1c00d906:	d804                	sw	s1,48(s0)
    1c00d908:	00000103          	lb	sp,0(zero) # 0x0
    1c00d90c:	0310                	addi	a2,sp,384
    1c00d90e:	0001                	nop
    1c00d910:	0200                	addi	s0,sp,256
    1c00d912:	0102                	c.slli	sp,0x0
    1c00d914:	0100                	addi	s0,sp,128
    1c00d916:	0284                	addi	s1,sp,320
    1c00d918:	0001                	nop
    1c00d91a:	3201                	addiw	tp,tp,-32 # 0xffffffffffffffe0
    1c00d91c:	0102                	c.slli	sp,0x0
    1c00d91e:	0400                	addi	s0,sp,512
    1c00d920:	0234                	addi	a3,sp,264
    1c00d922:	0001                	nop
    1c00d924:	0604                	addi	s1,sp,768
    1c00d926:	0000                	unimp
    1c00d928:	0000                	unimp
    1c00d92a:	0004                	.insn	2, 0x0004
    1c00d92c:	0000                	unimp
    1c00d92e:	9f00                	.insn	2, 0x9f00
    1c00d930:	0000                	unimp
    1c00d932:	0101                	addi	sp,sp,0
    1c00d934:	00ff 0000 0000 0000 	.insn	10, 0x00ff
    1c00d93c:	0000 
    1c00d93e:	0000                	unimp
    1c00d940:	00c8                	addi	a0,sp,68
    1c00d942:	0000                	unimp
    1c00d944:	0000                	unimp
    1c00d946:	0000                	unimp
    1c00d948:	00000753          	fadd.s	fa4,ft0,ft0,rne
	...
    1c00d9a8:	00000007          	.insn	4, 0x0007
    1c00d9ac:	0000                	unimp
    1c00d9ae:	0000                	unimp
    1c00d9b0:	0006                	c.slli	zero,0x1
	...
    1c00d9ba:	0000                	unimp
    1c00d9bc:	1040                	addi	s0,sp,36
    1c00d9be:	0000                	unimp
    1c00d9c0:	0000001b          	sext.w	zero,zero
    1c00d9c4:	0000001b          	sext.w	zero,zero
    1c00d9c8:	0008                	.insn	2, 0x0008
    1c00d9ca:	0000                	unimp
    1c00d9cc:	0000003b          	addw	zero,zero,zero
    1c00d9d0:	00000007          	.insn	4, 0x0007
    1c00d9d4:	00000007          	.insn	4, 0x0007
    1c00d9d8:	0015                	c.nop	5
    1c00d9da:	0000                	unimp
    1c00d9dc:	0000                	unimp
    1c00d9de:	0000                	unimp
    1c00d9e0:	001f 0000 0005      	.insn	6, 0x00050000001f
    1c00d9e6:	0000                	unimp
    1c00d9e8:	0028                	addi	a0,sp,8
    1c00d9ea:	0000                	unimp
    1c00d9ec:	000c                	.insn	2, 0x000c
    1c00d9ee:	0000                	unimp
    1c00d9f0:	0004                	.insn	2, 0x0004
    1c00d9f2:	0000                	unimp
    1c00d9f4:	0004                	.insn	2, 0x0004
    1c00d9f6:	0000                	unimp
    1c00d9f8:	0200                	addi	s0,sp,256
	...
    1c00da0a:	0000                	unimp
    1c00da0c:	0200                	addi	s0,sp,256
    1c00da0e:	0000                	unimp
    1c00da10:	0200                	addi	s0,sp,256
    1c00da12:	0000                	unimp
    1c00da14:	0100                	addi	s0,sp,128
    1c00da16:	0000                	unimp
    1c00da18:	0040                	addi	s0,sp,4
    1c00da1a:	0000                	unimp
    1c00da1c:	000d                	c.nop	3
    1c00da1e:	0000                	unimp
    1c00da20:	0004                	.insn	2, 0x0004
    1c00da22:	0000                	unimp
    1c00da24:	0006                	c.slli	zero,0x1
    1c00da26:	0000                	unimp
    1c00da28:	0006                	c.slli	zero,0x1
    1c00da2a:	0000                	unimp
    1c00da2c:	0006                	c.slli	zero,0x1
    1c00da2e:	0000                	unimp
    1c00da30:	00000003          	lb	zero,0(zero) # 0x0
    1c00da34:	0004                	.insn	2, 0x0004
    1c00da36:	0000                	unimp
    1c00da38:	0004                	.insn	2, 0x0004
	...
    1c00da6e:	0000                	unimp
    1c00da70:	04e2                	slli	s1,s1,0x18
	...
    1c00dace:	0000                	unimp
    1c00dad0:	000a                	c.slli	zero,0x2
    1c00dad2:	0000                	unimp
    1c00dad4:	0000                	unimp
    1c00dad6:	0000                	unimp
    1c00dad8:	0008                	.insn	2, 0x0008
	...
    1c00dae2:	0000                	unimp
    1c00dae4:	1860                	addi	s0,sp,60
    1c00dae6:	0000                	unimp
    1c00dae8:	0020                	addi	s0,sp,8
    1c00daea:	0000                	unimp
    1c00daec:	00000027          	.insn	4, 0x0027
    1c00daf0:	000c                	.insn	2, 0x000c
    1c00daf2:	0000                	unimp
    1c00daf4:	0058                	addi	a4,sp,4
    1c00daf6:	0000                	unimp
    1c00daf8:	0000000b          	.insn	4, 0x000b
    1c00dafc:	0000000b          	.insn	4, 0x000b
    1c00db00:	001c                	.insn	2, 0x001c
    1c00db02:	0000                	unimp
    1c00db04:	0000                	unimp
    1c00db06:	0000                	unimp
    1c00db08:	002e                	c.slli	zero,0xb
    1c00db0a:	0000                	unimp
    1c00db0c:	0006                	c.slli	zero,0x1
    1c00db0e:	0000                	unimp
    1c00db10:	0028                	addi	a0,sp,8
    1c00db12:	0000                	unimp
    1c00db14:	000c                	.insn	2, 0x000c
    1c00db16:	0000                	unimp
    1c00db18:	0004                	.insn	2, 0x0004
    1c00db1a:	0000                	unimp
    1c00db1c:	0004                	.insn	2, 0x0004
    1c00db1e:	0000                	unimp
    1c00db20:	0200                	addi	s0,sp,256
	...
    1c00db32:	0000                	unimp
    1c00db34:	0200                	addi	s0,sp,256
    1c00db36:	0000                	unimp
    1c00db38:	0200                	addi	s0,sp,256
    1c00db3a:	0000                	unimp
    1c00db3c:	0100                	addi	s0,sp,128
    1c00db3e:	0000                	unimp
    1c00db40:	0040                	addi	s0,sp,4
    1c00db42:	0000                	unimp
    1c00db44:	0014                	.insn	2, 0x0014
    1c00db46:	0000                	unimp
    1c00db48:	0005                	c.nop	1
    1c00db4a:	0000                	unimp
    1c00db4c:	0008                	.insn	2, 0x0008
    1c00db4e:	0000                	unimp
    1c00db50:	0008                	.insn	2, 0x0008
    1c00db52:	0000                	unimp
    1c00db54:	0006                	c.slli	zero,0x1
    1c00db56:	0000                	unimp
    1c00db58:	0004                	.insn	2, 0x0004
    1c00db5a:	0000                	unimp
    1c00db5c:	0006                	c.slli	zero,0x1
    1c00db5e:	0000                	unimp
    1c00db60:	0006                	c.slli	zero,0x1
	...
    1c00db96:	0000                	unimp
    1c00db98:	03aa                	slli	t2,t2,0xa
	...
    1c00dbf6:	0000                	unimp
    1c00dbf8:	0000000b          	.insn	4, 0x000b
    1c00dbfc:	0000                	unimp
    1c00dbfe:	0000                	unimp
    1c00dc00:	000a                	c.slli	zero,0x2
	...
    1c00dc0a:	0000                	unimp
    1c00dc0c:	207c                	fld	fa5,192(s0)
    1c00dc0e:	0000                	unimp
    1c00dc10:	0026                	c.slli	zero,0x9
    1c00dc12:	0000                	unimp
    1c00dc14:	0030                	addi	a2,sp,8
    1c00dc16:	0000                	unimp
    1c00dc18:	0010                	.insn	2, 0x0010
    1c00dc1a:	0000                	unimp
    1c00dc1c:	0116                	slli	sp,sp,0x5
    1c00dc1e:	0000                	unimp
    1c00dc20:	000c                	.insn	2, 0x000c
    1c00dc22:	0000                	unimp
    1c00dc24:	000c                	.insn	2, 0x000c
    1c00dc26:	0000                	unimp
    1c00dc28:	0025                	c.nop	9
    1c00dc2a:	0000                	unimp
    1c00dc2c:	0000                	unimp
    1c00dc2e:	0000                	unimp
    1c00dc30:	003e                	c.slli	zero,0xf
    1c00dc32:	0000                	unimp
    1c00dc34:	0008                	.insn	2, 0x0008
    1c00dc36:	0000                	unimp
    1c00dc38:	0028                	addi	a0,sp,8
    1c00dc3a:	0000                	unimp
    1c00dc3c:	0010                	.insn	2, 0x0010
    1c00dc3e:	0000                	unimp
    1c00dc40:	0004                	.insn	2, 0x0004
    1c00dc42:	0000                	unimp
    1c00dc44:	0004                	.insn	2, 0x0004
    1c00dc46:	0000                	unimp
    1c00dc48:	0200                	addi	s0,sp,256
	...
    1c00dc5a:	0000                	unimp
    1c00dc5c:	0200                	addi	s0,sp,256
    1c00dc5e:	0000                	unimp
    1c00dc60:	000002ab          	.insn	4, 0x02ab
    1c00dc64:	0156                	slli	sp,sp,0x15
    1c00dc66:	0000                	unimp
    1c00dc68:	0056                	c.slli	zero,0x15
    1c00dc6a:	0000                	unimp
    1c00dc6c:	001a                	c.slli	zero,0x6
    1c00dc6e:	0000                	unimp
    1c00dc70:	00000007          	.insn	4, 0x0007
    1c00dc74:	0000000b          	.insn	4, 0x000b
    1c00dc78:	0000000b          	.insn	4, 0x000b
    1c00dc7c:	00000007          	.insn	4, 0x0007
    1c00dc80:	0006                	c.slli	zero,0x1
    1c00dc82:	0000                	unimp
    1c00dc84:	0008                	.insn	2, 0x0008
    1c00dc86:	0000                	unimp
    1c00dc88:	0008                	.insn	2, 0x0008
	...
    1c00dcbe:	0000                	unimp
    1c00dcc0:	09c4                	addi	s1,sp,212
	...
    1c00dd1e:	0000                	unimp
    1c00dd20:	0006                	c.slli	zero,0x1
    1c00dd22:	0000                	unimp
    1c00dd24:	0000                	unimp
    1c00dd26:	0000                	unimp
    1c00dd28:	0005                	c.nop	1
	...
    1c00dd32:	0000                	unimp
    1c00dd34:	0c30                	addi	a2,sp,536
    1c00dd36:	0000                	unimp
    1c00dd38:	0014                	.insn	2, 0x0014
    1c00dd3a:	0000                	unimp
    1c00dd3c:	0015                	c.nop	5
    1c00dd3e:	0000                	unimp
    1c00dd40:	0006                	c.slli	zero,0x1
    1c00dd42:	0000                	unimp
    1c00dd44:	002c                	addi	a1,sp,8
    1c00dd46:	0000                	unimp
    1c00dd48:	0006                	c.slli	zero,0x1
    1c00dd4a:	0000                	unimp
    1c00dd4c:	0006                	c.slli	zero,0x1
    1c00dd4e:	0000                	unimp
    1c00dd50:	0010                	.insn	2, 0x0010
    1c00dd52:	0000                	unimp
    1c00dd54:	0000                	unimp
    1c00dd56:	0000                	unimp
    1c00dd58:	00000017          	auipc	zero,0x0
    1c00dd5c:	0004                	.insn	2, 0x0004
    1c00dd5e:	0000                	unimp
    1c00dd60:	0028                	addi	a0,sp,8
    1c00dd62:	0000                	unimp
    1c00dd64:	000c                	.insn	2, 0x000c
    1c00dd66:	0000                	unimp
    1c00dd68:	0004                	.insn	2, 0x0004
    1c00dd6a:	0000                	unimp
    1c00dd6c:	0004                	.insn	2, 0x0004
    1c00dd6e:	0000                	unimp
    1c00dd70:	0200                	addi	s0,sp,256
	...
    1c00dd82:	0000                	unimp
    1c00dd84:	0200                	addi	s0,sp,256
    1c00dd86:	0000                	unimp
    1c00dd88:	0200                	addi	s0,sp,256
    1c00dd8a:	0000                	unimp
    1c00dd8c:	0100                	addi	s0,sp,128
    1c00dd8e:	0000                	unimp
    1c00dd90:	0040                	addi	s0,sp,4
    1c00dd92:	0000                	unimp
    1c00dd94:	000a                	c.slli	zero,0x2
    1c00dd96:	0000                	unimp
    1c00dd98:	00000003          	lb	zero,0(zero) # 0x0
    1c00dd9c:	0005                	c.nop	1
    1c00dd9e:	0000                	unimp
    1c00dda0:	0005                	c.nop	1
    1c00dda2:	0000                	unimp
    1c00dda4:	0004                	.insn	2, 0x0004
    1c00dda6:	0000                	unimp
    1c00dda8:	00000003          	lb	zero,0(zero) # 0x0
    1c00ddac:	0004                	.insn	2, 0x0004
    1c00ddae:	0000                	unimp
    1c00ddb0:	0004                	.insn	2, 0x0004
	...
    1c00dde6:	0000                	unimp
    1c00dde8:	042a                	slli	s0,s0,0xa
    1c00ddea:	0000                	unimp
    1c00ddec:	0000                	unimp
    1c00ddee:	0000                	unimp
    1c00ddf0:	f1f2                	sd	t3,224(sp)
    1c00ddf2:	1371                	addi	t1,t1,-4 # 0xfffffffffffe8ffc
    1c00ddf4:	060539c7          	.insn	4, 0x060539c7
    1c00ddf8:	770e                	ld	a4,224(sp)
    1c00ddfa:	f05d49c7          	fmsub.s	fs3,fs10,ft5,ft10,rmm
    1c00ddfe:	9f76                	add	t5,t5,t4
    1c00de00:	1ace                	slli	s5,s5,0x33
    1c00de02:	e042                	sd	a6,0(sp)
    1c00de04:	6e6a                	ld	t3,152(sp)
    1c00de06:	4439                	li	s0,14
    1c00de08:	9cc9                	.insn	2, 0x9cc9
    1c00de0a:	a03079c7          	fmsub.s	fs3,ft0,ft3,fs4
    1c00de0e:	755c                	ld	a5,168(a0)
    1c00de10:	0098                	addi	a4,sp,64
    1c00de12:	0000                	unimp
    1c00de14:	0050                	addi	a2,sp,4
    1c00de16:	0000                	unimp
    1c00de18:	0050                	addi	a2,sp,4
    1c00de1a:	0000                	unimp
    1c00de1c:	0050                	addi	a2,sp,4
    1c00de1e:	0000                	unimp
    1c00de20:	0050                	addi	a2,sp,4
    1c00de22:	0000                	unimp
    1c00de24:	0050                	addi	a2,sp,4
    1c00de26:	0000                	unimp
    1c00de28:	0050                	addi	a2,sp,4
    1c00de2a:	0000                	unimp
    1c00de2c:	0050                	addi	a2,sp,4
    1c00de2e:	0000                	unimp
    1c00de30:	0050                	addi	a2,sp,4
    1c00de32:	0000                	unimp
    1c00de34:	0050                	addi	a2,sp,4
    1c00de36:	0000                	unimp
    1c00de38:	0050                	addi	a2,sp,4
    1c00de3a:	0000                	unimp
    1c00de3c:	0050                	addi	a2,sp,4
    1c00de3e:	0000                	unimp
    1c00de40:	0050                	addi	a2,sp,4
    1c00de42:	0000                	unimp
    1c00de44:	0050                	addi	a2,sp,4
    1c00de46:	0000                	unimp
    1c00de48:	0050                	addi	a2,sp,4
    1c00de4a:	0000                	unimp
    1c00de4c:	0050                	addi	a2,sp,4
    1c00de4e:	0000                	unimp
    1c00de50:	0050                	addi	a2,sp,4
    1c00de52:	0000                	unimp
    1c00de54:	0050                	addi	a2,sp,4
    1c00de56:	0000                	unimp
    1c00de58:	0050                	addi	a2,sp,4
    1c00de5a:	0000                	unimp
    1c00de5c:	0050                	addi	a2,sp,4
    1c00de5e:	0000                	unimp
    1c00de60:	2069                	.insn	2, 0x2069
    1c00de62:	0040                	addi	s0,sp,4
    1c00de64:	264a                	fld	fa2,144(sp)
    1c00de66:	7000                	ld	s0,32(s0)
    1c00de68:	264a                	fld	fa2,144(sp)
    1c00de6a:	7000                	ld	s0,32(s0)
    1c00de6c:	264a                	fld	fa2,144(sp)
    1c00de6e:	7000                	ld	s0,32(s0)
	...
    1c00de90:	7054                	ld	a3,160(s0)
    1c00de92:	7ce0                	ld	s0,248(s1)
    1c00de94:	4300                	lw	s0,0(a4)
    1c00de96:	1101                	addi	sp,sp,-32
    1c00de98:	048c                	addi	a1,sp,576
    1c00de9a:	2242                	fld	ft4,16(sp)
    1c00de9c:	8042                	c.mv	zero,a6
    1c00de9e:	1b01                	addi	s6,s6,-32
    1c00dea0:	0312                	slli	t1,t1,0x4
    1c00dea2:	7ee0f5fb          	.insn	4, 0x7ee0f5fb
    1c00dea6:	78e0                	ld	s0,240(s1)
    1c00dea8:	702c                	ld	a1,96(s0)
    1c00deaa:	704c                	ld	a1,160(s0)
    1c00deac:	706c                	ld	a1,224(s0)
    1c00deae:	704d                	c.lui	zero,0xffff3
    1c00deb0:	706d                	c.lui	zero,0xffffb
    1c00deb2:	708d                	lui	ra,0xfffe3
    1c00deb4:	70ad                	lui	ra,0xfffeb
    1c00deb6:	70cd                	lui	ra,0xffff3
    1c00deb8:	70ed                	lui	ra,0xffffb
    1c00deba:	206a                	fld	ft0,152(sp)
    1c00debc:	0280                	addi	s0,sp,320
    1c00debe:	b88d                	j	0x1c00d730
    1c00dec0:	2029                	.insn	2, 0x2029
    1c00dec2:	8000                	.insn	2, 0x8000
    1c00dec4:	800044db          	.insn	4, 0x800044db
    1c00dec8:	4000                	lw	s0,0(s0)
    1c00deca:	800042db          	.insn	4, 0x800042db
    1c00dece:	0400                	addi	s0,sp,512
    1c00ded0:	78e0706f          	j	0x1c01565e
    1c00ded4:	2022                	fld	ft0,8(sp)
    1c00ded6:	0f80                	addi	s0,sp,976
    1c00ded8:	0000                	unimp
    1c00deda:	0f30                	addi	a2,sp,920
    1c00dedc:	2069                	.insn	2, 0x2069
    1c00dede:	0040                	addi	s0,sp,4
    1c00dee0:	78e0                	ld	s0,240(s1)
    1c00dee2:	f1fe                	sd	t6,224(sp)
    1c00dee4:	c3e1                	beqz	a5,0x1c00dfa4
    1c00dee6:	c2e1                	beqz	a3,0x1c00dfa6
    1c00dee8:	c1e1                	beqz	a1,0x1c00dfa8
    1c00deea:	c0e1                	beqz	s1,0x1c00dfaa
    1c00deec:	c0f1                	beqz	s1,0x1c00dfb0
    1c00deee:	c1a1                	beqz	a1,0x1c00df2e
    1c00def0:	e805                	bnez	s0,0x1c00df20
    1c00def2:	c0d17487          	.insn	4, 0xc0d17487
    1c00def6:	7fe0                	ld	s0,248(a5)
    1c00def8:	c0a4                	sw	s1,64(s1)
    1c00defa:	0843226f          	jal	tp,0x1c03ff7e
    1c00defe:	8a00                	.insn	2, 0x8a00
    1c00df00:	aa04                	fsd	fs1,16(a2)
    1c00df02:	8a08                	.insn	2, 0x8a08
    1c00df04:	208c                	fld	fa1,0(s1)
    1c00df06:	f20d8fc3          	fmadd.d	ft11,fs11,ft0,ft10,rne
    1c00df0a:	c084                	sw	s1,0(s1)
    1c00df0c:	c040                	sw	s0,4(s0)
    1c00df0e:	4020                	lw	s0,64(s0)
    1c00df10:	0da6                	slli	s11,s11,0x9
    1c00df12:	01a0                	addi	s0,sp,200
    1c00df14:	c184                	sw	s1,0(a1)
    1c00df16:	040241c3          	.insn	4, 0x040241c3
    1c00df1a:	0000                	unimp
    1c00df1c:	0d6e                	slli	s10,s10,0x1b
    1c00df1e:	0020                	addi	s0,sp,8
    1c00df20:	0d2ed8ff d8ff01a0 	.insn	20, 0x78e0f1ff7fff00c420ab700cd8ff01a00d2ed8ff
    1c00df28:	20ab700c 7fff00c4 
    1c00df30:	78e0f1ff 
    1c00df34:	781d791b          	.insn	4, 0x781d791b
    1c00df38:	781d                	lui	a6,0xfffe7
    1c00df3a:	781d                	lui	a6,0xfffe7
    1c00df3c:	781d                	lui	a6,0xfffe7
    1c00df3e:	2144                	fld	fs1,128(a0)
    1c00df40:	0201                	addi	tp,tp,0 # 0x0
    1c00df42:	b8c2                	fsd	fa6,112(sp)
    1c00df44:	7905                	lui	s2,0xfffe1
    1c00df46:	7fe0                	ld	s0,248(a5)
    1c00df48:	6904                	ld	s1,16(a0)
    1c00df4a:	78e0                	ld	s0,240(s1)
    1c00df4c:	781d                	lui	a6,0xfffe7
    1c00df4e:	781d                	lui	a6,0xfffe7
    1c00df50:	781d                	lui	a6,0xfffe7
    1c00df52:	80402053          	.insn	4, 0x80402053
    1c00df56:	704c                	ld	a1,160(s0)
    1c00df58:	f202                	sd	zero,288(sp)
    1c00df5a:	4912                	lw	s2,4(sp)
    1c00df5c:	7fe0                	ld	s0,248(a5)
    1c00df5e:	781d784f          	fnmadd.s	fa6,fs10,ft1,fa5
    1c00df62:	781d                	lui	a6,0xfffe7
    1c00df64:	781d                	lui	a6,0xfffe7
    1c00df66:	b8c2                	fsd	fa6,112(sp)
    1c00df68:	7fe0                	ld	s0,248(a5)
    1c00df6a:	7504                	ld	s1,40(a0)
    1c00df6c:	c2e6                	sw	s9,68(sp)
    1c00df6e:	1cfc                	addi	a5,sp,636
    1c00df70:	b6c8                	fsd	fa0,168(a3)
    1c00df72:	c1b5                	beqz	a1,0x1c00dfd6
    1c00df74:	c254                	sw	a3,4(a2)
    1c00df76:	4528                	lw	a0,72(a0)
    1c00df78:	4200                	lw	s0,0(a2)
    1c00df7a:	00ee41c3          	fmadd.s	ft3,ft8,fa4,ft0,rmm
    1c00df7e:	0001                	nop
    1c00df80:	0d0a                	slli	s10,s10,0x2
    1c00df82:	0020                	addi	s0,sp,8
    1c00df84:	750c                	ld	a1,40(a0)
    1c00df86:	f035706f          	j	0x1bf65e88
    1c00df8a:	4261                	li	tp,24
    1c00df8c:	f009                	bnez	s0,0x1c00de8e
    1c00df8e:	c014                	sw	a3,0(s0)
    1c00df90:	20f4                	fld	fa3,192(s1)
    1c00df92:	c08e0083          	lb	ra,-1016(t3) # 0x1cc08
    1c00df96:	7834                	ld	a3,112(s0)
    1c00df98:	b060                	fsd	fs0,224(s0)
    1c00df9a:	62ba                	ld	t0,392(sp)
    1c00df9c:	7124                	ld	s1,96(a0)
    1c00df9e:	829409f3          	.insn	4, 0x829409f3
    1c00dfa2:	911c4183          	lbu	gp,-1775(s8) # 0x17911
    1c00dfa6:	1446                	slli	s0,s0,0x31
    1c00dfa8:	915f3103          	ld	sp,-1771(t5)
    1c00dfac:	1448c053          	.insn	4, 0x1448c053
    1c00dfb0:	3101                	addiw	sp,sp,-32
    1c00dfb2:	144a                	slli	s0,s0,0x32
    1c00dfb4:	3100                	fld	fs0,32(a0)
    1c00dfb6:	143a                	slli	s0,s0,0x2e
    1c00dfb8:	311f 143c 311e      	.insn	6, 0x311e143c311f
    1c00dfbe:	1440                	addi	s0,sp,548
    1c00dfc0:	1442310f          	.insn	4, 0x1442310f
    1c00dfc4:	310e                	fld	ft2,224(sp)
    1c00dfc6:	1444                	addi	s1,sp,548
    1c00dfc8:	310c                	fld	fa1,32(a0)
    1c00dfca:	c346                	sw	a7,132(sp)
    1c00dfcc:	c048c313          	xori	t1,a7,-1020
    1c00dfd0:	c242c147          	fmsub.d	ft2,ft5,ft4,fs8,rmm
    1c00dfd4:	750c                	ld	a1,40(a0)
    1c00dfd6:	00ef41c3          	fmadd.s	ft3,ft10,fa4,ft0,rmm
    1c00dfda:	c445000b          	.insn	4, 0xc445000b
    1c00dfde:	c644                	sw	s1,12(a2)
    1c00dfe0:	1c04c743          	.insn	4, 0x1c04c743
    1c00dfe4:	3780                	fld	fs0,40(a5)
    1c00dfe6:	1c00                	addi	s0,sp,560
    1c00dfe8:	37c0                	fld	fs0,168(a5)
    1c00dfea:	0ca2                	slli	s9,s9,0x8
    1c00dfec:	0020                	addi	s0,sp,8
    1c00dfee:	4261                	li	tp,24
    1c00dff0:	232f7167          	.insn	4, 0x232f7167
    1c00dff4:	16c8                	addi	a0,sp,868
    1c00dff6:	93640b97          	auipc	s7,0x93640
    1c00dffa:	702c                	ld	a1,96(s0)
    1c00dffc:	c0b5                	beqz	s1,0x1c00e060
    1c00dffe:	1404                	addi	s1,sp,544
    1c00e000:	c6c6341b          	.insn	4, 0xc6c6341b
    1c00e004:	2845                	addiw	a6,a6,17 # 0xfffffffffffe7011
    1c00e006:	0242                	slli	tp,tp,0x10
    1c00e008:	218a                	fld	ft3,128(sp)
    1c00e00a:	0dff 7949 6038 790f 	.insn	10, 0x034d790f603879490dff
    1c00e012:	034d 
    1c00e014:	0160                	addi	s0,sp,140
    1c00e016:	4040                	lw	s0,4(s0)
    1c00e018:	c2e6                	sw	s9,68(sp)
    1c00e01a:	70ad                	lui	ra,0xfffeb
    1c00e01c:	900846cb          	fnmsub.s	fa3,fa6,ft0,fs2,rmm
    1c00e020:	01e4                	addi	s1,sp,204
    1c00e022:	b6a0                	fsd	fs0,104(a3)
    1c00e024:	b6a1                	j	0x1c00db6c
    1c00e026:	b6a2                	fsd	fs0,360(sp)
    1c00e028:	0ac3236f          	jal	t1,0x1c0400d4
    1c00e02c:	8b40                	.insn	2, 0x8b40
    1c00e02e:	218c                	fld	fa1,0(a1)
    1c00e030:	229a8fc3          	fmadd.d	ft11,fs5,fs1,ft4,rne
    1c00e034:	0001                	nop
    1c00e036:	2284                	fld	fs1,0(a3)
    1c00e038:	0001                	nop
    1c00e03a:	2205                	addiw	tp,tp,1 # 0x1
    1c00e03c:	f214000f          	.insn	4, 0xf214000f
    1c00e040:	808013ef          	jal	t2,0x1bf0f048
    1c00e044:	201a                	fld	ft0,384(sp)
    1c00e046:	0f80                	addi	s0,sp,976
    1c00e048:	0020                	addi	s0,sp,8
    1c00e04a:	0000                	unimp
    1c00e04c:	2005                	.insn	2, 0x2005
    1c00e04e:	0f82                	c.slli	t6,0x0
    1c00e050:	9004                	.insn	2, 0x9004
    1c00e052:	0040                	addi	s0,sp,4
    1c00e054:	2005                	.insn	2, 0x2005
    1c00e056:	0f80                	addi	s0,sp,976
    1c00e058:	e0409003          	lh	zero,-508(ra) # 0xfffffffffffeae04
    1c00e05c:	b220                	fsd	fs0,96(a2)
    1c00e05e:	0b4e                	slli	s6,s6,0x13
    1c00e060:	0160                	addi	s0,sp,140
    1c00e062:	b020                	fsd	fs0,96(s0)
    1c00e064:	208a                	fld	ft1,128(sp)
    1c00e066:	021a                	slli	tp,tp,0x6
    1c00e068:	900e41c3          	fmadd.s	ft3,ft8,ft0,fs2,rmm
    1c00e06c:	002a                	c.slli	zero,0xa
    1c00e06e:	1efc                	addi	a5,sp,892
    1c00e070:	93c4                	.insn	2, 0x93c4
    1c00e072:	b100                	fsd	fs0,32(a0)
    1c00e074:	800040c3          	fmadd.s	ft1,ft0,ft0,fa6,rmm
    1c00e078:	044d                	addi	s0,s0,19
    1c00e07a:	a8a0                	fsd	fs0,80(s1)
    1c00e07c:	000040c3          	fmadd.s	ft1,ft0,ft0,ft0,rmm
    1c00e080:	0fac                	addi	a1,sp,984
    1c00e082:	b101                	j	0x1c00dc82
    1c00e084:	700c                	ld	a1,32(s0)
    1c00e086:	c6c6                	sw	a7,76(sp)
    1c00e088:	704c                	ld	a1,160(s0)
    1c00e08a:	7210                	ld	a2,32(a2)
    1c00e08c:	20e0                	fld	fs0,192(s1)
    1c00e08e:	07ca                	slli	a5,a5,0x12
    1c00e090:	1600                	addi	s0,sp,800
    1c00e092:	7101                	addi	sp,sp,-512
    1c00e094:	9008                	.insn	2, 0x9008
    1c00e096:	01d6                	slli	gp,gp,0x15
    1c00e098:	803e09f3          	.insn	4, 0x803e09f3
    1c00e09c:	7144                	ld	s1,160(a0)
    1c00e09e:	7ee0                	ld	s0,248(a3)
    1c00e0a0:	c2e2                	sw	s8,68(sp)
    1c00e0a2:	4328                	lw	a0,64(a4)
    1c00e0a4:	0f1a                	slli	t5,t5,0x6
    1c00e0a6:	0020                	addi	s0,sp,8
    1c00e0a8:	260a                	fld	fa2,128(sp)
    1c00e0aa:	3000                	fld	fs0,32(s0)
    1c00e0ac:	900445cb          	fnmsub.s	fa1,fs0,ft0,fs2,rmm
    1c00e0b0:	00f2                	slli	ra,ra,0x1c
    1c00e0b2:	1d00                	addi	s0,sp,688
    1c00e0b4:	1045                	c.nop	-15
    1c00e0b6:	1d00                	addi	s0,sp,688
    1c00e0b8:	1005                	c.nop	-31
    1c00e0ba:	1e00                	addi	s0,sp,816
    1c00e0bc:	7784                	ld	s1,40(a5)
    1c00e0be:	9008                	.insn	2, 0x9008
    1c00e0c0:	01e2                	slli	gp,gp,0x18
    1c00e0c2:	09c6                	slli	s3,s3,0x11
    1c00e0c4:	00a0                	addi	s0,sp,72
    1c00e0c6:	760c                	ld	a1,40(a2)
    1c00e0c8:	10300b17          	auipc	s6,0x10300
    1c00e0cc:	1d10                	addi	a2,sp,688
    1c00e0ce:	1045                	c.nop	-15
    1c00e0d0:	000040c3          	fmadd.s	ft1,ft0,ft0,ft0,rmm
    1c00e0d4:	61a8                	ld	a0,64(a1)
    1c00e0d6:	0fb6                	slli	t6,t6,0xd
    1c00e0d8:	1d10ffcf          	.insn	4, 0x1d10ffcf
    1c00e0dc:	1005                	c.nop	-31
    1c00e0de:	c6c2                	sw	a6,76(sp)
    1c00e0e0:	c2e6                	sw	s9,68(sp)
    1c00e0e2:	1cfc                	addi	a5,sp,636
    1c00e0e4:	b6c8                	fsd	fa0,168(a3)
    1c00e0e6:	c1a1                	beqz	a1,0x1c00e126
    1c00e0e8:	260a                	fld	fa2,128(sp)
    1c00e0ea:	3000                	fld	fs0,32(s0)
    1c00e0ec:	c006                	sw	ra,0(sp)
    1c00e0ee:	4728                	lw	a0,72(a4)
    1c00e0f0:	1c02c107          	.insn	4, 0x1c02c107
    1c00e0f4:	3004                	fld	fs1,32(s0)
    1c00e0f6:	1600                	addi	s0,sp,800
    1c00e0f8:	7080                	ld	s0,32(s1)
    1c00e0fa:	8000                	.insn	2, 0x8000
    1c00e0fc:	044d                	addi	s0,s0,19
    1c00e0fe:	c608                	sw	a0,8(a2)
    1c00e100:	268c                	fld	fa1,8(a3)
    1c00e102:	230abfc3          	fmadd.d	ft11,fs5,fa6,ft4,rup
    1c00e106:	1780                	addi	s0,sp,992
    1c00e108:	4378                	lw	a4,68(a4)
    1c00e10a:	4548                	lw	a0,12(a0)
    1c00e10c:	23ca                	fld	ft7,144(sp)
    1c00e10e:	1001                	c.nop	-32
    1c00e110:	0a19                	addi	s4,s4,6
    1c00e112:	00f1                	addi	ra,ra,28
    1c00e114:	1c01                	addi	s8,s8,-32
    1c00e116:	3042                	fld	ft0,48(sp)
    1c00e118:	01d00933          	add	s2,zero,t4
    1c00e11c:	1600                	addi	s0,sp,800
    1c00e11e:	7080                	ld	s0,32(s1)
    1c00e120:	8000                	.insn	2, 0x8000
    1c00e122:	e88c0013          	addi	zero,s8,-376
    1c00e126:	0d15f013          	andi	zero,a1,209
    1c00e12a:	1590                	addi	a2,sp,736
    1c00e12c:	0d1f 1551 1600      	.insn	6, 0x160015510d1f
    1c00e132:	7080                	ld	s0,32(s1)
    1c00e134:	8000                	.insn	2, 0x8000
    1c00e136:	0001                	nop
    1c00e138:	019f0813          	addi	a6,t5,25
    1c00e13c:	40c1                	li	ra,16
    1c00e13e:	2440                	fld	fs0,136(s0)
    1c00e140:	3041                	.insn	2, 0x3041
    1c00e142:	0c0e                	slli	s8,s8,0x3
    1c00e144:	0060                	addi	s0,sp,12
    1c00e146:	2440                	fld	fs0,136(s0)
    1c00e148:	3082                	fld	ft1,32(sp)
    1c00e14a:	1600                	addi	s0,sp,800
    1c00e14c:	7080                	ld	s0,32(s1)
    1c00e14e:	8000                	.insn	2, 0x8000
    1c00e150:	0001                	nop
    1c00e152:	019e0813          	addi	a6,t3,25
    1c00e156:	10d00d0f          	.insn	4, 0x10d00d0f
    1c00e15a:	15b00d0b          	.insn	4, 0x15b00d0b
    1c00e15e:	7e0578db          	.insn	4, 0x7e0578db
    1c00e162:	0d2d                	addi	s10,s10,11 # 0x1a00b
    1c00e164:	1375                	addi	t1,t1,-3
    1c00e166:	c409                	beqz	s0,0x1c00e170
    1c00e168:	700c                	ld	a1,32(s0)
    1c00e16a:	2025                	.insn	2, 0x2025
    1c00e16c:	0340                	addi	s0,sp,388
    1c00e16e:	f00e                	sd	gp,32(sp)
    1c00e170:	f014                	sd	a3,32(s0)
    1c00e172:	f012                	sd	tp,32(sp)
    1c00e174:	f014                	sd	a3,32(s0)
    1c00e176:	f018f017          	auipc	zero,0xf018f
    1c00e17a:	f010f017          	auipc	zero,0xf010f
    1c00e17e:	f010                	sd	a2,32(s0)
    1c00e180:	f00e                	sd	gp,32(sp)
    1c00e182:	f00e                	sd	gp,32(sp)
    1c00e184:	f00c                	sd	a1,32(s0)
    1c00e186:	740cf00f          	.insn	4, 0x740cf00f
    1c00e18a:	f010                	sd	a2,32(s0)
    1c00e18c:	0d0d                	addi	s10,s10,3
    1c00e18e:	1550                	addi	a2,sp,676
    1c00e190:	0d0d                	addi	s10,s10,3
    1c00e192:	1591                	addi	a1,a1,-28
    1c00e194:	730c                	ld	a1,32(a4)
    1c00e196:	f00a                	sd	sp,32(sp)
    1c00e198:	720c                	ld	a1,32(a2)
    1c00e19a:	f008                	sd	a0,32(s0)
    1c00e19c:	10f10db3          	.insn	4, 0x10f10db3
    1c00e1a0:	d8076d2f          	.insn	4, 0xd8076d2f
    1c00e1a4:	f002                	sd	zero,32(sp)
    1c00e1a6:	750c                	ld	a1,40(a0)
    1c00e1a8:	79fd                	lui	s3,0xfffff
    1c00e1aa:	2144                	fld	fs1,128(a0)
    1c00e1ac:	0e02                	c.slli	t3,0x0
    1c00e1ae:	9c00274b          	.insn	4, 0x9c00274b
    1c00e1b2:	db58                	sw	a4,52(a4)
    1c00e1b4:	01e222cf          	fnmadd.s	ft5,ft4,ft10,ft0,rdn
    1c00e1b8:	7be4                	ld	s1,240(a5)
    1c00e1ba:	2184                	fld	fs1,0(a1)
    1c00e1bc:	0001                	nop
    1c00e1be:	7a65                	lui	s4,0xffff9
    1c00e1c0:	7825                	lui	a6,0xfffe9
    1c00e1c2:	7a05                	lui	s4,0xfffe1
    1c00e1c4:	78fd                	lui	a7,0xfffff
    1c00e1c6:	229a                	fld	ft5,384(sp)
    1c00e1c8:	0004                	.insn	2, 0x0004
    1c00e1ca:	781d                	lui	a6,0xfffe7
    1c00e1cc:	781d                	lui	a6,0xfffe7
    1c00e1ce:	2004                	fld	fs1,0(s0)
    1c00e1d0:	0f80                	addi	s0,sp,976
    1c00e1d2:	0000                	unimp
    1c00e1d4:	2000                	fld	fs0,0(s0)
    1c00e1d6:	2005                	.insn	2, 0x2005
    1c00e1d8:	06c1                	addi	a3,a3,16
    1c00e1da:	7945                	lui	s2,0xffff1
    1c00e1dc:	32c0272f          	.insn	4, 0x32c0272f
    1c00e1e0:	900842c3          	fmadd.s	ft5,fa6,ft0,fs2,rmm
    1c00e1e4:	0000                	unimp
    1c00e1e6:	2705                	addiw	a4,a4,1
    1c00e1e8:	3080                	fld	fs0,32(s1)
    1c00e1ea:	1402                	slli	s0,s0,0x20
    1c00e1ec:	b0203103          	ld	sp,-1278(zero) # 0xfffffffffffffb02
    1c00e1f0:	40e1                	li	ra,24
    1c00e1f2:	1401                	addi	s0,s0,-32
    1c00e1f4:	3081                	addiw	ra,ra,-32
    1c00e1f6:	209a                	fld	ft1,384(sp)
    1c00e1f8:	0004                	.insn	2, 0x0004
    1c00e1fa:	211abec3          	fmadd.s	ft9,fs5,fa7,ft4,rup
    1c00e1fe:	0f81                	addi	t6,t6,0
    1c00e200:	0000                	unimp
    1c00e202:	1000                	addi	s0,sp,32
    1c00e204:	268c                	fld	fa1,8(a3)
    1c00e206:	2004bfc3          	fmadd.s	ft11,fs1,ft0,ft4,rup
    1c00e20a:	0f80                	addi	s0,sp,976
    1c00e20c:	0000                	unimp
    1c00e20e:	0f00                	addi	s0,sp,912
    1c00e210:	78c5                	lui	a7,0xffff1
    1c00e212:	7905                	lui	s2,0xfffe1
    1c00e214:	2754                	fld	fa3,136(a4)
    1c00e216:	3800                	fld	fs0,48(s0)
    1c00e218:	7845                	lui	a6,0xffff1
    1c00e21a:	b020                	fsd	fs0,96(s0)
    1c00e21c:	2755                	addiw	a4,a4,21
    1c00e21e:	3800                	fld	fs0,48(s0)
    1c00e220:	7845                	lui	a6,0xffff1
    1c00e222:	b060                	fsd	fs0,224(s0)
    1c00e224:	2704                	fld	fs1,8(a4)
    1c00e226:	1f80                	addi	s0,sp,1008
    1c00e228:	0000                	unimp
    1c00e22a:	ff00                	sd	s0,56(a4)
    1c00e22c:	7c05                	lui	s8,0xfffe1
    1c00e22e:	2755                	addiw	a4,a4,21
    1c00e230:	3c00                	fld	fs0,56(s0)
    1c00e232:	7a05                	lui	s4,0xfffe1
    1c00e234:	2340                	fld	fs0,128(a4)
    1c00e236:	1040                	addi	s0,sp,36
    1c00e238:	b280                	fsd	fs0,32(a3)
    1c00e23a:	f406                	sd	ra,40(sp)
    1c00e23c:	1e00                	addi	s0,sp,816
    1c00e23e:	7002                	.insn	2, 0x7002
    1c00e240:	8000                	.insn	2, 0x8000
    1c00e242:	044d                	addi	s0,s0,19
    1c00e244:	7487780f          	.insn	4, 0x7487780f
    1c00e248:	1404                	addi	s1,sp,544
    1c00e24a:	c6c6341b          	.insn	4, 0xc6c6341b
    1c00e24e:	01f5092b          	.insn	4, 0x01f5092b
    1c00e252:	710c                	ld	a1,32(a0)
    1c00e254:	2025                	.insn	2, 0x2025
    1c00e256:	0040                	addi	s0,sp,4
    1c00e258:	f1a8                	sd	a0,96(a1)
    1c00e25a:	f007f007          	.insn	4, 0xf007f007
    1c00e25e:	f009                	bnez	s0,0x1c00e160
    1c00e260:	f009                	bnez	s0,0x1c00e162
    1c00e262:	f001f00b          	.insn	4, 0xf001f00b
    1c00e266:	760c                	ld	a1,40(a2)
    1c00e268:	f1a0                	sd	s0,96(a1)
    1c00e26a:	d816                	sw	t0,48(sp)
    1c00e26c:	f19e                	sd	t2,224(sp)
    1c00e26e:	d808                	sw	a0,48(s0)
    1c00e270:	f19c                	sd	a5,32(a1)
    1c00e272:	d820                	sw	s0,112(s0)
    1c00e274:	f19a                	sd	t1,224(sp)
    1c00e276:	700c                	ld	a1,32(s0)
    1c00e278:	f198                	sd	a4,32(a1)
    1c00e27a:	78e0                	ld	s0,240(s1)
    1c00e27c:	c2e6                	sw	s9,68(sp)
    1c00e27e:	1cfc                	addi	a5,sp,636
    1c00e280:	b6c8                	fsd	fa0,168(a3)
    1c00e282:	c1a8                	sw	a0,64(a1)
    1c00e284:	c510                	sw	a2,8(a0)
    1c00e286:	c70ec60f          	.insn	4, 0xc70ec60f
    1c00e28a:	1434                	addi	a3,sp,552
    1c00e28c:	c347301b          	.insn	4, 0xc347301b
    1c00e290:	c246                	sw	a7,4(sp)
    1c00e292:	c145                	beqz	a0,0x1c00e332
    1c00e294:	c044                	sw	s1,4(s0)
    1c00e296:	c642c543          	.insn	4, 0xc642c543
    1c00e29a:	c741                	beqz	a4,0x1c00e322
    1c00e29c:	0e46                	slli	t3,t3,0x11
    1c00e29e:	1c00ffef          	jal	t6,0x1c01d45e
    1c00e2a2:	36c0                	fld	fs0,168(a3)
    1c00e2a4:	1600                	addi	s0,sp,800
    1c00e2a6:	7081                	lui	ra,0xfffe0
    1c00e2a8:	8000                	.insn	2, 0x8000
    1c00e2aa:	0001                	nop
    1c00e2ac:	091f 019e 78db      	.insn	6, 0x78db019e091f
    1c00e2b2:	c042780f          	.insn	4, 0xc042780f
    1c00e2b6:	c004                	sw	s1,0(s0)
    1c00e2b8:	c105                	beqz	a0,0x1c00e2d8
    1c00e2ba:	c206                	sw	ra,4(sp)
    1c00e2bc:	c543c307          	.insn	4, 0xc543c307
    1c00e2c0:	c741                	beqz	a4,0x1c00e348
    1c00e2c2:	0e22                	slli	t3,t3,0x8
    1c00e2c4:	1c00ffef          	jal	t6,0x1c01d484
    1c00e2c8:	36c0                	fld	fs0,168(a3)
    1c00e2ca:	c0a8                	sw	a0,64(s1)
    1c00e2cc:	1404                	addi	s1,sp,544
    1c00e2ce:	c6c6341b          	.insn	4, 0xc6c6341b
    1c00e2d2:	78e0                	ld	s0,240(s1)
    1c00e2d4:	800041c3          	fmadd.s	ft3,ft0,ft0,fa6,rmm
    1c00e2d8:	044d                	addi	s0,s0,19
    1c00e2da:	8920                	.insn	2, 0x8920
    1c00e2dc:	208c                	fld	fa1,0(s1)
    1c00e2de:	20ca8fc3          	fmadd.s	ft11,fs5,fa2,ft4,rne
    1c00e2e2:	0041                	c.nop	16
    1c00e2e4:	1e00                	addi	s0,sp,816
    1c00e2e6:	7004                	ld	s1,32(s0)
    1c00e2e8:	9008                	.insn	2, 0x9008
    1c00e2ea:	01e8                	addi	a0,sp,204
    1c00e2ec:	7ee0                	ld	s0,248(a3)
    1c00e2ee:	78e0                	ld	s0,240(s1)
    1c00e2f0:	800041c3          	fmadd.s	ft3,ft0,ft0,fa6,rmm
    1c00e2f4:	044d                	addi	s0,s0,19
    1c00e2f6:	8920                	.insn	2, 0x8920
    1c00e2f8:	208c                	fld	fa1,0(s1)
    1c00e2fa:	20ca8fc3          	fmadd.s	ft11,fs5,fa2,ft4,rne
    1c00e2fe:	0041                	c.nop	16
    1c00e300:	1e00                	addi	s0,sp,816
    1c00e302:	7004                	ld	s1,32(s0)
    1c00e304:	9008                	.insn	2, 0x9008
    1c00e306:	01e6                	slli	gp,gp,0x19
    1c00e308:	7ee0                	ld	s0,248(a3)
    1c00e30a:	78e0                	ld	s0,240(s1)
    1c00e30c:	900e41c3          	fmadd.s	ft3,ft8,ft0,fs2,rmm
    1c00e310:	004c                	addi	a1,sp,4
    1c00e312:	9160                	.insn	2, 0x9160
    1c00e314:	9141                	srli	a0,a0,0x30
    1c00e316:	221a                	fld	ft4,384(sp)
    1c00e318:	0f81                	addi	t6,t6,0
    1c00e31a:	0001                	nop
    1c00e31c:	0000                	unimp
    1c00e31e:	7965                	lui	s2,0xffff9
    1c00e320:	231ae807          	.insn	4, 0x231ae807
    1c00e324:	0f80                	addi	s0,sp,976
    1c00e326:	8000                	.insn	2, 0x8000
    1c00e328:	0000                	unimp
    1c00e32a:	793d                	lui	s2,0xfffef
    1c00e32c:	f008                	sd	a0,32(s0)
    1c00e32e:	4040                	lw	s0,4(s0)
    1c00e330:	ba61da0f          	.insn	4, 0xba61da0f
    1c00e334:	0aff 8031 781d 793b 	.insn	10, 0x7825793b781d80310aff
    1c00e33c:	7825 
    1c00e33e:	900f41c3          	fmadd.s	ft3,ft10,ft0,fs2,rmm
    1c00e342:	fe4c                	sd	a1,184(a2)
    1c00e344:	da10                	sw	a2,48(a2)
    1c00e346:	b100                	fsd	fs0,32(a0)
    1c00e348:	ba61                	j	0x1c00dce0
    1c00e34a:	0a01                	addi	s4,s4,0 # 0xfffffffffffe1000
    1c00e34c:	0031                	c.nop	12
    1c00e34e:	781d                	lui	a6,0xfffe7
    1c00e350:	7fe0                	ld	s0,248(a5)
    1c00e352:	b101                	j	0x1c00df52
    1c00e354:	c2e4                	sw	s1,68(a3)
    1c00e356:	8830                	.insn	2, 0x8830
    1c00e358:	096d                	addi	s2,s2,27 # 0xfffffffffffef01b
    1c00e35a:	0110                	addi	a2,sp,128
    1c00e35c:	8008                	.insn	2, 0x8008
    1c00e35e:	0869                	addi	a6,a6,26 # 0xfffffffffffe701a
    1c00e360:	0f80                	addi	s0,sp,976
    1c00e362:	0000                	unimp
    1c00e364:	0800                	addi	s0,sp,16
    1c00e366:	800045cb          	fnmsub.s	fa1,ft0,ft0,fa6,rmm
    1c00e36a:	0440                	addi	s0,sp,516
    1c00e36c:	8d08                	.insn	2, 0x8d08
    1c00e36e:	08ea                	slli	a7,a7,0x1a
    1c00e370:	0020                	addi	s0,sp,8
    1c00e372:	702c                	ld	a1,96(s0)
    1c00e374:	1600                	addi	s0,sp,800
    1c00e376:	7081                	lui	ra,0xfffe0
    1c00e378:	8000                	.insn	2, 0x8000
    1c00e37a:	0004                	.insn	2, 0x0004
    1c00e37c:	8d6c                	.insn	2, 0x8d6c
    1c00e37e:	211a8dab          	.insn	4, 0x211a8dab
    1c00e382:	0f82                	c.slli	t6,0x0
    1c00e384:	0010                	.insn	2, 0x0010
    1c00e386:	0000                	unimp
    1c00e388:	f018                	sd	a4,32(s0)
    1c00e38a:	251a                	fld	fa0,384(sp)
    1c00e38c:	1f81                	addi	t6,t6,-32
    1c00e38e:	0000                	unimp
    1c00e390:	2000                	fld	fs0,0(s0)
    1c00e392:	7e45                	lui	t3,0xffff1
    1c00e394:	2105                	addiw	sp,sp,1
    1c00e396:	0f8c                	addi	a1,sp,976
    1c00e398:	9002                	ebreak
    1c00e39a:	1064                	addi	s1,sp,44
    1c00e39c:	251a                	fld	fa0,384(sp)
    1c00e39e:	1f81                	addi	t6,t6,-32
    1c00e3a0:	0000                	unimp
    1c00e3a2:	1000                	addi	s0,sp,32
    1c00e3a4:	71a5                	lui	gp,0xfffe9
    1c00e3a6:	79c5                	lui	s3,0xffff1
    1c00e3a8:	2105793b          	.insn	4, 0x2105793b
    1c00e3ac:	0f81                	addi	t6,t6,0
    1c00e3ae:	9002                	ebreak
    1c00e3b0:	0200                	addi	s0,sp,256
    1c00e3b2:	9120                	.insn	2, 0x9120
    1c00e3b4:	b9c5                	j	0x1c00e0a4
    1c00e3b6:	b420                	fsd	fs0,104(s0)
    1c00e3b8:	83650bd3          	.insn	4, 0x83650bd3
    1c00e3bc:	2055                	.insn	2, 0x2055
    1c00e3be:	0d0e                	slli	s10,s10,0x3
    1c00e3c0:	0e3e                	slli	t3,t3,0xf
    1c00e3c2:	0080                	addi	s0,sp,64
    1c00e3c4:	c6c4                	sw	s1,12(a3)
    1c00e3c6:	78e0                	ld	s0,240(s1)
    1c00e3c8:	c0f1                	beqz	s1,0x1c00e48c
    1c00e3ca:	c1a4                	sw	s1,64(a1)
    1c00e3cc:	700c                	ld	a1,32(s0)
    1c00e3ce:	0c4e                	slli	s8,s8,0x13
    1c00e3d0:	d9ffffef          	jal	t6,0x1c00e16e
    1c00e3d4:	700c                	ld	a1,32(s0)
    1c00e3d6:	c042c043          	fmadd.s	ft0,ft5,ft4,fs8,rmm
    1c00e3da:	c041                	beqz	s0,0x1c00e45a
    1c00e3dc:	d85a                	sw	s6,48(sp)
    1c00e3de:	c040                	sw	s0,4(s0)
    1c00e3e0:	d980d8ff 0cfeda0a 	.insn	20, 0x712cffef0cb6700cdb20ffef0cfeda0ad980d8ff
    1c00e3e8:	db20ffef 0cb6700c 
    1c00e3f0:	712cffef 
    1c00e3f4:	c0a4                	sw	s1,64(s1)
    1c00e3f6:	c0d1                	beqz	s1,0x1c00e47a
    1c00e3f8:	7ee0                	ld	s0,248(a3)
    1c00e3fa:	78e0                	ld	s0,240(s1)
    1c00e3fc:	7014                	ld	a3,32(s0)
    1c00e3fe:	20c0                	fld	fs0,128(s1)
    1c00e400:	0fe9                	addi	t6,t6,26
    1c00e402:	7fe0                	ld	s0,248(a5)
    1c00e404:	2884                	fld	fs1,16(s1)
    1c00e406:	0001                	nop
    1c00e408:	03f00917          	auipc	s2,0x3f00
    1c00e40c:	228a                	fld	ft5,128(sp)
    1c00e40e:	714c0fc7          	fmsub.s	ft11,fs8,fs4,fa4,rne
    1c00e412:	b9c4                	fsd	fs1,176(a1)
    1c00e414:	e905                	bnez	a0,0x1c00e444
    1c00e416:	b961                	j	0x1c00e0ae
    1c00e418:	09ff 8031 7a5b 201a 	.insn	10, 0x0f80201a7a5b803109ff
    1c00e420:	0f80 
    1c00e422:	0000                	unimp
    1c00e424:	2000                	fld	fs0,0(s0)
    1c00e426:	2005                	.insn	2, 0x2005
    1c00e428:	0f81                	addi	t6,t6,0
    1c00e42a:	9002                	ebreak
    1c00e42c:	016a                	slli	sp,sp,0x1a
    1c00e42e:	0240224f          	fnmadd.d	ft4,ft0,ft4,ft0,rdn
    1c00e432:	1900                	addi	s0,sp,176
    1c00e434:	0005                	c.nop	1
    1c00e436:	b140                	fsd	fs0,160(a0)
    1c00e438:	b100                	fsd	fs0,32(a0)
    1c00e43a:	b140                	fsd	fs0,160(a0)
    1c00e43c:	7fe0                	ld	s0,248(a5)
    1c00e43e:	1900                	addi	s0,sp,176
    1c00e440:	0005                	c.nop	1
    1c00e442:	78e0                	ld	s0,240(s1)
    1c00e444:	080d                	addi	a6,a6,3
    1c00e446:	0072                	c.slli	zero,0x1c
    1c00e448:	702c                	ld	a1,96(s0)
    1c00e44a:	48ff 2984 0001 7fe0 	.insn	18, 0x00200be64200c0f1782e7fe00001298448ff
    1c00e452:	782e c0f1 4200 0be6 
    1c00e45a:	0020 
    1c00e45c:	4020                	lw	s0,64(s0)
    1c00e45e:	2144795b          	.insn	4, 0x2144795b
    1c00e462:	0181                	addi	gp,gp,0 # 0xfffffffffffe9000
    1c00e464:	b9c4                	fsd	fs1,176(a1)
    1c00e466:	e906                	sd	ra,144(sp)
    1c00e468:	b961                	j	0x1c00e100
    1c00e46a:	0901                	addi	s2,s2,0 # 0x1ff0e408
    1c00e46c:	0031                	c.nop	12
    1c00e46e:	781d                	lui	a6,0xfffe7
    1c00e470:	c0d1                	beqz	s1,0x1c00e4f4
    1c00e472:	7fe0                	ld	s0,248(a5)
    1c00e474:	b8c1                	j	0x1c00dd44
    1c00e476:	78e0                	ld	s0,240(s1)
    1c00e478:	2032                	fld	ft0,264(sp)
    1c00e47a:	0f80                	addi	s0,sp,976
    1c00e47c:	8000                	.insn	2, 0x8000
    1c00e47e:	06c8                	addi	a0,sp,836
    1c00e480:	7fe0                	ld	s0,248(a5)
    1c00e482:	2078                	fld	fa4,192(s0)
    1c00e484:	0000                	unimp
    1c00e486:	78e0                	ld	s0,240(s1)
    1c00e488:	c3e1                	beqz	a5,0x1c00e548
    1c00e48a:	c2e1                	beqz	a3,0x1c00e54a
    1c00e48c:	c1e1                	beqz	a1,0x1c00e54c
    1c00e48e:	c0e1                	beqz	s1,0x1c00e54e
    1c00e490:	c0f1                	beqz	s1,0x1c00e554
    1c00e492:	c1a1                	beqz	a1,0x1c00e4d2
    1c00e494:	4220                	lw	s0,64(a2)
    1c00e496:	c184                	sw	s1,0(a1)
    1c00e498:	c140                	sw	s0,4(a0)
    1c00e49a:	1600                	addi	s0,sp,800
    1c00e49c:	7081                	lui	ra,0xfffe0
    1c00e49e:	8000                	.insn	2, 0x8000
    1c00e4a0:	0018                	.insn	2, 0x0018
    1c00e4a2:	0064080f          	.insn	4, 0x0064080f
    1c00e4a6:	4040                	lw	s0,4(s0)
    1c00e4a8:	080e                	slli	a6,a6,0x3
    1c00e4aa:	01a0                	addi	s0,sp,200
    1c00e4ac:	c100                	sw	s0,0(a0)
    1c00e4ae:	c0d17487          	.insn	4, 0xc0d17487
    1c00e4b2:	7fe0                	ld	s0,248(a5)
    1c00e4b4:	c0a4                	sw	s1,64(s1)
    1c00e4b6:	78e0                	ld	s0,240(s1)
    1c00e4b8:	791d                	lui	s2,0xfffe7
    1c00e4ba:	216c                	fld	fa1,192(a0)
    1c00e4bc:	0102                	c.slli	sp,0x0
    1c00e4be:	206c                	fld	fa1,192(s0)
    1c00e4c0:	0141                	addi	sp,sp,16
    1c00e4c2:	7822                	ld	a6,40(sp)
    1c00e4c4:	621a                	ld	tp,384(sp)
    1c00e4c6:	7fe0                	ld	s0,248(a5)
    1c00e4c8:	784e                	ld	a6,240(sp)
    1c00e4ca:	78e0                	ld	s0,240(s1)
    1c00e4cc:	c2e4                	sw	s1,68(a3)
    1c00e4ce:	0d6e                	slli	s10,s10,0x1b
    1c00e4d0:	0040                	addi	s0,sp,4
    1c00e4d2:	900446cb          	fnmsub.s	fa3,fs0,ft0,fs2,rmm
    1c00e4d6:	00c0                	addi	s0,sp,68
    1c00e4d8:	1e00                	addi	s0,sp,816
    1c00e4da:	1085                	addi	ra,ra,-31 # 0xfffffffffffdffe1
    1c00e4dc:	1600                	addi	s0,sp,800
    1c00e4de:	7080                	ld	s0,32(s1)
    1c00e4e0:	8000                	.insn	2, 0x8000
    1c00e4e2:	0001                	nop
    1c00e4e4:	000341c3          	fmadd.s	ft3,ft6,ft0,ft0,rmm
    1c00e4e8:	0d40                	addi	s0,sp,660
    1c00e4ea:	2044                	fld	fs1,128(s0)
    1c00e4ec:	808d                	srli	s1,s1,0x3
    1c00e4ee:	208a                	fld	ft1,128(sp)
    1c00e4f0:	041f 094a 0060      	.insn	6, 0x0060094a041f
    1c00e4f6:	20ca                	fld	ft1,144(sp)
    1c00e4f8:	0041                	c.nop	16
    1c00e4fa:	0d8e                	slli	s11,s11,0x3
    1c00e4fc:	0060                	addi	s0,sp,12
    1c00e4fe:	781d                	lui	a6,0xfffe7
    1c00e500:	70b5                	lui	ra,0xfffed
    1c00e502:	000741c3          	fmadd.s	ft3,fa4,ft0,ft0,rmm
    1c00e506:	a120                	fsd	fs0,64(a0)
    1c00e508:	000040c3          	fmadd.s	ft1,ft0,ft0,ft0,rmm
    1c00e50c:	1388                	addi	a0,sp,480
    1c00e50e:	20ca                	fld	ft1,144(sp)
    1c00e510:	0041                	c.nop	16
    1c00e512:	092a                	slli	s2,s2,0xa
    1c00e514:	0060                	addi	s0,sp,12
    1c00e516:	1e00                	addi	s0,sp,816
    1c00e518:	10c5                	addi	ra,ra,-15 # 0xfffffffffffecff1
    1c00e51a:	0d6e                	slli	s10,s10,0x1b
    1c00e51c:	0060                	addi	s0,sp,12
    1c00e51e:	781d                	lui	a6,0xfffe7
    1c00e520:	1e00                	addi	s0,sp,816
    1c00e522:	1045                	c.nop	-15
    1c00e524:	c6c4                	sw	s1,12(a3)
    1c00e526:	78e0                	ld	s0,240(s1)
    1c00e528:	c0f1                	beqz	s1,0x1c00e5ec
    1c00e52a:	c1a5                	beqz	a1,0x1c00e58a
    1c00e52c:	4300                	lw	s0,0(a4)
    1c00e52e:	c080                	sw	s0,0(s1)
    1c00e530:	702c                	ld	a1,96(s0)
    1c00e532:	0822                	slli	a6,a6,0x8
    1c00e534:	00a0                	addi	s0,sp,72
    1c00e536:	da14                	sw	a3,48(a2)
    1c00e538:	231a                	fld	ft6,384(sp)
    1c00e53a:	0f80                	addi	s0,sp,976
    1c00e53c:	0010                	.insn	2, 0x0010
    1c00e53e:	0000                	unimp
    1c00e540:	c180                	sw	s0,0(a1)
    1c00e542:	714c                	ld	a1,160(a0)
    1c00e544:	0d3a                	slli	s10,s10,0xe
    1c00e546:	0120                	addi	s0,sp,136
    1c00e548:	b885                	j	0x1c00ddb8
    1c00e54a:	00f641c3          	fmadd.s	ft3,fa2,fa5,ft0,rmm
    1c00e54e:	0000                	unimp
    1c00e550:	0f3a                	slli	t5,t5,0xe
    1c00e552:	750cffef          	jal	t6,0x1c0ddca2
    1c00e556:	700c                	ld	a1,32(s0)
    1c00e558:	712c                	ld	a1,96(a0)
    1c00e55a:	0a16                	slli	s4,s4,0x5
    1c00e55c:	c280ffef          	jal	t6,0x1bf1d984
    1c00e560:	c0a5                	beqz	s1,0x1c00e5c0
    1c00e562:	c0d1                	beqz	s1,0x1c00e5e6
    1c00e564:	7ee0                	ld	s0,248(a3)
    1c00e566:	78e0                	ld	s0,240(s1)
    1c00e568:	c2e6                	sw	s9,68(sp)
    1c00e56a:	1cfc                	addi	a5,sp,636
    1c00e56c:	b6c8                	fsd	fa0,168(a3)
    1c00e56e:	2482                	fld	fs1,0(sp)
    1c00e570:	3d02                	fld	fs10,32(sp)
    1c00e572:	4748                	lw	a0,12(a4)
    1c00e574:	4338                	lw	a4,64(a4)
    1c00e576:	4308                	lw	a0,0(a4)
    1c00e578:	c080                	sw	s0,0(s1)
    1c00e57a:	702c                	ld	a1,96(s0)
    1c00e57c:	0fd6                	slli	t6,t6,0x15
    1c00e57e:	0060                	addi	s0,sp,12
    1c00e580:	dab4                	sw	a3,112(a3)
    1c00e582:	0b25                	addi	s6,s6,9 # 0x2c30e0d1
    1c00e584:	10b1                	addi	ra,ra,-20
    1c00e586:	750c                	ld	a1,40(a0)
    1c00e588:	00f241c3          	fmadd.s	ft3,ft4,fa5,ft0,rmm
    1c00e58c:	0001                	nop
    1c00e58e:	0efe                	slli	t4,t4,0x1f
    1c00e590:	4260ffef          	jal	t6,0x1c01d9b6
    1c00e594:	c080                	sw	s0,0(s1)
    1c00e596:	702c                	ld	a1,96(s0)
    1c00e598:	0d36                	slli	s10,s10,0xd
    1c00e59a:	0120                	addi	s0,sp,136
    1c00e59c:	714c                	ld	a1,160(a0)
    1c00e59e:	700c                	ld	a1,32(s0)
    1c00e5a0:	d909                	beqz	a0,0x1c00e4b2
    1c00e5a2:	f036                	sd	a3,32(sp)
    1c00e5a4:	231a                	fld	ft6,384(sp)
    1c00e5a6:	00103f9b          	.insn	4, 0x00103f9b
    1c00e5aa:	0000                	unimp
    1c00e5ac:	10300b1b          	addiw	s6,zero,259
    1c00e5b0:	750c                	ld	a1,40(a0)
    1c00e5b2:	00f441c3          	fmadd.s	ft3,fs0,fa5,ft0,rmm
    1c00e5b6:	0001                	nop
    1c00e5b8:	0ed2                	slli	t4,t4,0x14
    1c00e5ba:	4260ffef          	jal	t6,0x1c01d9e0
    1c00e5be:	dd09                	beqz	a0,0x1c00e4d8
    1c00e5c0:	dec0                	sw	s0,60(a3)
    1c00e5c2:	d8d0                	sw	a2,52(s1)
    1c00e5c4:	f00a                	sd	sp,32(sp)
    1c00e5c6:	00f341c3          	fmadd.s	ft3,ft6,fa5,ft0,rmm
    1c00e5ca:	0001                	nop
    1c00e5cc:	0ebe                	slli	t4,t4,0xf
    1c00e5ce:	4260ffef          	jal	t6,0x1c01d9f4
    1c00e5d2:	72ad                	lui	t0,0xfffeb
    1c00e5d4:	de8c                	sw	a1,56(a3)
    1c00e5d6:	d880                	sw	s0,48(s1)
    1c00e5d8:	60f8                	ld	a4,192(s1)
    1c00e5da:	2005                	.insn	2, 0x2005
    1c00e5dc:	06c0                	addi	s0,sp,836
    1c00e5de:	c180                	sw	s0,0(a1)
    1c00e5e0:	0c9e                	slli	s9,s9,0x7
    1c00e5e2:	0120                	addi	s0,sp,136
    1c00e5e4:	724c                	ld	a1,160(a2)
    1c00e5e6:	700c                	ld	a1,32(s0)
    1c00e5e8:	722c                	ld	a1,96(a2)
    1c00e5ea:	0986                	slli	s3,s3,0x1
    1c00e5ec:	c280ffef          	jal	t6,0x1bf1da14
    1c00e5f0:	c080                	sw	s0,0(s1)
    1c00e5f2:	702c                	ld	a1,96(s0)
    1c00e5f4:	0f5e                	slli	t5,t5,0x17
    1c00e5f6:	0060                	addi	s0,sp,12
    1c00e5f8:	dab4                	sw	a3,112(a3)
    1c00e5fa:	66fe                	ld	a3,472(sp)
    1c00e5fc:	2605                	addiw	a2,a2,1 # 0xffffffffffff9001
    1c00e5fe:	16c0                	addi	s0,sp,868
    1c00e600:	c180                	sw	s0,0(a1)
    1c00e602:	0c7e                	slli	s8,s8,0x1f
    1c00e604:	0120                	addi	s0,sp,136
    1c00e606:	42a1                	li	t0,8
    1c00e608:	710c                	ld	a1,32(a0)
    1c00e60a:	41a1                	li	gp,8
    1c00e60c:	0962                	slli	s2,s2,0x18
    1c00e60e:	c280ffef          	jal	t6,0x1bf1da36
    1c00e612:	2480                	fld	fs0,8(s1)
    1c00e614:	3d02                	fld	fs10,32(sp)
    1c00e616:	1404                	addi	s1,sp,544
    1c00e618:	c6c6341b          	.insn	4, 0xc6c6341b
    1c00e61c:	c3e2                	sw	s8,196(sp)
    1c00e61e:	2482                	fld	fs1,0(sp)
    1c00e620:	3d02                	fld	fs10,32(sp)
    1c00e622:	4528                	lw	a0,72(a0)
    1c00e624:	4300                	lw	s0,0(a4)
    1c00e626:	c080                	sw	s0,0(s1)
    1c00e628:	702c                	ld	a1,96(s0)
    1c00e62a:	0f2a                	slli	t5,t5,0xa
    1c00e62c:	0060                	addi	s0,sp,12
    1c00e62e:	dab4                	sw	a3,112(a3)
    1c00e630:	2354                	fld	fa3,128(a4)
    1c00e632:	0d00                	addi	s0,sp,656
    1c00e634:	c180                	sw	s0,0(a1)
    1c00e636:	0c4a                	slli	s8,s8,0x12
    1c00e638:	0120                	addi	s0,sp,136
    1c00e63a:	da09                	beqz	a2,0x1c00e54c
    1c00e63c:	750c                	ld	a1,40(a0)
    1c00e63e:	00f541c3          	fmadd.s	ft3,fa0,fa5,ft0,rmm
    1c00e642:	0001                	nop
    1c00e644:	0e46                	slli	t3,t3,0x11
    1c00e646:	42a1ffef          	jal	t6,0x1c02da70
    1c00e64a:	700c                	ld	a1,32(s0)
    1c00e64c:	d909                	beqz	a0,0x1c00e55e
    1c00e64e:	0922                	slli	s2,s2,0x8
    1c00e650:	c280ffef          	jal	t6,0x1bf1da78
    1c00e654:	c7c2                	sw	a6,204(sp)
    1c00e656:	78e0                	ld	s0,240(s1)
    1c00e658:	c0f1                	beqz	s1,0x1c00e71c
    1c00e65a:	2482                	fld	fs1,0(sp)
    1c00e65c:	3d02                	fld	fs10,32(sp)
    1c00e65e:	c080                	sw	s0,0(s1)
    1c00e660:	702c                	ld	a1,96(s0)
    1c00e662:	0ef2                	slli	t4,t4,0x1c
    1c00e664:	0060                	addi	s0,sp,12
    1c00e666:	dab4                	sw	a3,112(a3)
    1c00e668:	00f741c3          	fmadd.s	ft3,fa4,fa5,ft0,rmm
    1c00e66c:	0000                	unimp
    1c00e66e:	0e1e                	slli	t3,t3,0x7
    1c00e670:	750cffef          	jal	t6,0x1c0dddc0
    1c00e674:	d840                	sw	s0,52(s0)
    1c00e676:	c180                	sw	s0,0(a1)
    1c00e678:	0c06                	slli	s8,s8,0x1
    1c00e67a:	0120                	addi	s0,sp,136
    1c00e67c:	da09                	beqz	a2,0x1c00e58e
    1c00e67e:	700c                	ld	a1,32(s0)
    1c00e680:	d909                	beqz	a0,0x1c00e592
    1c00e682:	08ee                	slli	a7,a7,0x1b
    1c00e684:	c280ffef          	jal	t6,0x1bf1daac
    1c00e688:	2480                	fld	fs0,8(s1)
    1c00e68a:	3d02                	fld	fs10,32(sp)
    1c00e68c:	c0d1                	beqz	s1,0x1c00e710
    1c00e68e:	7ee0                	ld	s0,248(a3)
    1c00e690:	7ee0                	ld	s0,248(a3)
    1c00e692:	78e0                	ld	s0,240(s1)
    1c00e694:	c2e6                	sw	s9,68(sp)
    1c00e696:	1cfc                	addi	a5,sp,636
    1c00e698:	b6c8                	fsd	fa0,168(a3)
    1c00e69a:	900447cb          	fnmsub.s	fa5,fs0,ft0,fs2,rmm
    1c00e69e:	01e0                	addi	s0,sp,204
    1c00e6a0:	9720                	.insn	2, 0x9720
    1c00e6a2:	1600                	addi	s0,sp,800
    1c00e6a4:	7080                	ld	s0,32(s1)
    1c00e6a6:	8000                	.insn	2, 0x8000
    1c00e6a8:	0004                	.insn	2, 0x0004
    1c00e6aa:	70ad                	lui	ra,0xfffeb
    1c00e6ac:	205f 0100 2044      	.insn	6, 0x20440100205f
    1c00e6b2:	07c2                	slli	a5,a5,0x10
    1c00e6b4:	4020                	lw	s0,64(s0)
    1c00e6b6:	ea06                	sd	ra,272(sp)
    1c00e6b8:	ba61                	j	0x1c00e050
    1c00e6ba:	0a01                	addi	s4,s4,0
    1c00e6bc:	0031                	c.nop	12
    1c00e6be:	781d                	lui	a6,0xfffe7
    1c00e6c0:	080fb8c3          	fmadd.s	fa7,ft11,ft0,ft1,rup
    1c00e6c4:	0070                	addi	a2,sp,12
    1c00e6c6:	c1a1                	beqz	a1,0x1c00e706
    1c00e6c8:	01900807          	.insn	4, 0x01900807
    1c00e6cc:	71ad                	lui	gp,0xfffeb
    1c00e6ce:	700c                	ld	a1,32(s0)
    1c00e6d0:	0c0e                	slli	s8,s8,0x3
    1c00e6d2:	0060                	addi	s0,sp,12
    1c00e6d4:	d940                	sw	s0,52(a0)
    1c00e6d6:	900546cb          	fnmsub.s	fa3,fa0,ft0,fs2,rmm
    1c00e6da:	e112                	sd	tp,128(sp)
    1c00e6dc:	1ede                	slli	t4,t4,0x37
    1c00e6de:	1055                	c.nop	-11
    1c00e6e0:	1ea6                	slli	t4,t4,0x29
    1c00e6e2:	9055                	srli	s0,s0,0x35
    1c00e6e4:	17b6                	slli	a5,a5,0x2d
    1c00e6e6:	9100                	.insn	2, 0x9100
    1c00e6e8:	c040716f          	jal	sp,0x1bf15aec
    1c00e6ec:	ed29                	bnez	a0,0x1c00e746
    1c00e6ee:	c000                	sw	s0,0(s0)
    1c00e6f0:	03bf084f          	fnmadd.d	fa6,ft10,fs11,ft0,rne
    1c00e6f4:	d91c                	sw	a5,48(a0)
    1c00e6f6:	c000                	sw	s0,0(s0)
    1c00e6f8:	2084                	fld	fs1,0(s1)
    1c00e6fa:	c0400c07          	.insn	4, 0xc0400c07
    1c00e6fe:	b600b88f          	.insn	4, 0xb600b88f
    1c00e702:	700c                	ld	a1,32(s0)
    1c00e704:	0bda                	slli	s7,s7,0x16
    1c00e706:	0060                	addi	s0,sp,12
    1c00e708:	1ef6                	slli	t4,t4,0x3d
    1c00e70a:	9205                	srli	a2,a2,0x21
    1c00e70c:	000f40c3          	fmadd.s	ft1,ft10,ft0,ft0,rmm
    1c00e710:	4240                	lw	s0,4(a2)
    1c00e712:	702c                	ld	a1,96(s0)
    1c00e714:	0bca                	slli	s7,s7,0x12
    1c00e716:	0060                	addi	s0,sp,12
    1c00e718:	1ef6                	slli	t4,t4,0x3d
    1c00e71a:	9245                	srli	a2,a2,0x31
    1c00e71c:	17be                	slli	a5,a5,0x2f
    1c00e71e:	9100                	.insn	2, 0x9100
    1c00e720:	1ef0                	addi	a2,sp,892
    1c00e722:	9045                	srli	s0,s0,0x31
    1c00e724:	1ef6                	slli	t4,t4,0x3d
    1c00e726:	9205                	srli	a2,a2,0x21
    1c00e728:	209a                	fld	ft1,384(sp)
    1c00e72a:	0008                	.insn	2, 0x0008
    1c00e72c:	2004                	fld	fs1,0(s0)
    1c00e72e:	0f81                	addi	t6,t6,0
    1c00e730:	0000                	unimp
    1c00e732:	3e00                	fld	fs0,56(a2)
    1c00e734:	c000                	sw	s0,0(s0)
    1c00e736:	7825                	lui	a6,0xfffe9
    1c00e738:	b88e                	fsd	ft3,112(sp)
    1c00e73a:	b600                	fsd	fs0,40(a2)
    1c00e73c:	f005                	bnez	s0,0x1c00e65c
    1c00e73e:	1ef6                	slli	t4,t4,0x3d
    1c00e740:	9205                	srli	a2,a2,0x21
    1c00e742:	1ef0                	addi	a2,sp,892
    1c00e744:	9045                	srli	s0,s0,0x31
    1c00e746:	1e00                	addi	s0,sp,816
    1c00e748:	76c4                	ld	s1,168(a3)
    1c00e74a:	e0509013          	.insn	4, 0xe0509013
    1c00e74e:	14047487          	.insn	4, 0x14047487
    1c00e752:	c6c6341b          	.insn	4, 0xc6c6341b
    1c00e756:	78e0                	ld	s0,240(s1)
    1c00e758:	c2e4                	sw	s1,68(a3)
    1c00e75a:	c1a4                	sw	s1,64(a1)
    1c00e75c:	4608                	lw	a0,8(a2)
    1c00e75e:	702c                	ld	a1,96(s0)
    1c00e760:	754cd8ff 4528db08 	.insn	20, 0xc140ffef0976c141c142c1434528db08754cd8ff
    1c00e768:	c142c143 0976c141 
    1c00e770:	c140ffef 
    1c00e774:	700c                	ld	a1,32(s0)
    1c00e776:	b88c                	fsd	fa1,48(s1)
    1c00e778:	d90c                	sw	a1,48(a0)
    1c00e77a:	c040                	sw	s0,4(s0)
    1c00e77c:	b990d8ff 746c714c 	.insn	20, 0xc0a4c541ffef095ac642c543746c714cb990d8ff
    1c00e784:	c642c543 ffef095a 
    1c00e78c:	c0a4c541 
    1c00e790:	c6c4                	sw	s1,12(a3)
    1c00e792:	78e0                	ld	s0,240(s1)
    1c00e794:	c0f1                	beqz	s1,0x1c00e858
    1c00e796:	c1a4                	sw	s1,64(a1)
    1c00e798:	c042                	sw	a6,0(sp)
    1c00e79a:	700c                	ld	a1,32(s0)
    1c00e79c:	db0c                	sw	a1,48(a4)
    1c00e79e:	b88c                	fsd	fa1,48(s1)
    1c00e7a0:	4160                	lw	s0,68(a0)
    1c00e7a2:	c040                	sw	s0,4(s0)
    1c00e7a4:	b990d8ff 1c0c714c 	.insn	20, 0xc0a430011c04ffef093630011c0c714cb990d8ff
    1c00e7ac:	09363001 1c04ffef 
    1c00e7b4:	c0a43001 
    1c00e7b8:	c0d1                	beqz	s1,0x1c00e83c
    1c00e7ba:	7ee0                	ld	s0,248(a3)
    1c00e7bc:	c2e2                	sw	s8,68(sp)
    1c00e7be:	900445cb          	fnmsub.s	fa1,fs0,ft0,fs2,rmm
    1c00e7c2:	0006                	c.slli	zero,0x1
    1c00e7c4:	d820                	sw	s0,112(s0)
    1c00e7c6:	0ac2                	slli	s5,s5,0x10
    1c00e7c8:	0060                	addi	s0,sp,12
    1c00e7ca:	1d00                	addi	s0,sp,688
    1c00e7cc:	1045                	c.nop	-15
    1c00e7ce:	1d00                	addi	s0,sp,688
    1c00e7d0:	1005                	c.nop	-31
    1c00e7d2:	c6c2                	sw	a6,76(sp)
    1c00e7d4:	c2e6                	sw	s9,68(sp)
    1c00e7d6:	900445cb          	fnmsub.s	fa1,fs0,ft0,fs2,rmm
    1c00e7da:	01c6                	slli	gp,gp,0x11
    1c00e7dc:	95c0                	.insn	2, 0x95c0
    1c00e7de:	264fbecb          	.insn	4, 0x264fbecb
    1c00e7e2:	260512cf          	.insn	4, 0x260512cf
    1c00e7e6:	1f80                	addi	s0,sp,1008
    1c00e7e8:	0000                	unimp
    1c00e7ea:	0c00                	addi	s0,sp,528
    1c00e7ec:	b5e0                	fsd	fs0,232(a1)
    1c00e7ee:	b500                	fsd	fs0,40(a0)
    1c00e7f0:	0a96                	slli	s5,s5,0x5
    1c00e7f2:	0060                	addi	s0,sp,12
    1c00e7f4:	d80a                	sw	sp,48(sp)
    1c00e7f6:	b5e0                	fsd	fs0,232(a1)
    1c00e7f8:	9501                	srai	a0,a0,0x20
    1c00e7fa:	b5c0                	fsd	fs0,168(a1)
    1c00e7fc:	b8c9                	j	0x1c00e0ce
    1c00e7fe:	c6c6                	sw	a7,76(sp)
    1c00e800:	c0f1                	beqz	s1,0x1c00e8c4
    1c00e802:	0f36                	slli	t5,t5,0xd
    1c00e804:	4220ffaf          	.insn	4, 0x4220ffaf
    1c00e808:	4100                	lw	s0,0(a0)
    1c00e80a:	0f46                	slli	t5,t5,0x11
    1c00e80c:	4040ffaf          	.insn	4, 0x4040ffaf
    1c00e810:	6038                	ld	a4,64(s0)
    1c00e812:	c0d1                	beqz	s1,0x1c00e896
    1c00e814:	7fe0                	ld	s0,248(a5)
    1c00e816:	c0f1780f          	.insn	4, 0xc0f1780f
    1c00e81a:	4328                	lw	a0,64(a4)
    1c00e81c:	4100                	lw	s0,0(a0)
    1c00e81e:	0f46                	slli	t5,t5,0x11
    1c00e820:	4040ffaf          	.insn	4, 0x4040ffaf
    1c00e824:	4300                	lw	s0,0(a4)
    1c00e826:	0f12                	slli	t5,t5,0x4
    1c00e828:	4020ffaf          	.insn	4, 0x4020ffaf
    1c00e82c:	4100                	lw	s0,0(a0)
    1c00e82e:	0f22                	slli	t5,t5,0x8
    1c00e830:	4061ffaf          	.insn	4, 0x4061ffaf
    1c00e834:	6078                	ld	a4,192(s0)
    1c00e836:	c0d1                	beqz	s1,0x1c00e8ba
    1c00e838:	7fe0                	ld	s0,248(a5)
    1c00e83a:	7014780f          	.insn	4, 0x7014780f
    1c00e83e:	1600                	addi	s0,sp,800
    1c00e840:	7080                	ld	s0,32(s1)
    1c00e842:	8000                	.insn	2, 0x8000
    1c00e844:	0004                	.insn	2, 0x0004
    1c00e846:	900441c3          	fmadd.s	ft3,fs0,ft0,fs2,rmm
    1c00e84a:	0168                	addi	a0,sp,140
    1c00e84c:	21c2                	fld	ft3,16(sp)
    1c00e84e:	0222                	slli	tp,tp,0x8
    1c00e850:	201a                	fld	ft0,384(sp)
    1c00e852:	0f80                	addi	s0,sp,976
    1c00e854:	0020                	addi	s0,sp,8
    1c00e856:	0000                	unimp
    1c00e858:	7905                	lui	s2,0xfffe1
    1c00e85a:	7fe0                	ld	s0,248(a5)
    1c00e85c:	9100                	.insn	2, 0x9100
    1c00e85e:	78e0                	ld	s0,240(s1)
    1c00e860:	1600                	addi	s0,sp,800
    1c00e862:	7100                	ld	s0,32(a0)
    1c00e864:	8000                	.insn	2, 0x8000
    1c00e866:	0022                	c.slli	zero,0x8
    1c00e868:	7014                	ld	a3,32(s0)
    1c00e86a:	7de0                	ld	s0,248(a1)
    1c00e86c:	1600                	addi	s0,sp,800
    1c00e86e:	7100                	ld	s0,32(a0)
    1c00e870:	9004                	.insn	2, 0x9004
    1c00e872:	0008                	.insn	2, 0x0008
    1c00e874:	7ee0                	ld	s0,248(a3)
    1c00e876:	78e0                	ld	s0,240(s1)
    1c00e878:	c2e6                	sw	s9,68(sp)
    1c00e87a:	800043c3          	fmadd.s	ft7,ft0,ft0,fa6,rmm
    1c00e87e:	0440                	addi	s0,sp,516
    1c00e880:	8b08                	.insn	2, 0x8b08
    1c00e882:	0bd6                	slli	s7,s7,0x15
    1c00e884:	712cffef          	jal	t6,0x1c0ddf96
    1c00e888:	1600                	addi	s0,sp,800
    1c00e88a:	8000708f          	.insn	4, 0x8000708f
    1c00e88e:	0004                	.insn	2, 0x0004
    1c00e890:	130a                	slli	t1,t1,0x22
    1c00e892:	8ba9008b          	.insn	4, 0x8ba9008b
    1c00e896:	271a                	fld	fa4,384(sp)
    1c00e898:	00101f8f          	.insn	4, 0x00101f8f
    1c00e89c:	0000                	unimp
    1c00e89e:	260a                	fld	fa2,128(sp)
    1c00e8a0:	3000                	fld	fs0,32(s0)
    1c00e8a2:	77cd                	lui	a5,0xffff3
    1c00e8a4:	7bbdf01b          	.insn	4, 0x7bbdf01b
    1c00e8a8:	2544                	fld	fs1,136(a0)
    1c00e8aa:	1041                	c.nop	-16
    1c00e8ac:	0d6e                	slli	s10,s10,0x1b
    1c00e8ae:	0020                	addi	s0,sp,8
    1c00e8b0:	e814786f          	jal	a6,0x1bf56730
    1c00e8b4:	231a                	fld	ft6,384(sp)
    1c00e8b6:	00000f83          	lb	t6,0(zero) # 0x0
    1c00e8ba:	1000                	addi	s0,sp,32
    1c00e8bc:	219a                	fld	ft3,384(sp)
    1c00e8be:	0004                	.insn	2, 0x0004
    1c00e8c0:	2655                	addiw	a2,a2,21
    1c00e8c2:	3800                	fld	fs0,48(s0)
    1c00e8c4:	78e5                	lui	a7,0xffff9
    1c00e8c6:	7865                	lui	a6,0xffff9
    1c00e8c8:	7905                	lui	s2,0xfffe1
    1c00e8ca:	b891783b          	.insn	4, 0xb891783b
    1c00e8ce:	b89c                	fsd	fa5,48(s1)
    1c00e8d0:	b89f 9000 2008      	.insn	6, 0x20089000b89f
    1c00e8d6:	038e                	slli	t2,t2,0x3
    1c00e8d8:	71a5                	lui	gp,0xfffe9
    1c00e8da:	93650bcf          	fnmadd.d	fs7,fa0,fs6,fs2,rne
    1c00e8de:	40c1                	li	ra,16
    1c00e8e0:	d908                	sw	a0,48(a0)
    1c00e8e2:	b961                	j	0x1c00e57a
    1c00e8e4:	09ff 8031 781c 79cf 	.insn	10, 0x217979cf781c803109ff
    1c00e8ec:	2179 
    1c00e8ee:	0001                	nop
    1c00e8f0:	6038                	ld	a4,64(s0)
    1c00e8f2:	7204                	ld	s1,32(a2)
    1c00e8f4:	c6c6                	sw	a7,76(sp)
    1c00e8f6:	78e0                	ld	s0,240(s1)
    1c00e8f8:	d860                	sw	s0,116(s0)
    1c00e8fa:	b89f 9020 0705      	.insn	6, 0x07059020b89f
    1c00e900:	10feffef          	jal	t6,0x1c0fe20e
    1c00e904:	8100                	.insn	2, 0x8100
    1c00e906:	78e0                	ld	s0,240(s1)
    1c00e908:	d862                	sw	s8,48(sp)
    1c00e90a:	b89f 9040 10fe      	.insn	6, 0x10fe9040b89f
    1c00e910:	8101                	c.srli	a0,0x0
    1c00e912:	0709                	addi	a4,a4,2
    1c00e914:	10fcffef          	jal	t6,0x1c0de222
    1c00e918:	8100                	.insn	2, 0x8100
    1c00e91a:	78e0                	ld	s0,240(s1)
    1c00e91c:	800040c3          	fmadd.s	ft1,ft0,ft0,fa6,rmm
    1c00e920:	0440                	addi	s0,sp,516
    1c00e922:	888a                	mv	a7,sp
    1c00e924:	8869                	andi	s0,s0,26
    1c00e926:	f022                	sd	s0,32(sp)
    1c00e928:	231a                	fld	ft6,384(sp)
    1c00e92a:	0f80                	addi	s0,sp,976
    1c00e92c:	0000                	unimp
    1c00e92e:	0800                	addi	s0,sp,16
    1c00e930:	2004                	fld	fs1,0(s0)
    1c00e932:	0f81                	addi	t6,t6,0
    1c00e934:	0000                	unimp
    1c00e936:	0800                	addi	s0,sp,16
    1c00e938:	231a                	fld	ft6,384(sp)
    1c00e93a:	0f80                	addi	s0,sp,976
    1c00e93c:	0000                	unimp
    1c00e93e:	1000                	addi	s0,sp,32
    1c00e940:	2004                	fld	fs1,0(s0)
    1c00e942:	0f80                	addi	s0,sp,976
    1c00e944:	6ffd                	lui	t6,0x1f
    1c00e946:	e000                	sd	s0,0(s0)
    1c00e948:	7825                	lui	a6,0xfffe9
    1c00e94a:	2005                	.insn	2, 0x2005
    1c00e94c:	0f82                	c.slli	t6,0x0
    1c00e94e:	9002                	ebreak
    1c00e950:	0064                	addi	s1,sp,12
    1c00e952:	9220                	.insn	2, 0x9220
    1c00e954:	4928                	lw	a0,80(a0)
    1c00e956:	880f208b          	.insn	4, 0x880f208b
    1c00e95a:	f206                	sd	ra,288(sp)
    1c00e95c:	2142                	fld	ft2,16(sp)
    1c00e95e:	0400                	addi	s0,sp,512
    1c00e960:	2080                	fld	fs0,0(s1)
    1c00e962:	0010                	.insn	2, 0x0010
    1c00e964:	b200                	fsd	fs0,32(a2)
    1c00e966:	7164                	ld	s1,224(a0)
    1c00e968:	0cc1                	addi	s9,s9,16
    1c00e96a:	90c5                	srli	s1,s1,0x31
    1c00e96c:	7ee0                	ld	s0,248(a3)
    1c00e96e:	78e0                	ld	s0,240(s1)
    1c00e970:	c0e4                	sw	s1,68(s1)
    1c00e972:	4508                	lw	a0,8(a0)
    1c00e974:	259a                	fld	fa1,384(sp)
    1c00e976:	1008                	addi	a0,sp,32
    1c00e978:	900e44cb          	fnmsub.s	fs1,ft8,ft0,fs2,rmm
    1c00e97c:	0048                	addi	a0,sp,4
    1c00e97e:	2505                	addiw	a0,a0,1 # 0xffffffffffffb001
    1c00e980:	130e                	slli	t1,t1,0x23
    1c00e982:	b620                	fsd	fs0,104(a2)
    1c00e984:	6c22                	ld	s8,8(sp)
    1c00e986:	2505                	addiw	a0,a0,1
    1c00e988:	104c                	addi	a1,sp,36
    1c00e98a:	7224                	ld	s1,96(a2)
    1c00e98c:	b440                	fsd	fs0,168(s0)
    1c00e98e:	2505                	addiw	a0,a0,1
    1c00e990:	1042                	c.slli	zero,0x30
    1c00e992:	b260                	fsd	fs0,224(a2)
    1c00e994:	6962                	ld	s2,24(sp)
    1c00e996:	c102                	sw	zero,128(sp)
    1c00e998:	7d65                	lui	s10,0xffff9
    1c00e99a:	03f1080f          	.insn	4, 0x03f1080f
    1c00e99e:	b520                	fsd	fs0,104(a0)
    1c00e9a0:	208a                	fld	ft1,128(sp)
    1c00e9a2:	f0050fc7          	fmsub.s	ft11,fa0,ft0,ft10,rne
    1c00e9a6:	137c                	addi	a5,sp,428
    1c00e9a8:	0101                	addi	sp,sp,0
    1c00e9aa:	0000210f          	.insn	4, 0x210f
    1c00e9ae:	1b7c                	addi	a5,sp,444
    1c00e9b0:	0004                	.insn	2, 0x0004
    1c00e9b2:	c4c4                	sw	s1,12(s1)
    1c00e9b4:	900e44cb          	fnmsub.s	fs1,ft8,ft0,fs2,rmm
    1c00e9b8:	00c2                	slli	ra,ra,0x10
    1c00e9ba:	1c02                	slli	s8,s8,0x20
    1c00e9bc:	1014                	addi	a3,sp,32
    1c00e9be:	b420                	fsd	fs0,104(s0)
    1c00e9c0:	b441                	j	0x1c00e440
    1c00e9c2:	7fe0                	ld	s0,248(a5)
    1c00e9c4:	b462                	fsd	fs8,40(sp)
    1c00e9c6:	78e0                	ld	s0,240(s1)
    1c00e9c8:	c2e6                	sw	s9,68(sp)
    1c00e9ca:	1cfc                	addi	a5,sp,636
    1c00e9cc:	b6c8                	fsd	fa0,168(a3)
    1c00e9ce:	4608                	lw	a0,8(a2)
    1c00e9d0:	ca08                	sw	a0,16(a2)
    1c00e9d2:	4548                	lw	a0,12(a0)
    1c00e9d4:	da08                	sw	a0,48(a2)
    1c00e9d6:	7a16                	ld	s4,352(sp)
    1c00e9d8:	900340c3          	fmadd.s	ft1,ft6,ft0,fs2,rmm
    1c00e9dc:	e024                	sd	s1,64(s0)
    1c00e9de:	b040                	fsd	fs0,160(s0)
    1c00e9e0:	228a                	fld	ft5,128(sp)
    1c00e9e2:	180c0fc7          	fmsub.s	ft11,fs8,ft0,ft3,rne
    1c00e9e6:	0045                	c.nop	17
    1c00e9e8:	18fe                	slli	a7,a7,0x3f
    1c00e9ea:	8084                	.insn	2, 0x8084
    1c00e9ec:	1600                	addi	s0,sp,800
    1c00e9ee:	708c                	ld	a1,32(s1)
    1c00e9f0:	8000                	.insn	2, 0x8000
    1c00e9f2:	044c                	addi	a1,sp,516
    1c00e9f4:	1600                	addi	s0,sp,800
    1c00e9f6:	80007083          	.insn	4, 0x80007083
    1c00e9fa:	86e0044b          	.insn	4, 0x86e0044b
    1c00e9fe:	f021716f          	jal	sp,0x1bf26100
    1c00ea02:	231a                	fld	ft6,384(sp)
    1c00ea04:	0f82                	c.slli	t6,0x0
    1c00ea06:	0000                	unimp
    1c00ea08:	2000                	fld	fs0,0(s0)
    1c00ea0a:	21f4                	fld	fa3,192(a1)
    1c00ea0c:	220500cb          	fnmsub.d	ft1,fa0,ft0,ft4,rne
    1c00ea10:	0f80                	addi	s0,sp,976
    1c00ea12:	9002                	ebreak
    1c00ea14:	1064                	addi	s1,sp,44
    1c00ea16:	1800                	addi	s0,sp,48
    1c00ea18:	02c4                	addi	s1,sp,324
    1c00ea1a:	2205                	addiw	tp,tp,1 # 0x1
    1c00ea1c:	0f82                	c.slli	t6,0x0
    1c00ea1e:	9002                	ebreak
    1c00ea20:	0004                	.insn	2, 0x0004
    1c00ea22:	21f4                	fld	fa3,192(a1)
    1c00ea24:	00c0                	addi	s0,sp,68
    1c00ea26:	ed08                	sd	a0,24(a0)
    1c00ea28:	0f840813          	addi	a6,s0,248
    1c00ea2c:	0000                	unimp
    1c00ea2e:	fc00                	sd	s0,56(s0)
    1c00ea30:	d820                	sw	s0,112(s0)
    1c00ea32:	208cf007          	.insn	4, 0x208cf007
    1c00ea36:	8010                	.insn	2, 0x8010
    1c00ea38:	f7bc                	sd	a5,104(a5)
    1c00ea3a:	208a                	fld	ft1,128(sp)
    1c00ea3c:	0808                	addi	a0,sp,16
    1c00ea3e:	b200                	fsd	fs0,32(a2)
    1c00ea40:	7164                	ld	s1,224(a0)
    1c00ea42:	90c50cc3          	fmadd.s	fs9,fa0,fa2,fs2,rne
    1c00ea46:	0fba                	slli	t6,t6,0xe
    1c00ea48:	0040                	addi	s0,sp,4
    1c00ea4a:	8629                	srai	a2,a2,0xa
    1c00ea4c:	730ced03          	lwu	s10,1840(s9)
    1c00ea50:	f002                	sd	zero,32(sp)
    1c00ea52:	710c                	ld	a1,32(a0)
    1c00ea54:	0cda                	slli	s9,s9,0x16
    1c00ea56:	0100                	addi	s0,sp,128
    1c00ea58:	bfc4                	fsd	fs1,184(a5)
    1c00ea5a:	bf61ef07          	.insn	4, 0xbf61ef07
    1c00ea5e:	0f01                	addi	t5,t5,0
    1c00ea60:	1031                	c.nop	-20
    1c00ea62:	36c0232f          	.insn	4, 0x36c0232f
    1c00ea66:	70ed                	lui	ra,0xffffb
    1c00ea68:	0f798607          	.insn	4, 0x0f798607
    1c00ea6c:	202f1023          	sh	sp,512(t5)
    1c00ea70:	09fa06c7          	fmsub.s	fa3,fs4,ft11,ft1,rne
    1c00ea74:	0180                	addi	s0,sp,192
    1c00ea76:	0992d80f          	.insn	4, 0x0992d80f
    1c00ea7a:	d90fffef          	jal	t6,0x1c00e00a
    1c00ea7e:	700c                	ld	a1,32(s0)
    1c00ea80:	0e22                	slli	t3,t3,0x8
    1c00ea82:	712cffaf          	.insn	4, 0x712cffaf
    1c00ea86:	1600                	addi	s0,sp,800
    1c00ea88:	7081                	lui	ra,0xfffe0
    1c00ea8a:	8000                	.insn	2, 0x8000
    1c00ea8c:	044c                	addi	a1,sp,516
    1c00ea8e:	1600                	addi	s0,sp,800
    1c00ea90:	7082                	ld	ra,32(sp)
    1c00ea92:	8000                	.insn	2, 0x8000
    1c00ea94:	716d044b          	fnmsub.s	fs0,fs10,fs6,fa4,rne
    1c00ea98:	f01f 09e2 ffef      	.insn	6, 0xffef09e2f01f
    1c00ea9e:	e81a784f          	fnmadd.s	fa6,fs4,ft1,ft9
    1c00eaa2:	221a                	fld	ft4,384(sp)
    1c00eaa4:	0f8c                	addi	a1,sp,976
    1c00eaa6:	0000                	unimp
    1c00eaa8:	2000                	fld	fs0,0(s0)
    1c00eaaa:	706c                	ld	a1,224(s0)
    1c00eaac:	700c                	ld	a1,32(s0)
    1c00eaae:	f00d                	bnez	s0,0x1c00e9d0
    1c00eab0:	209a                	fld	ft1,384(sp)
    1c00eab2:	0008                	.insn	2, 0x0008
    1c00eab4:	7885                	lui	a7,0xfffe1
    1c00eab6:	2005                	.insn	2, 0x2005
    1c00eab8:	0f80                	addi	s0,sp,976
    1c00eaba:	9002                	ebreak
    1c00eabc:	0166                	slli	sp,sp,0x19
    1c00eabe:	9000                	.insn	2, 0x9000
    1c00eac0:	200a631b          	.insn	4, 0x200a631b
    1c00eac4:	0780                	addi	s0,sp,960
    1c00eac6:	08ed                	addi	a7,a7,27 # 0xfffffffffffe101b
    1c00eac8:	8234                	.insn	2, 0x8234
    1c00eaca:	2040                	fld	fs0,128(s0)
    1c00eacc:	005e                	c.slli	zero,0x17
    1c00eace:	7074                	ld	a3,224(s0)
    1c00ead0:	23ca                	fld	ft7,144(sp)
    1c00ead2:	1021                	c.nop	-24
    1c00ead4:	7144                	ld	s1,160(a0)
    1c00ead6:	808509c7          	fmsub.s	fs3,fa0,fs0,fa6,rne
    1c00eada:	0b91                	addi	s7,s7,4 # 0xffffffffaf64dffa
    1c00eadc:	9030                	.insn	2, 0x9030
    1c00eade:	71e5                	lui	gp,0xffff9
    1c00eae0:	8e58                	.insn	2, 0x8e58
    1c00eae2:	ed04                	sd	s1,24(a0)
    1c00eae4:	8602                	jr	a2
    1c00eae6:	8601f003          	.insn	4, 0x8601f003
    1c00eaea:	0fe6                	slli	t6,t6,0x19
    1c00eaec:	00e0                	addi	s0,sp,76
    1c00eaee:	712c                	ld	a1,96(a0)
    1c00eaf0:	1404                	addi	s1,sp,544
    1c00eaf2:	c6c6341b          	.insn	4, 0xc6c6341b
    1c00eaf6:	78e0                	ld	s0,240(s1)
    1c00eaf8:	219a                	fld	ft3,384(sp)
    1c00eafa:	0010                	.insn	2, 0x0010
    1c00eafc:	2005781b          	.insn	4, 0x2005781b
    1c00eb00:	0f80                	addi	s0,sp,976
    1c00eb02:	e0649003          	lh	zero,-506(s1)
    1c00eb06:	2145                	addiw	sp,sp,17
    1c00eb08:	07c1                	addi	a5,a5,16 # 0xffffffffffff3010
    1c00eb0a:	06f5                	addi	a3,a3,29
    1c00eb0c:	0060                	addi	s0,sp,12
    1c00eb0e:	b020                	fsd	fs0,96(s0)
    1c00eb10:	704c                	ld	a1,160(s0)
    1c00eb12:	702c                	ld	a1,96(s0)
    1c00eb14:	b340f003          	.insn	4, 0xb340f003
    1c00eb18:	7124                	ld	s1,96(a0)
    1c00eb1a:	09ff 8134 2014 0043 	.insn	10, 0xb04300432014813409ff
    1c00eb22:	b043 
    1c00eb24:	da5e                	sw	s7,52(sp)
    1c00eb26:	ba9f 9220 b020      	.insn	6, 0xb0209220ba9f
    1c00eb2c:	9221                	srli	a2,a2,0x28
    1c00eb2e:	b021                	j	0x1c00e336
    1c00eb30:	9222                	add	tp,tp,s0
    1c00eb32:	7fe0                	ld	s0,248(a5)
    1c00eb34:	b022                	fsd	fs0,32(sp)
    1c00eb36:	78e0                	ld	s0,240(s1)
    1c00eb38:	c0f1                	beqz	s1,0x1c00ebfc
    1c00eb3a:	c080c1ab          	.insn	4, 0xc080c1ab
    1c00eb3e:	800041c3          	fmadd.s	ft3,ft0,ft0,fa6,rmm
    1c00eb42:	069c                	addi	a5,sp,832
    1c00eb44:	0b4e                	slli	s6,s6,0x13
    1c00eb46:	da2affaf          	.insn	4, 0xda2affaf
    1c00eb4a:	c080                	sw	s0,0(s1)
    1c00eb4c:	0e5a                	slli	t3,t3,0x16
    1c00eb4e:	01a0                	addi	s0,sp,200
    1c00eb50:	d92a                	sw	a0,176(sp)
    1c00eb52:	0daa                	slli	s11,s11,0xa
    1c00eb54:	0db6ffcf          	.insn	4, 0x0db6ffcf
    1c00eb58:	260affef          	jal	t6,0x1c0bddb8
    1c00eb5c:	3000                	fld	fs0,32(s0)
    1c00eb5e:	4100                	lw	s0,0(a0)
    1c00eb60:	0aee                	slli	s5,s5,0x1b
    1c00eb62:	0120                	addi	s0,sp,136
    1c00eb64:	200a                	fld	ft0,128(sp)
    1c00eb66:	0780                	addi	s0,sp,960
    1c00eb68:	700c                	ld	a1,32(s0)
    1c00eb6a:	1e00                	addi	s0,sp,816
    1c00eb6c:	7004                	ld	s1,32(s0)
    1c00eb6e:	e1549003          	lh	zero,-491(s1)
    1c00eb72:	710c                	ld	a1,32(a0)
    1c00eb74:	1e00                	addi	s0,sp,816
    1c00eb76:	7004                	ld	s1,32(s0)
    1c00eb78:	ff689003          	lh	zero,-10(a7)
    1c00eb7c:	0ce6                	slli	s9,s9,0x19
    1c00eb7e:	2053ffcf          	fnmadd.s	ft11,ft7,ft5,ft4
    1c00eb82:	00c1                	addi	ra,ra,16 # 0xfffffffffffe0010
    1c00eb84:	1a01                	addi	s4,s4,-32
    1c00eb86:	3042                	fld	ft0,48(sp)
    1c00eb88:	791d                	lui	s2,0xfffe7
    1c00eb8a:	793d                	lui	s2,0xfffef
    1c00eb8c:	793d                	lui	s2,0xfffef
    1c00eb8e:	793d                	lui	s2,0xfffef
    1c00eb90:	1a02b9c3          	fmadd.d	fs3,ft5,ft0,ft3,rup
    1c00eb94:	3042                	fld	ft0,48(sp)
    1c00eb96:	d908                	sw	a0,48(a0)
    1c00eb98:	b961                	j	0x1c00e830
    1c00eb9a:	0901                	addi	s2,s2,0 # 0xfffffffffffef000
    1c00eb9c:	0031                	c.nop	12
    1c00eb9e:	781d                	lui	a6,0xfffe7
    1c00eba0:	b8c1                	j	0x1c00e470
    1c00eba2:	0c32                	slli	s8,s8,0xc
    1c00eba4:	0120                	addi	s0,sp,136
    1c00eba6:	1a06                	slli	s4,s4,0x21
    1c00eba8:	3002                	fld	ft0,32(sp)
    1c00ebaa:	0832                	slli	a6,a6,0xc
    1c00ebac:	0000                	unimp
    1c00ebae:	0a1e                	slli	s4,s4,0x7
    1c00ebb0:	0100                	addi	s0,sp,128
    1c00ebb2:	c0d1c0ab          	.insn	4, 0xc0d1c0ab
    1c00ebb6:	7ee0                	ld	s0,248(a3)
    1c00ebb8:	c0f1                	beqz	s1,0x1c00ec7c
    1c00ebba:	c1bd                	beqz	a1,0x1c00ec20
    1c00ebbc:	c080                	sw	s0,0(s1)
    1c00ebbe:	800041c3          	fmadd.s	ft3,ft0,ft0,fa6,rmm
    1c00ebc2:	0516                	slli	a0,a0,0x5
    1c00ebc4:	0ace                	slli	s5,s5,0x13
    1c00ebc6:	da72ffaf          	.insn	4, 0xda72ffaf
    1c00ebca:	c080                	sw	s0,0(s1)
    1c00ebcc:	0dda                	slli	s11,s11,0x16
    1c00ebce:	01a0                	addi	s0,sp,200
    1c00ebd0:	d972                	sw	t3,176(sp)
    1c00ebd2:	c0bd                	beqz	s1,0x1c00ec38
    1c00ebd4:	c0d1                	beqz	s1,0x1c00ec58
    1c00ebd6:	7ee0                	ld	s0,248(a3)
    1c00ebd8:	c2e6                	sw	s9,68(sp)
    1c00ebda:	1cfc                	addi	a5,sp,636
    1c00ebdc:	b6c8                	fsd	fa0,168(a3)
    1c00ebde:	1600                	addi	s0,sp,800
    1c00ebe0:	7101                	addi	sp,sp,-512
    1c00ebe2:	9004                	.insn	2, 0x9004
    1c00ebe4:	01e0                	addi	s0,sp,204
    1c00ebe6:	1600                	addi	s0,sp,800
    1c00ebe8:	7082                	ld	ra,32(sp)
    1c00ebea:	8000                	.insn	2, 0x8000
    1c00ebec:	0004                	.insn	2, 0x0004
    1c00ebee:	225f 0100 2044      	.insn	6, 0x20440100225f
    1c00ebf4:	402007c3          	fmadd.s	fa5,ft0,ft2,fs0,rne
    1c00ebf8:	eb05                	bnez	a4,0x1c00ec28
    1c00ebfa:	bb61                	j	0x1c00e992
    1c00ebfc:	0bff 8031 781d b8c3 	.insn	10, 0x080bb8c3781d80310bff
    1c00ec04:	080b 
    1c00ec06:	0190                	addi	a2,sp,192
    1c00ec08:	00710877          	.insn	4, 0x00710877
    1c00ec0c:	df18                	sw	a4,56(a4)
    1c00ec0e:	900446cb          	fnmsub.s	fa3,fs0,ft0,fs2,rmm
    1c00ec12:	0116                	slli	sp,sp,0x5
    1c00ec14:	1e08                	addi	a0,sp,816
    1c00ec16:	1094                	addi	a3,sp,96
    1c00ec18:	71ad                	lui	gp,0xfffeb
    1c00ec1a:	1e02                	slli	t3,t3,0x20
    1c00ec1c:	1055                	c.nop	-11
    1c00ec1e:	d829                	beqz	s0,0x1c00eb70
    1c00ec20:	b6a0                	fsd	fs0,104(a3)
    1c00ec22:	1e6c                	addi	a1,sp,828
    1c00ec24:	1205                	addi	tp,tp,-31 # 0xffffffffffffffe1
    1c00ec26:	1e6c                	addi	a1,sp,828
    1c00ec28:	1004                	addi	s1,sp,32
    1c00ec2a:	702c                	ld	a1,96(s0)
    1c00ec2c:	009840c3          	fmadd.s	ft1,fa6,fs1,ft0,rmm
    1c00ec30:	9680                	.insn	2, 0x9680
    1c00ec32:	4328                	lw	a0,64(a4)
    1c00ec34:	1ef2                	slli	t4,t4,0x3c
    1c00ec36:	9044                	.insn	2, 0x9044
    1c00ec38:	0ea6                	slli	t4,t4,0x9
    1c00ec3a:	0020                	addi	s0,sp,8
    1c00ec3c:	1e66                	slli	t3,t3,0x39
    1c00ec3e:	1044                	addi	s1,sp,36
    1c00ec40:	d8a9                	beqz	s1,0x1c00eb92
    1c00ec42:	1e6c                	addi	a1,sp,828
    1c00ec44:	1004                	addi	s1,sp,32
    1c00ec46:	208a                	fld	ft1,128(sp)
    1c00ec48:	0a46                	slli	s4,s4,0x11
    1c00ec4a:	1e6c                	addi	a1,sp,828
    1c00ec4c:	1004                	addi	s1,sp,32
    1c00ec4e:	208a                	fld	ft1,128(sp)
    1c00ec50:	0a44                	addi	s1,sp,276
    1c00ec52:	1e6c                	addi	a1,sp,828
    1c00ec54:	1004                	addi	s1,sp,32
    1c00ec56:	1e6c                	addi	a1,sp,828
    1c00ec58:	1004                	addi	s1,sp,32
    1c00ec5a:	000040c3          	fmadd.s	ft1,ft0,ft0,ft0,rmm
    1c00ec5e:	6000                	ld	s0,0(s0)
    1c00ec60:	1e72                	slli	t3,t3,0x3c
    1c00ec62:	935c                	.insn	2, 0x935c
    1c00ec64:	1ed0                	addi	a2,sp,884
    1c00ec66:	9344                	.insn	2, 0x9344
    1c00ec68:	1e72                	slli	t3,t3,0x3c
    1c00ec6a:	90dd                	srli	s1,s1,0x37
    1c00ec6c:	0e1a                	slli	t3,t3,0x6
    1c00ec6e:	0020                	addi	s0,sp,8
    1c00ec70:	1ed0                	addi	a2,sp,884
    1c00ec72:	92c4                	.insn	2, 0x92c4
    1c00ec74:	1e72                	slli	t3,t3,0x3c
    1c00ec76:	935c                	.insn	2, 0x935c
    1c00ec78:	1e72                	slli	t3,t3,0x3c
    1c00ec7a:	92dc                	.insn	2, 0x92dc
    1c00ec7c:	f046                	sd	a7,32(sp)
    1c00ec7e:	900445cb          	fnmsub.s	fa1,fs0,ft0,fs2,rmm
    1c00ec82:	0116                	slli	sp,sp,0x5
    1c00ec84:	1d08                	addi	a0,sp,688
    1c00ec86:	1094                	addi	a3,sp,96
    1c00ec88:	71cd                	lui	gp,0xffff3
    1c00ec8a:	1d02                	slli	s10,s10,0x20
    1c00ec8c:	1055                	c.nop	-11
    1c00ec8e:	234a                	fld	ft6,144(sp)
    1c00ec90:	1200                	addi	s0,sp,288
    1c00ec92:	702c                	ld	a1,96(s0)
    1c00ec94:	40c3bf8b          	.insn	4, 0x40c3bf8b
    1c00ec98:	4240000f          	.insn	4, 0x4240000f
    1c00ec9c:	b5c0                	fsd	fs0,168(a1)
    1c00ec9e:	1d6c                	addi	a1,sp,700
    1c00eca0:	12c4                	addi	s1,sp,356
    1c00eca2:	260a                	fld	fa2,128(sp)
    1c00eca4:	3040                	fld	fs0,160(s0)
    1c00eca6:	1df2                	slli	s11,s11,0x3c
    1c00eca8:	9044                	.insn	2, 0x9044
    1c00ecaa:	1d66                	slli	s10,s10,0x39
    1c00ecac:	1044                	addi	s1,sp,36
    1c00ecae:	1d6c                	addi	a1,sp,700
    1c00ecb0:	13c4                	addi	s1,sp,484
    1c00ecb2:	0e2e                	slli	t3,t3,0xb
    1c00ecb4:	0020                	addi	s0,sp,8
    1c00ecb6:	4318                	lw	a4,0(a4)
    1c00ecb8:	bf70                	fsd	fa2,248(a4)
    1c00ecba:	06c2202f          	amoadd.w.aqrl	zero,a2,(tp)
    1c00ecbe:	702c                	ld	a1,96(s0)
    1c00ecc0:	0e1e                	slli	t3,t3,0x7
    1c00ecc2:	0020                	addi	s0,sp,8
    1c00ecc4:	1d6c                	addi	a1,sp,700
    1c00ecc6:	13c4                	addi	s1,sp,484
    1c00ecc8:	009840c3          	fmadd.s	ft1,fa6,fs1,ft0,rmm
    1c00eccc:	9680                	.insn	2, 0x9680
    1c00ecce:	702c                	ld	a1,96(s0)
    1c00ecd0:	0e0e                	slli	t3,t3,0x3
    1c00ecd2:	0020                	addi	s0,sp,8
    1c00ecd4:	1d6c                	addi	a1,sp,700
    1c00ecd6:	12c4                	addi	s1,sp,356
    1c00ecd8:	d888                	sw	a0,48(s1)
    1c00ecda:	1d6c                	addi	a1,sp,700
    1c00ecdc:	1004                	addi	s1,sp,32
    1c00ecde:	000040c3          	fmadd.s	ft1,ft0,ft0,ft0,rmm
    1c00ece2:	6000                	ld	s0,0(s0)
    1c00ece4:	1d6c                	addi	a1,sp,700
    1c00ece6:	12c4                	addi	s1,sp,356
    1c00ece8:	1d6c                	addi	a1,sp,700
    1c00ecea:	1784                	addi	s1,sp,992
    1c00ecec:	1d72                	slli	s10,s10,0x3c
    1c00ecee:	939c                	.insn	2, 0x939c
    1c00ecf0:	1dd0                	addi	a2,sp,756
    1c00ecf2:	9384                	.insn	2, 0x9384
    1c00ecf4:	1d72                	slli	s10,s10,0x3c
    1c00ecf6:	90dd                	srli	s1,s1,0x37
    1c00ecf8:	0d8e                	slli	s11,s11,0x3
    1c00ecfa:	0020                	addi	s0,sp,8
    1c00ecfc:	1dd0                	addi	a2,sp,756
    1c00ecfe:	9784                	.insn	2, 0x9784
    1c00ed00:	1d72                	slli	s10,s10,0x3c
    1c00ed02:	939c                	.insn	2, 0x939c
    1c00ed04:	1d72                	slli	s10,s10,0x3c
    1c00ed06:	979c                	.insn	2, 0x979c
    1c00ed08:	700c                	ld	a1,32(s0)
    1c00ed0a:	0dd6                	slli	s11,s11,0x15
    1c00ed0c:	0020                	addi	s0,sp,8
    1c00ed0e:	d920                	sw	s0,112(a0)
    1c00ed10:	900445cb          	fnmsub.s	fa1,fs0,ft0,fs2,rmm
    1c00ed14:	01f0                	addi	a2,sp,204
    1c00ed16:	d820                	sw	s0,112(s0)
    1c00ed18:	0d6e                	slli	s10,s10,0x1b
    1c00ed1a:	0020                	addi	s0,sp,8
    1c00ed1c:	1d00                	addi	s0,sp,688
    1c00ed1e:	1005                	c.nop	-31
    1c00ed20:	d820                	sw	s0,112(s0)
    1c00ed22:	0d66                	slli	s10,s10,0x19
    1c00ed24:	0020                	addi	s0,sp,8
    1c00ed26:	1d00                	addi	s0,sp,688
    1c00ed28:	1045                	c.nop	-15
    1c00ed2a:	740c                	ld	a1,40(s0)
    1c00ed2c:	0d5a                	slli	s10,s10,0x16
    1c00ed2e:	0020                	addi	s0,sp,8
    1c00ed30:	1d00                	addi	s0,sp,688
    1c00ed32:	1005                	c.nop	-31
    1c00ed34:	1d0a                	slli	s10,s10,0x22
    1c00ed36:	909d                	srli	s1,s1,0x27
    1c00ed38:	1404                	addi	s1,sp,544
    1c00ed3a:	c6c6341b          	.insn	4, 0xc6c6341b
    1c00ed3e:	78e0                	ld	s0,240(s1)
    1c00ed40:	c0f1                	beqz	s1,0x1c00ee04
    1c00ed42:	0822                	slli	a6,a6,0x8
    1c00ed44:	0040                	addi	s0,sp,4
    1c00ed46:	c0d1                	beqz	s1,0x1c00edca
    1c00ed48:	7fe0                	ld	s0,248(a5)
    1c00ed4a:	700c                	ld	a1,32(s0)
    1c00ed4c:	c0e2                	sw	s8,64(sp)
    1c00ed4e:	1600                	addi	s0,sp,800
    1c00ed50:	80007083          	.insn	4, 0x80007083
    1c00ed54:	7b0b0013          	addi	zero,s6,1968
    1c00ed58:	700c                	ld	a1,32(s0)
    1c00ed5a:	8900f22f          	.insn	4, 0x8900f22f
    1c00ed5e:	206c7d1b          	.insn	4, 0x206c7d1b
    1c00ed62:	00cc                	addi	a1,sp,68
    1c00ed64:	2544                	fld	fs1,136(a0)
    1c00ed66:	7b851083          	lh	ra,1976(a0)
    1c00ed6a:	7c1d                	lui	s8,0xfffe7
    1c00ed6c:	2444                	fld	fs1,136(s0)
    1c00ed6e:	1040                	addi	s0,sp,36
    1c00ed70:	7865                	lui	a6,0xffff9
    1c00ed72:	2544                	fld	fs1,136(a0)
    1c00ed74:	7b051203          	lh	tp,1968(a0)
    1c00ed78:	2444                	fld	fs1,136(s0)
    1c00ed7a:	1100                	addi	s0,sp,160
    1c00ed7c:	9280                	.insn	2, 0x9280
    1c00ed7e:	7865                	lui	a6,0xffff9
    1c00ed80:	a900                	fsd	fs0,16(a0)
    1c00ed82:	24047b9b          	.insn	4, 0x24047b9b
    1c00ed86:	1f81                	addi	t6,t6,-32 # 0x1efe0
    1c00ed88:	0000                	unimp
    1c00ed8a:	2344fe07          	.insn	4, 0x2344fe07
    1c00ed8e:	0400                	addi	s0,sp,512
    1c00ed90:	7c9d                	lui	s9,0xfffe7
    1c00ed92:	dd40                	sw	s0,60(a0)
    1c00ed94:	7825                	lui	a6,0xfffe9
    1c00ed96:	2444                	fld	fs1,136(s0)
    1c00ed98:	1201                	addi	tp,tp,-32 # 0xffffffffffffffe0
    1c00ed9a:	7d64                	ld	s1,248(a0)
    1c00ed9c:	7905                	lui	s2,0xfffe1
    1c00ed9e:	79a5                	lui	s3,0xfffe9
    1c00eda0:	2444                	fld	fs1,136(s0)
    1c00eda2:	1800                	addi	s0,sp,48
    1c00eda4:	7825                	lui	a6,0xfffe9
    1c00eda6:	2384                	fld	fs1,0(a5)
    1c00eda8:	0004                	.insn	2, 0x0004
    1c00edaa:	7865                	lui	a6,0xffff9
    1c00edac:	2484                	fld	fs1,8(s1)
    1c00edae:	1002                	c.slli	zero,0x20
    1c00edb0:	7885                	lui	a7,0xfffe1
    1c00edb2:	b200                	fsd	fs0,32(a2)
    1c00edb4:	710c                	ld	a1,32(a0)
    1c00edb6:	c4c2                	sw	a6,72(sp)
    1c00edb8:	c2e6                	sw	s9,68(sp)
    1c00edba:	1cfc                	addi	a5,sp,636
    1c00edbc:	b6c8                	fsd	fa0,168(a3)
    1c00edbe:	900840c3          	fmadd.s	ft1,fa6,ft0,fs2,rmm
    1c00edc2:	01e8                	addi	a0,sp,204
    1c00edc4:	9020                	.insn	2, 0x9020
    1c00edc6:	2059                	.insn	2, 0x2059
    1c00edc8:	0f40                	addi	s0,sp,916
    1c00edca:	7724                	ld	s1,104(a4)
    1c00edcc:	7930                	ld	a2,112(a0)
    1c00edce:	2155793b          	.insn	4, 0x2155793b
    1c00edd2:	0c0d                	addi	s8,s8,3 # 0xfffffffffffe7003
    1c00edd4:	2105                	addiw	sp,sp,1
    1c00edd6:	000e                	c.slli	zero,0x3
    1c00edd8:	7d05                	lui	s10,0xfffe1
    1c00edda:	1600                	addi	s0,sp,800
    1c00eddc:	95e0111b          	.insn	4, 0x95e0111b
    1c00ede0:	085a                	slli	a6,a6,0x16
    1c00ede2:	0020                	addi	s0,sp,8
    1c00ede4:	d896                	sw	t0,112(sp)
    1c00ede6:	781d                	lui	a6,0xfffe7
    1c00ede8:	781d                	lui	a6,0xfffe7
    1c00edea:	781d                	lui	a6,0xfffe7
    1c00edec:	781d                	lui	a6,0xfffe7
    1c00edee:	6822                	ld	a6,8(sp)
    1c00edf0:	7104                	ld	s1,32(a0)
    1c00edf2:	b8e0                	fsd	fs0,240(s1)
    1c00edf4:	21ca                	fld	ft3,144(sp)
    1c00edf6:	0001                	nop
    1c00edf8:	41c3782f          	.insn	4, 0x41c3782f
    1c00edfc:	0000                	unimp
    1c00edfe:	ff00                	sd	s0,56(a4)
    1c00ee00:	2304                	fld	fs1,0(a4)
    1c00ee02:	2005305b          	.insn	4, 0x2005305b
    1c00ee06:	06c0                	addi	s0,sp,836
    1c00ee08:	79e4                	ld	s1,240(a1)
    1c00ee0a:	b600                	fsd	fs0,40(a2)
    1c00ee0c:	2145                	addiw	sp,sp,17
    1c00ee0e:	03c0                	addi	s0,sp,452
    1c00ee10:	b500                	fsd	fs0,40(a0)
    1c00ee12:	1404                	addi	s1,sp,544
    1c00ee14:	c6c6341b          	.insn	4, 0xc6c6341b
    1c00ee18:	2032                	fld	ft0,264(sp)
    1c00ee1a:	0f80                	addi	s0,sp,976
    1c00ee1c:	8000                	.insn	2, 0x8000
    1c00ee1e:	06c8                	addi	a0,sp,836
    1c00ee20:	7034                	ld	a3,96(s0)
    1c00ee22:	7a1d                	lui	s4,0xfffe7
    1c00ee24:	7a5d                	lui	s4,0xffff7
    1c00ee26:	7a5d                	lui	s4,0xffff7
    1c00ee28:	7a5d                	lui	s4,0xffff7
    1c00ee2a:	22ca                	fld	ft5,144(sp)
    1c00ee2c:	0001                	nop
    1c00ee2e:	7fe0bac3          	.insn	4, 0x7fe0bac3
    1c00ee32:	2279                	addiw	tp,tp,30 # 0x1e
    1c00ee34:	03c0                	addi	s0,sp,452
    1c00ee36:	78e0                	ld	s0,240(s1)
    1c00ee38:	1600                	addi	s0,sp,800
    1c00ee3a:	7101                	addi	sp,sp,-512
    1c00ee3c:	8000                	.insn	2, 0x8000
    1c00ee3e:	0006                	c.slli	zero,0x1
    1c00ee40:	790c                	ld	a1,48(a0)
    1c00ee42:	2985                	addiw	s3,s3,1 # 0xfffffffffffe9001
    1c00ee44:	041f 7fe0 6901      	.insn	6, 0x69017fe0041f
    1c00ee4a:	78e0                	ld	s0,240(s1)
    1c00ee4c:	2042                	fld	ft0,16(sp)
    1c00ee4e:	0701                	addi	a4,a4,0
    1c00ee50:	0939                	addi	s2,s2,14 # 0xfffffffffffe100e
    1c00ee52:	0454                	addi	a3,sp,516
    1c00ee54:	0889                	addi	a7,a7,2 # 0xfffffffffffe1002
    1c00ee56:	0c30                	addi	a2,sp,536
    1c00ee58:	d91a                	sw	t1,176(sp)
    1c00ee5a:	0885                	addi	a7,a7,1
    1c00ee5c:	0d70                	addi	a2,sp,668
    1c00ee5e:	087dd90f          	.insn	4, 0x087dd90f
    1c00ee62:	0f30                	addi	a2,sp,920
    1c00ee64:	d918                	sw	a4,48(a0)
    1c00ee66:	e0c5                	bnez	s1,0x1c00ef06
    1c00ee68:	e0d0f227          	.insn	4, 0xe0d0f227
    1c00ee6c:	e0e0f227          	.insn	4, 0xe0e0f227
    1c00ee70:	e0f8f227          	.insn	4, 0xe0f8f227
    1c00ee74:	208cf227          	.insn	4, 0x208cf227
    1c00ee78:	722c8c03          	lb	s8,1826(s9) # 0xfffffffffffe7722
    1c00ee7c:	f230                	sd	a2,96(a2)
    1c00ee7e:	208c                	fld	fa1,0(s1)
    1c00ee80:	8802                	jr	a6
    1c00ee82:	f419                	bnez	s0,0x1c00ed90
    1c00ee84:	732c                	ld	a1,96(a4)
    1c00ee86:	f02c                	sd	a1,96(s0)
    1c00ee88:	2025                	.insn	2, 0x2025
    1c00ee8a:	0040                	addi	s0,sp,4
    1c00ee8c:	f011                	bnez	s0,0x1c00ed90
    1c00ee8e:	f01bf013          	andi	zero,s7,-255
    1c00ee92:	f011                	bnez	s0,0x1c00ed96
    1c00ee94:	f00ff01b          	.insn	4, 0xf00ff01b
    1c00ee98:	f00df01b          	.insn	4, 0xf00df01b
    1c00ee9c:	f01bf00b          	.insn	4, 0xf01bf00b
    1c00eea0:	f009                	bnez	s0,0x1c00eda2
    1c00eea2:	f009                	bnez	s0,0x1c00eda4
    1c00eea4:	f019                	bnez	s0,0x1c00edaa
    1c00eea6:	f005f007          	.insn	4, 0xf005f007
    1c00eeaa:	f005                	bnez	s0,0x1c00edca
    1c00eeac:	d93ff017          	auipc	zero,0xd93ff
    1c00eeb0:	f016                	sd	t0,32(sp)
    1c00eeb2:	702c                	ld	a1,96(s0)
    1c00eeb4:	f014                	sd	a3,32(s0)
    1c00eeb6:	f012d90b          	.insn	4, 0xf012d90b
    1c00eeba:	d90a                	sw	sp,176(sp)
    1c00eebc:	f010                	sd	a2,32(s0)
    1c00eebe:	f00ed907          	.insn	4, 0xf00ed907
    1c00eec2:	d908                	sw	a0,48(a0)
    1c00eec4:	f00c                	sd	a1,32(s0)
    1c00eec6:	d93e                	sw	a5,176(sp)
    1c00eec8:	f00a                	sd	sp,32(sp)
    1c00eeca:	f008d93b          	.insn	4, 0xf008d93b
    1c00eece:	d93a                	sw	a4,176(sp)
    1c00eed0:	f006                	sd	ra,32(sp)
    1c00eed2:	d91f f004 d938      	.insn	6, 0xd938f004d91f
    1c00eed8:	f002                	sd	zero,32(sp)
    1c00eeda:	7fe0d91b          	.insn	4, 0x7fe0d91b
    1c00eede:	4020                	lw	s0,64(s0)
    1c00eee0:	c2e6                	sw	s9,68(sp)
    1c00eee2:	1cfc                	addi	a5,sp,636
    1c00eee4:	b6c8                	fsd	fa0,168(a3)
    1c00eee6:	2482                	fld	fs1,0(sp)
    1c00eee8:	330c                	fld	fa1,32(a4)
    1c00eeea:	0c2a                	slli	s8,s8,0xa
    1c00eeec:	c083ffef          	jal	t6,0x1bf4e2f4
    1c00eef0:	1600                	addi	s0,sp,800
    1c00eef2:	708d                	lui	ra,0xfffe3
    1c00eef4:	8000                	.insn	2, 0x8000
    1c00eef6:	0010                	.insn	2, 0x0010
    1c00eef8:	70cd706f          	j	0x1c0e6604
    1c00eefc:	f012                	sd	tp,32(sp)
    1c00eefe:	13ae0d23          	sb	s10,314(t3) # 0xffffffffffff113a
    1c00ef02:	714c                	ld	a1,160(a0)
    1c00ef04:	4040                	lw	s0,4(s0)
    1c00ef06:	2644                	fld	fs1,136(a2)
    1c00ef08:	17c1                	addi	a5,a5,-16
    1c00ef0a:	e906                	sd	ra,144(sp)
    1c00ef0c:	b961                	j	0x1c00eba4
    1c00ef0e:	0901                	addi	s2,s2,0
    1c00ef10:	0031                	c.nop	12
    1c00ef12:	706c781b          	.insn	4, 0x706c781b
    1c00ef16:	097e780f          	.insn	4, 0x097e780f
    1c00ef1a:	01a0                	addi	s0,sp,200
    1c00ef1c:	71c5c183          	lbu	gp,1820(a1)
    1c00ef20:	0edf 9114 0bca      	.insn	6, 0x0bca91140edf
    1c00ef26:	0000                	unimp
    1c00ef28:	0a52                	slli	s4,s4,0x14
    1c00ef2a:	0040                	addi	s0,sp,4
    1c00ef2c:	1e00                	addi	s0,sp,816
    1c00ef2e:	76c4                	ld	s1,168(a3)
    1c00ef30:	9004                	.insn	2, 0x9004
    1c00ef32:	00dc                	addi	a5,sp,68
    1c00ef34:	00c3206f          	j	0x1c040f40
    1c00ef38:	88c0                	.insn	2, 0x88c0
    1c00ef3a:	240088a3          	sb	zero,593(ra) # 0xfffffffffffe3251
    1c00ef3e:	3f80                	fld	fs0,56(a5)
    1c00ef40:	0000                	unimp
    1c00ef42:	026c                	addi	a1,sp,268
    1c00ef44:	702c                	ld	a1,96(s0)
    1c00ef46:	0e0e                	slli	t3,t3,0x3
    1c00ef48:	0020                	addi	s0,sp,8
    1c00ef4a:	daa0                	sw	s0,112(a3)
    1c00ef4c:	2400                	fld	fs0,8(s0)
    1c00ef4e:	3f80                	fld	fs0,56(a5)
    1c00ef50:	0000                	unimp
    1c00ef52:	01cc                	addi	a1,sp,196
    1c00ef54:	0dfe                	slli	s11,s11,0x1f
    1c00ef56:	0020                	addi	s0,sp,8
    1c00ef58:	daa0                	sw	s0,112(a3)
    1c00ef5a:	2400                	fld	fs0,8(s0)
    1c00ef5c:	3f80                	fld	fs0,56(a5)
    1c00ef5e:	0000                	unimp
    1c00ef60:	012c                	addi	a1,sp,136
    1c00ef62:	0df2                	slli	s11,s11,0x1c
    1c00ef64:	0020                	addi	s0,sp,8
    1c00ef66:	daa0                	sw	s0,112(a3)
    1c00ef68:	2455                	addiw	s0,s0,21
    1c00ef6a:	38c0                	fld	fs0,176(s1)
    1c00ef6c:	0de6                	slli	s11,s11,0x19
    1c00ef6e:	0020                	addi	s0,sp,8
    1c00ef70:	daa0                	sw	s0,112(a3)
    1c00ef72:	251a                	fld	fa0,384(sp)
    1c00ef74:	1f8d                	addi	t6,t6,-29
    1c00ef76:	0010                	.insn	2, 0x0010
    1c00ef78:	0000                	unimp
    1c00ef7a:	f060                	sd	s0,224(s0)
    1c00ef7c:	702c                	ld	a1,96(s0)
    1c00ef7e:	0dd6                	slli	s11,s11,0x15
    1c00ef80:	0020                	addi	s0,sp,8
    1c00ef82:	da28                	sw	a0,112(a2)
    1c00ef84:	0dcec08f          	.insn	4, 0x0dcec08f
    1c00ef88:	0020                	addi	s0,sp,8
    1c00ef8a:	da28                	sw	a0,112(a2)
    1c00ef8c:	c085                	beqz	s1,0x1c00efac
    1c00ef8e:	0dc6                	slli	s11,s11,0x11
    1c00ef90:	0020                	addi	s0,sp,8
    1c00ef92:	da28                	sw	a0,112(a2)
    1c00ef94:	2355                	addiw	t1,t1,21
    1c00ef96:	3800                	fld	fs0,48(s0)
    1c00ef98:	78a5                	lui	a7,0xfffe9
    1c00ef9a:	c199                	beqz	a1,0x1c00efa0
    1c00ef9c:	0ae2                	slli	s5,s5,0x18
    1c00ef9e:	00e0                	addi	s0,sp,76
    1c00efa0:	724c                	ld	a1,160(a2)
    1c00efa2:	2355                	addiw	t1,t1,21
    1c00efa4:	38c0                	fld	fs0,176(s1)
    1c00efa6:	78a5                	lui	a7,0xfffe9
    1c00efa8:	0ad6                	slli	s5,s5,0x15
    1c00efaa:	00e0                	addi	s0,sp,76
    1c00efac:	2355c18f          	.insn	4, 0x2355c18f
    1c00efb0:	3d00                	fld	fs0,56(a0)
    1c00efb2:	78a5                	lui	a7,0xfffe9
    1c00efb4:	0aca                	slli	s5,s5,0x12
    1c00efb6:	00e0                	addi	s0,sp,76
    1c00efb8:	c185                	beqz	a1,0x1c00efd8
    1c00efba:	1600                	addi	s0,sp,800
    1c00efbc:	709e                	ld	ra,480(sp)
    1c00efbe:	8000                	.insn	2, 0x8000
    1c00efc0:	044a                	slli	s0,s0,0x12
    1c00efc2:	1600                	addi	s0,sp,800
    1c00efc4:	80007083          	.insn	4, 0x80007083
    1c00efc8:	0449                	addi	s0,s0,18
    1c00efca:	f035                	bnez	s0,0x1c00ef2e
    1c00efcc:	c099                	beqz	s1,0x1c00efd2
    1c00efce:	20f4                	fld	fa3,192(s1)
    1c00efd0:	00c0                	addi	s0,sp,68
    1c00efd2:	0cea                	slli	s9,s9,0x1a
    1c00efd4:	c040ffaf          	.insn	4, 0xc040ffaf
    1c00efd8:	4308                	lw	a0,0(a4)
    1c00efda:	20f4c08f          	.insn	4, 0x20f4c08f
    1c00efde:	c08500cf          	fnmadd.s	ft1,fa0,fs0,fs8,rne
    1c00efe2:	20f4                	fld	fa3,192(s1)
    1c00efe4:	00c0                	addi	s0,sp,68
    1c00efe6:	bfc5                	j	0x1c00efd6
    1c00efe8:	0cd2                	slli	s9,s9,0x14
    1c00efea:	7761ffaf          	.insn	4, 0x7761ffaf
    1c00efee:	235a                	fld	ft6,400(sp)
    1c00eff0:	3a02                	fld	fs4,32(sp)
    1c00eff2:	2400                	fld	fs0,8(s0)
    1c00eff4:	3f81                	addiw	t6,t6,-32
    1c00eff6:	0000                	unimp
    1c00eff8:	026c                	addi	a1,sp,268
    1c00effa:	6159                	addi	sp,sp,400
    1c00effc:	7974                	ld	a3,240(a0)
    1c00effe:	b1e0                	fsd	fs0,224(a1)
    1c00f000:	2400                	fld	fs0,8(s0)
    1c00f002:	3f81                	addiw	t6,t6,-32
    1c00f004:	0000                	unimp
    1c00f006:	01cc                	addi	a1,sp,196
    1c00f008:	615c                	ld	a5,128(a0)
    1c00f00a:	c100                	sw	s0,0(a0)
    1c00f00c:	7c74                	ld	a3,248(s0)
    1c00f00e:	793d                	lui	s2,0xfffef
    1c00f010:	216c                	fld	fa1,192(a0)
    1c00f012:	0101                	addi	sp,sp,0
    1c00f014:	b420                	fsd	fs0,104(s0)
    1c00f016:	2400                	fld	fs0,8(s0)
    1c00f018:	3f81                	addiw	t6,t6,-32
    1c00f01a:	0000                	unimp
    1c00f01c:	012c                	addi	a1,sp,136
    1c00f01e:	6159                	addi	sp,sp,400
    1c00f020:	7974                	ld	a3,240(a0)
    1c00f022:	1900                	addi	s0,sp,176
    1c00f024:	02c4                	addi	s1,sp,324
    1c00f026:	2455                	addiw	s0,s0,21
    1c00f028:	38c1                	addiw	a7,a7,-16 # 0xfffffffffffe8ff0
    1c00f02a:	6159                	addi	sp,sp,400
    1c00f02c:	7974                	ld	a3,240(a0)
    1c00f02e:	b100                	fsd	fs0,32(a0)
    1c00f030:	7164                	ld	s1,224(a0)
    1c00f032:	0e9d                	addi	t4,t4,7
    1c00f034:	b0c5                	j	0x1c00e914
    1c00f036:	0b457167          	.insn	4, 0x0b457167
    1c00f03a:	b134                	fsd	fa3,96(a0)
    1c00f03c:	c099                	beqz	s1,0x1c00f042
    1c00f03e:	2684                	fld	fs1,8(a3)
    1c00f040:	1002                	c.slli	zero,0x20
    1c00f042:	7edd                	lui	t4,0xffff7
    1c00f044:	7edd                	lui	t4,0xffff7
    1c00f046:	7edd                	lui	t4,0xffff7
    1c00f048:	7edd                	lui	t4,0xffff7
    1c00f04a:	7edd                	lui	t4,0xffff7
    1c00f04c:	7edd                	lui	t4,0xffff7
    1c00f04e:	7edd                	lui	t4,0xffff7
    1c00f050:	c642                	sw	a6,12(sp)
    1c00f052:	de31                	beqz	a2,0x1c00efae
    1c00f054:	be9f 264a 30c0      	.insn	6, 0x30c0264abe9f
    1c00f05a:	2642                	fld	fa2,16(sp)
    1c00f05c:	200a131b          	.insn	4, 0x200a131b
    1c00f060:	0780                	addi	s0,sp,960
    1c00f062:	c040                	sw	s0,4(s0)
    1c00f064:	f05c                	sd	a5,160(s0)
    1c00f066:	17a00baf          	.insn	4, 0x17a00baf
    1c00f06a:	706c                	ld	a1,224(s0)
    1c00f06c:	1600                	addi	s0,sp,800
    1c00f06e:	7080                	ld	s0,32(s1)
    1c00f070:	8000                	.insn	2, 0x8000
    1c00f072:	044a                	slli	s0,s0,0x12
    1c00f074:	1600                	addi	s0,sp,800
    1c00f076:	708d                	lui	ra,0xfffe3
    1c00f078:	8000                	.insn	2, 0x8000
    1c00f07a:	0449                	addi	s0,s0,18
    1c00f07c:	4768bb8f          	.insn	4, 0x4768bb8f
    1c00f080:	c041                	beqz	s0,0x1c00f100
    1c00f082:	f036                	sd	a3,32(sp)
    1c00f084:	78bd                	lui	a7,0xfffef
    1c00f086:	2544                	fld	fs1,136(a0)
    1c00f088:	1041                	c.nop	-16
    1c00f08a:	0d92                	slli	s11,s11,0x4
    1c00f08c:	780fffef          	jal	t6,0x1c10e80c
    1c00f090:	e82d                	bnez	s0,0x1c00f102
    1c00f092:	235a                	fld	ft6,400(sp)
    1c00f094:	1a01                	addi	s4,s4,-32 # 0xffffffffffff6fe0
    1c00f096:	265a                	fld	fa2,400(sp)
    1c00f098:	3a02                	fld	fs4,32(sp)
    1c00f09a:	c002                	sw	zero,0(sp)
    1c00f09c:	7c6e                	ld	s8,248(sp)
    1c00f09e:	e80a                	sd	sp,16(sp)
    1c00f0a0:	2400                	fld	fs0,8(s0)
    1c00f0a2:	3f80                	fld	fs0,56(a5)
    1c00f0a4:	0000                	unimp
    1c00f0a6:	012c                	addi	a1,sp,136
    1c00f0a8:	23f4603b          	.insn	4, 0x23f4603b
    1c00f0ac:	f00d0343          	fmadd.s	ft6,fs10,ft0,ft10,rne
    1c00f0b0:	2400                	fld	fs0,8(s0)
    1c00f0b2:	3f80                	fld	fs0,56(a5)
    1c00f0b4:	0000                	unimp
    1c00f0b6:	01cc                	addi	a1,sp,196
    1c00f0b8:	6038                	ld	a4,64(s0)
    1c00f0ba:	20f4                	fld	fa3,192(s1)
    1c00f0bc:	24000343          	.insn	4, 0x24000343
    1c00f0c0:	3f80                	fld	fs0,56(a5)
    1c00f0c2:	0000                	unimp
    1c00f0c4:	026c                	addi	a1,sp,268
    1c00f0c6:	6058                	ld	a4,128(s0)
    1c00f0c8:	20f4                	fld	fa3,192(s1)
    1c00f0ca:	0340                	addi	s0,sp,388
    1c00f0cc:	7862                	ld	a6,56(sp)
    1c00f0ce:	2408                	fld	fa0,8(s0)
    1c00f0d0:	24551003          	lh	zero,581(a0)
    1c00f0d4:	38c0                	fld	fs0,176(s1)
    1c00f0d6:	6119                	addi	sp,sp,384
    1c00f0d8:	6058                	ld	a4,128(s0)
    1c00f0da:	21f4                	fld	fa3,192(a1)
    1c00f0dc:	0341                	addi	t1,t1,16
    1c00f0de:	20f4                	fld	fa3,192(s1)
    1c00f0e0:	0340                	addi	s0,sp,388
    1c00f0e2:	4831                	li	a6,12
    1c00f0e4:	78ee                	ld	a7,248(sp)
    1c00f0e6:	2008                	fld	fa0,0(s0)
    1c00f0e8:	71a5004f          	fnmadd.s	ft0,fa0,fs10,fa4,rne
    1c00f0ec:	c001                	beqz	s0,0x1c00f0ec
    1c00f0ee:	0899                	addi	a7,a7,6 # 0xfffffffffffef006
    1c00f0f0:	8365                	srli	a4,a4,0x19
    1c00f0f2:	786e                	ld	a6,248(sp)
    1c00f0f4:	c102                	sw	zero,128(sp)
    1c00f0f6:	e905                	bnez	a0,0x1c00f126
    1c00f0f8:	0b06                	slli	s6,s6,0x1
    1c00f0fa:	f003ff8f          	.insn	4, 0xf003ff8f
    1c00f0fe:	0b4a                	slli	s6,s6,0x12
    1c00f100:	4100ff8f          	.insn	4, 0x4100ff8f
    1c00f104:	0afa                	slli	s5,s5,0x1e
    1c00f106:	78eeffaf          	.insn	4, 0x78eeffaf
    1c00f10a:	1b01                	addi	s6,s6,-32
    1c00f10c:	3052                	fld	ft0,304(sp)
    1c00f10e:	1e01                	addi	t3,t3,-32
    1c00f110:	1012                	c.slli	zero,0x24
    1c00f112:	7765                	lui	a4,0xffff9
    1c00f114:	90130b53          	.insn	4, 0x90130b53
    1c00f118:	2642                	fld	fa2,16(sp)
    1c00f11a:	305e                	fld	ft0,496(sp)
    1c00f11c:	0ef9                	addi	t4,t4,30 # 0xffffffffffff701e
    1c00f11e:	736db033          	.insn	4, 0x736db033
    1c00f122:	800043cb          	fnmsub.s	ft7,ft0,ft0,fa6,rmm
    1c00f126:	004d                	c.nop	19
    1c00f128:	2342                	fld	ft6,16(sp)
    1c00f12a:	1400                	addi	s0,sp,544
    1c00f12c:	c041                	beqz	s0,0x1c00f1ac
    1c00f12e:	f04c                	sd	a1,160(s0)
    1c00f130:	1600                	addi	s0,sp,800
    1c00f132:	8000709b          	.insn	4, 0x8000709b
    1c00f136:	044a                	slli	s0,s0,0x12
    1c00f138:	1600                	addi	s0,sp,800
    1c00f13a:	708d                	lui	ra,0xfffe3
    1c00f13c:	8000                	.insn	2, 0x8000
    1c00f13e:	0449                	addi	s0,s0,18
    1c00f140:	70cd                	lui	ra,0xffff3
    1c00f142:	43c1be8f          	.insn	4, 0x43c1be8f
    1c00f146:	f02a                	sd	a0,32(sp)
    1c00f148:	78bd                	lui	a7,0xfffef
    1c00f14a:	2544                	fld	fs1,136(a0)
    1c00f14c:	1041                	c.nop	-16
    1c00f14e:	0cce                	slli	s9,s9,0x13
    1c00f150:	780fffef          	jal	t6,0x1c10e8d0
    1c00f154:	e821                	bnez	s0,0x1c00f1a4
    1c00f156:	c200                	sw	s0,0(a2)
    1c00f158:	265a                	fld	fa2,400(sp)
    1c00f15a:	3a0c                	fld	fa1,48(a2)
    1c00f15c:	2400                	fld	fs0,8(s0)
    1c00f15e:	00003f8f          	.insn	4, 0x3f8f
    1c00f162:	012c                	addi	a1,sp,136
    1c00f164:	225a                	fld	ft4,400(sp)
    1c00f166:	0a02                	c.slli	s4,0x0
    1c00f168:	2455                	addiw	s0,s0,21
    1c00f16a:	38c1                	addiw	a7,a7,-16 # 0xfffffffffffeeff0
    1c00f16c:	6798                	ld	a4,8(a5)
    1c00f16e:	20f4                	fld	fa3,192(s1)
    1c00f170:	035f 6158 20f4      	.insn	6, 0x20f46158035f
    1c00f176:	0340                	addi	s0,sp,388
    1c00f178:	6199                	lui	gp,0x6
    1c00f17a:	62fa                	ld	t0,408(sp)
    1c00f17c:	270e                	fld	fa4,192(sp)
    1c00f17e:	301f 786e 2008      	.insn	6, 0x2008786e301f
    1c00f184:	21f407c3          	fmadd.s	fa5,fs0,ft11,ft4,rne
    1c00f188:	0341                	addi	t1,t1,16
    1c00f18a:	22f4                	fld	fa3,192(a3)
    1c00f18c:	0340                	addi	s0,sp,388
    1c00f18e:	4831                	li	a6,12
    1c00f190:	78ce                	ld	a7,240(sp)
    1c00f192:	2008                	fld	fa0,0(s0)
    1c00f194:	004e                	c.slli	zero,0x13
    1c00f196:	71a5                	lui	gp,0xfffe9
    1c00f198:	0bb1                	addi	s7,s7,12
    1c00f19a:	b365                	j	0x1c00ef42
    1c00f19c:	78ce                	ld	a7,240(sp)
    1c00f19e:	0a62                	slli	s4,s4,0x18
    1c00f1a0:	4200ff8f          	.insn	4, 0x4200ff8f
    1c00f1a4:	0a5a                	slli	s4,s4,0x16
    1c00f1a6:	786effaf          	.insn	4, 0x786effaf
    1c00f1aa:	c101                	beqz	a0,0x1c00f1aa
    1c00f1ac:	2642                	fld	fa2,16(sp)
    1c00f1ae:	305e                	fld	ft0,496(sp)
    1c00f1b0:	1901                	addi	s2,s2,-32 # 0xfffffffffffeefe0
    1c00f1b2:	0092                	slli	ra,ra,0x4
    1c00f1b4:	c141                	beqz	a0,0x1c00f234
    1c00f1b6:	1b01                	addi	s6,s6,-32
    1c00f1b8:	1012                	c.slli	zero,0x24
    1c00f1ba:	0e79                	addi	t3,t3,30
    1c00f1bc:	c000b013          	sltiu	zero,ra,-1024
    1c00f1c0:	7704                	ld	s1,40(a4)
    1c00f1c2:	c040                	sw	s0,4(s0)
    1c00f1c4:	c000                	sw	s0,0(s0)
    1c00f1c6:	803308f7          	.insn	4, 0x803308f7
    1c00f1ca:	264a                	fld	fa2,144(sp)
    1c00f1cc:	30c0                	fld	fs0,160(s1)
    1c00f1ce:	900340c3          	fmadd.s	ft1,ft6,ft0,fs2,rmm
    1c00f1d2:	e174                	sd	a3,192(a0)
    1c00f1d4:	1800                	addi	s0,sp,48
    1c00f1d6:	0005                	c.nop	1
    1c00f1d8:	0cbe                	slli	s9,s9,0xf
    1c00f1da:	1802ffaf          	.insn	4, 0x1802ffaf
    1c00f1de:	0005                	c.nop	1
    1c00f1e0:	2480                	fld	fs0,8(s1)
    1c00f1e2:	330c                	fld	fa1,32(a4)
    1c00f1e4:	1404                	addi	s1,sp,544
    1c00f1e6:	c6c6341b          	.insn	4, 0xc6c6341b
    1c00f1ea:	78e0                	ld	s0,240(s1)
    1c00f1ec:	c2e4                	sw	s1,68(a3)
    1c00f1ee:	c1a4                	sw	s1,64(a1)
    1c00f1f0:	4608                	lw	a0,8(a2)
    1c00f1f2:	700c                	ld	a1,32(s0)
    1c00f1f4:	0e26                	slli	t3,t3,0x9
    1c00f1f6:	d9ffff6f          	jal	t5,0x1c00ef94
    1c00f1fa:	1200                	addi	s0,sp,288
    1c00f1fc:	702c3083          	ld	ra,1794(s8)
    1c00f200:	754cd8ff c1434528 	.insn	20, 0x208ac140ff6f0ed6c141c142c1434528754cd8ff
    1c00f208:	c141c142 ff6f0ed6 
    1c00f210:	208ac140 
    1c00f214:	0010                	.insn	2, 0x0010
    1c00f216:	c040                	sw	s0,4(s0)
    1c00f218:	d980d8ff db20764c 	.insn	20, 0x700cc541ff6f0ebec642c543db20764cd980d8ff
    1c00f220:	c642c543 ff6f0ebe 
    1c00f228:	700cc541 
    1c00f22c:	0e76                	slli	t3,t3,0x1d
    1c00f22e:	712cff6f          	jal	t5,0x1c0de940
    1c00f232:	c0a4                	sw	s1,64(s1)
    1c00f234:	c6c4                	sw	s1,12(a3)
    1c00f236:	78e0                	ld	s0,240(s1)
    1c00f238:	c2e4                	sw	s1,68(a3)
    1c00f23a:	c1a4                	sw	s1,64(a1)
    1c00f23c:	1600                	addi	s0,sp,800
    1c00f23e:	708e                	ld	ra,224(sp)
    1c00f240:	8000                	.insn	2, 0x8000
    1c00f242:	0010                	.insn	2, 0x0010
    1c00f244:	700c                	ld	a1,32(s0)
    1c00f246:	0dd6                	slli	s11,s11,0x15
    1c00f248:	d9ffff6f          	jal	t5,0x1c00efe6
    1c00f24c:	702c                	ld	a1,96(s0)
    1c00f24e:	754cd8ff 4528736c 	.insn	20, 0xc140ff6f0e86c141c142c1434528736c754cd8ff
    1c00f256:	c142c143 0e86c141 
    1c00f25e:	c140ff6f 
    1c00f262:	d980d8ff db20da09 	.insn	20, 0x1c00ff6f0e72c541c642c543db20da09d980d8ff
    1c00f26a:	c642c543 0e72c541 
    1c00f272:	1c00ff6f 
    1c00f276:	3041                	.insn	2, 0x3041
    1c00f278:	700c                	ld	a1,32(s0)
    1c00f27a:	0e2a                	slli	t3,t3,0xa
    1c00f27c:	712cff6f          	jal	t5,0x1c0de98e
    1c00f280:	c0a4                	sw	s1,64(s1)
    1c00f282:	c6c4                	sw	s1,12(a3)
    1c00f284:	21aa                	fld	ft3,136(sp)
    1c00f286:	00c4                	addi	s1,sp,68
    1c00f288:	0911                	addi	s2,s2,4
    1c00f28a:	722c003f 00c421ab 	.insn	8, 0x00c421ab722c003f
    1c00f292:	712c                	ld	a1,96(a0)
    1c00f294:	00c421ab          	.insn	4, 0x00c421ab
    1c00f298:	0415080f          	.insn	4, 0x0415080f
    1c00f29c:	1600                	addi	s0,sp,800
    1c00f29e:	7100                	ld	s0,32(a0)
    1c00f2a0:	9008                	.insn	2, 0x9008
    1c00f2a2:	01d6                	slli	gp,gp,0x15
    1c00f2a4:	7ee0                	ld	s0,248(a3)
    1c00f2a6:	21aa                	fld	ft3,136(sp)
    1c00f2a8:	0104                	addi	s1,sp,128
    1c00f2aa:	7b32                	ld	s6,296(sp)
    1c00f2ac:	0b19                	addi	s6,s6,6
    1c00f2ae:	0025                	c.nop	9
    1c00f2b0:	24aa                	fld	fs1,136(sp)
    1c00f2b2:	1144                	addi	s1,sp,164
    1c00f2b4:	22aa                	fld	ft5,136(sp)
    1c00f2b6:	0104                	addi	s1,sp,128
    1c00f2b8:	09fd                	addi	s3,s3,31
    1c00f2ba:	8084                	.insn	2, 0x8084
    1c00f2bc:	7862                	ld	a6,56(sp)
    1c00f2be:	24aa                	fld	fs1,136(sp)
    1c00f2c0:	1144                	addi	s1,sp,164
    1c00f2c2:	6038f003          	.insn	4, 0x6038f003
    1c00f2c6:	21aa                	fld	ft3,136(sp)
    1c00f2c8:	0104                	addi	s1,sp,128
    1c00f2ca:	7110                	ld	a2,32(a0)
    1c00f2cc:	20e1                	addiw	ra,ra,24 # 0xffffffffffff3018
    1c00f2ce:	07c6                	slli	a5,a5,0x11
    1c00f2d0:	22aa                	fld	ft5,136(sp)
    1c00f2d2:	0144                	addi	s1,sp,132
    1c00f2d4:	90800cf3          	.insn	4, 0x90800cf3
    1c00f2d8:	7ee0                	ld	s0,248(a3)
    1c00f2da:	78e0                	ld	s0,240(s1)
    1c00f2dc:	c0f1                	beqz	s1,0x1c00f3a0
    1c00f2de:	0836                	slli	a6,a6,0xd
    1c00f2e0:	0000                	unimp
    1c00f2e2:	0fa6                	slli	t6,t6,0x9
    1c00f2e4:	c0d1ffcf          	fnmadd.s	ft11,ft3,fa3,fs8
    1c00f2e8:	7ee0                	ld	s0,248(a3)
    1c00f2ea:	78e0                	ld	s0,240(s1)
    1c00f2ec:	c0f1                	beqz	s1,0x1c00f3b0
    1c00f2ee:	0f4e                	slli	t5,t5,0x13
    1c00f2f0:	0f96ffcf          	.insn	4, 0x0f96ffcf
    1c00f2f4:	d814ffef          	jal	t6,0x1bf5f074
    1c00f2f8:	c0d1                	beqz	s1,0x1c00f37c
    1c00f2fa:	7ee0                	ld	s0,248(a3)
    1c00f2fc:	c0f1                	beqz	s1,0x1c00f3c0
    1c00f2fe:	08ce                	slli	a7,a7,0x13
    1c00f300:	0f86ff8f          	.insn	4, 0x0f86ff8f
    1c00f304:	208affef          	jal	t6,0x1c0be50c
    1c00f308:	0010                	.insn	2, 0x0010
    1c00f30a:	c0d1                	beqz	s1,0x1c00f38e
    1c00f30c:	7ee0                	ld	s0,248(a3)
    1c00f30e:	78e0                	ld	s0,240(s1)
    1c00f310:	1600                	addi	s0,sp,800
    1c00f312:	80007103          	.insn	4, 0x80007103
    1c00f316:	0006                	c.slli	zero,0x1
    1c00f318:	231a                	fld	ft6,384(sp)
    1c00f31a:	0002                	c.slli	zero,0x0
    1c00f31c:	2a05                	addiw	s4,s4,1
    1c00f31e:	0f82                	c.slli	t6,0x0
    1c00f320:	001e                	c.slli	zero,0x7
    1c00f322:	8480                	.insn	2, 0x8480
    1c00f324:	0815                	addi	a6,a6,5 # 0xfffffffffffe7005
    1c00f326:	0f84                	addi	s1,sp,976
    1c00f328:	0d410003          	lb	zero,212(sp)
    1c00f32c:	2885                	addiw	a7,a7,1
    1c00f32e:	201a0a0f          	.insn	4, 0x201a0a0f
    1c00f332:	00c2                	slli	ra,ra,0x10
    1c00f334:	2a85                	addiw	s5,s5,1
    1c00f336:	041f 783d 7050      	.insn	6, 0x7050783d041f
    1c00f33c:	22ca                	fld	ft5,144(sp)
    1c00f33e:	000d                	c.nop	3
    1c00f340:	7fe0                	ld	s0,248(a5)
    1c00f342:	6a01                	.insn	2, 0x6a01
    1c00f344:	c2e6                	sw	s9,68(sp)
    1c00f346:	1cfc                	addi	a5,sp,636
    1c00f348:	b6c8                	fsd	fa0,168(a3)
    1c00f34a:	c1a9                	beqz	a1,0x1c00f38c
    1c00f34c:	36c3236f          	jal	t1,0x1c0416b8
    1c00f350:	1300                	addi	s0,sp,416
    1c00f352:	3082                	fld	ft1,32(sp)
    1c00f354:	004d41c3          	fmadd.s	ft3,fs10,ft4,ft0,rmm
    1c00f358:	0001                	nop
    1c00f35a:	0b8e                	slli	s7,s7,0x3
    1c00f35c:	2278ff6f          	jal	t5,0x1c09ed82
    1c00f360:	0040                	addi	s0,sp,4
    1c00f362:	0d02                	c.slli	s10,0x0
    1c00f364:	1302ffaf          	.insn	4, 0x1302ffaf
    1c00f368:	308d                	addiw	ra,ra,-29
    1c00f36a:	7bbd                	lui	s7,0xfffef
    1c00f36c:	7abd                	lui	s5,0xfffef
    1c00f36e:	7b7d                	lui	s6,0xfffff
    1c00f370:	907e2553          	.insn	4, 0x907e2553
    1c00f374:	7a5d                	lui	s4,0xffff7
    1c00f376:	23c0                	fld	fs0,128(a5)
    1c00f378:	0062                	c.slli	zero,0x18
    1c00f37a:	7a5d                	lui	s4,0xffff7
    1c00f37c:	90812553          	.insn	4, 0x90812553
    1c00f380:	22c0b8c3          	fmadd.d	fa7,ft1,fa2,ft4,rup
    1c00f384:	0062                	c.slli	zero,0x18
    1c00f386:	30021a03          	lh	s4,768(tp) # 0x300
    1c00f38a:	1a05                	addi	s4,s4,-31 # 0xffffffffffff6fe1
    1c00f38c:	30c2                	fld	ft1,48(sp)
    1c00f38e:	30421a07          	.insn	4, 0x30421a07
    1c00f392:	1a04                	addi	s1,sp,304
    1c00f394:	3082                	fld	ft1,32(sp)
    1c00f396:	c040                	sw	s0,4(s0)
    1c00f398:	005341c3          	fmadd.s	ft3,ft6,ft5,ft0,rmm
    1c00f39c:	08ee0003          	lb	zero,142(t3)
    1c00f3a0:	d80affaf          	.insn	4, 0xd80affaf
    1c00f3a4:	704c                	ld	a1,160(s0)
    1c00f3a6:	700c                	ld	a1,32(s0)
    1c00f3a8:	800043c3          	fmadd.s	ft7,ft0,ft0,fa6,rmm
    1c00f3ac:	f00406c7          	fmsub.s	fa3,fs0,ft0,ft10,rne
    1c00f3b0:	a941                	j	0x1c00f840
    1c00f3b2:	7104                	ld	s1,32(a0)
    1c00f3b4:	08fd                	addi	a7,a7,31
    1c00f3b6:	82b4                	.insn	2, 0x82b4
    1c00f3b8:	6319                	lui	t1,0x6
    1c00f3ba:	e816ca07          	.insn	4, 0xe816ca07
    1c00f3be:	b8c4d9ff b861e806 	.insn	20, 0xa8206078ca04793b00310801b861e806b8c4d9ff
    1c00f3c6:	00310801 ca04793b 
    1c00f3ce:	a8206078 
    1c00f3d2:	f00c                	sd	a1,32(s0)
    1c00f3d4:	1600                	addi	s0,sp,800
    1c00f3d6:	7080                	ld	s0,32(s1)
    1c00f3d8:	8000                	.insn	2, 0x8000
    1c00f3da:	000e                	c.slli	zero,0x3
    1c00f3dc:	00ae080b          	.insn	4, 0x00ae080b
    1c00f3e0:	6358                	ld	a4,128(a4)
    1c00f3e2:	1801                	addi	a6,a6,-32
    1c00f3e4:	71440fc3          	fmadd.s	ft11,fs0,fs4,fa4,rne
    1c00f3e8:	0aed                	addi	s5,s5,27 # 0xfffffffffffef01b
    1c00f3ea:	82b4                	.insn	2, 0x82b4
    1c00f3ec:	70cd                	lui	ra,0xffff3
    1c00f3ee:	ca05                	beqz	a2,0x1c00f41e
    1c00f3f0:	800041c3          	fmadd.s	ft3,ft0,ft0,fa6,rmm
    1c00f3f4:	0440                	addi	s0,sp,516
    1c00f3f6:	7704                	ld	s1,40(a4)
    1c00f3f8:	a9c9                	j	0x1c00f8ca
    1c00f3fa:	a90aa9cb          	fnmsub.s	fs3,fs5,fa6,fs5,rdn
    1c00f3fe:	ca04                	sw	s1,16(a2)
    1c00f400:	10c3276f          	jal	a4,0x1c04150c
    1c00f404:	2740                	fld	fs0,136(a4)
    1c00f406:	154d                	addi	a0,a0,-13
    1c00f408:	7704                	ld	s1,40(a4)
    1c00f40a:	a90c                	fsd	fa1,16(a0)
    1c00f40c:	8f00                	.insn	2, 0x8f00
    1c00f40e:	6f25                	lui	t5,0x9
    1c00f410:	c148                	sw	a0,4(a0)
    1c00f412:	b8e2                	fsd	fs8,112(sp)
    1c00f414:	20cad87f 1a0801e2 	.insn	20, 0x1546908215f81503150230021a0801e220cad87f
    1c00f41c:	15023002 15f81503 
    1c00f424:	15469082 
    1c00f428:	148c                	addi	a1,sp,608
    1c00f42a:	908015b7          	lui	a1,0x90801
    1c00f42e:	9120                	.insn	2, 0x9120
    1c00f430:	1700                	addi	s0,sp,928
    1c00f432:	15b5108b          	.insn	4, 0x15b5108b
    1c00f436:	909e                	add	ra,ra,t2
    1c00f438:	1300                	addi	s0,sp,416
    1c00f43a:	309f b8c0 c144      	.insn	6, 0xc144b8c0309f
    1c00f440:	c041                	beqz	s0,0x1c00f4c0
    1c00f442:	d80a                	sw	sp,48(sp)
    1c00f444:	005641c3          	fmadd.s	ft3,fa2,ft5,ft0,rmm
    1c00f448:	0008                	.insn	2, 0x0008
    1c00f44a:	1c14                	addi	a3,sp,560
    1c00f44c:	37c0                	fld	fs0,168(a5)
    1c00f44e:	1c0c                	addi	a1,sp,560
    1c00f450:	3780                	fld	fs0,40(a5)
    1c00f452:	1c08                	addi	a0,sp,560
    1c00f454:	32c0                	fld	fs0,160(a3)
    1c00f456:	0836                	slli	a6,a6,0xd
    1c00f458:	c440ffaf          	.insn	4, 0xc440ffaf
    1c00f45c:	c008                	sw	a0,0(s0)
    1c00f45e:	9521                	srai	a0,a0,0x28
    1c00f460:	9560                	.insn	2, 0x9560
    1c00f462:	10fe                	slli	ra,ra,0x3f
    1c00f464:	8082                	ret
    1c00f466:	9502                	jalr	a0
    1c00f468:	c140                	sw	s0,4(a0)
    1c00f46a:	005741c3          	fmadd.s	ft3,fa4,ft5,ft0,rmm
    1c00f46e:	0004                	.insn	2, 0x0004
    1c00f470:	c041                	beqz	s0,0x1c00f4f0
    1c00f472:	081a                	slli	a6,a6,0x6
    1c00f474:	d80affaf          	.insn	4, 0xd80affaf
    1c00f478:	f00d                	bnez	s0,0x1c00f39a
    1c00f47a:	2056                	fld	ft0,336(sp)
    1c00f47c:	0e00                	addi	s0,sp,784
    1c00f47e:	2005                	.insn	2, 0x2005
    1c00f480:	0f81                	addi	t6,t6,0
    1c00f482:	9009                	srli	s0,s0,0x22
    1c00f484:	e000                	sd	s0,0(s0)
    1c00f486:	2632                	fld	fa2,264(sp)
    1c00f488:	1f80                	addi	s0,sp,1008
    1c00f48a:	8000                	.insn	2, 0x8000
    1c00f48c:	0074                	addi	a3,sp,12
    1c00f48e:	71c5                	lui	gp,0xffff1
    1c00f490:	b100                	fsd	fs0,32(a0)
    1c00f492:	91340eeb          	.insn	4, 0x91340eeb
    1c00f496:	742c78db          	.insn	4, 0x742c78db
    1c00f49a:	704c                	ld	a1,160(s0)
    1c00f49c:	f009                	bnez	s0,0x1c00f39e
    1c00f49e:	2056                	fld	ft0,336(sp)
    1c00f4a0:	0e00                	addi	s0,sp,784
    1c00f4a2:	2005                	.insn	2, 0x2005
    1c00f4a4:	0f80                	addi	s0,sp,976
    1c00f4a6:	9009                	srli	s0,s0,0x22
    1c00f4a8:	e000                	sd	s0,0(s0)
    1c00f4aa:	7124                	ld	s1,96(a0)
    1c00f4ac:	b040                	fsd	fs0,160(s0)
    1c00f4ae:	823409f3          	.insn	4, 0x823409f3
    1c00f4b2:	8f00783b          	.insn	4, 0x8f00783b
    1c00f4b6:	0839                	addi	a6,a6,14
    1c00f4b8:	019e                	slli	gp,gp,0x7
    1c00f4ba:	702cf033          	.insn	4, 0x702cf033
    1c00f4be:	b98e                	fsd	ft3,240(sp)
    1c00f4c0:	f212                	sd	tp,288(sp)
    1c00f4c2:	221a                	fld	ft4,384(sp)
    1c00f4c4:	0f80                	addi	s0,sp,976
    1c00f4c6:	0000                	unimp
    1c00f4c8:	1000                	addi	s0,sp,32
    1c00f4ca:	2244                	fld	fs1,128(a2)
    1c00f4cc:	200f07c3          	fmadd.s	fa5,ft10,ft0,ft4,rne
    1c00f4d0:	0081                	addi	ra,ra,0 # 0xffffffffffff3000
    1c00f4d2:	710c                	ld	a1,32(a0)
    1c00f4d4:	eb05                	bnez	a4,0x1c00f504
    1c00f4d6:	bb61                	j	0x1c00f26e
    1c00f4d8:	0bff 8031 781b 209a 	.insn	10, 0x0004209a781b80310bff
    1c00f4e0:	0004 
    1c00f4e2:	7905                	lui	s2,0xfffe1
    1c00f4e4:	f81642eb          	.insn	4, 0xf81642eb
    1c00f4e8:	4759                	li	a4,22
    1c00f4ea:	7144                	ld	s1,160(a0)
    1c00f4ec:	7454                	ld	a3,168(s0)
    1c00f4ee:	f7e8                	sd	a0,232(a5)
    1c00f4f0:	208a                	fld	ft1,128(sp)
    1c00f4f2:	03c4                	addi	s1,sp,452
    1c00f4f4:	f01a                	sd	t1,32(sp)
    1c00f4f6:	2244                	fld	fs1,128(a2)
    1c00f4f8:	07c1                	addi	a5,a5,16
    1c00f4fa:	e906                	sd	ra,144(sp)
    1c00f4fc:	b961                	j	0x1c00f194
    1c00f4fe:	0901                	addi	s2,s2,0 # 0xfffffffffffe1000
    1c00f500:	0031                	c.nop	12
    1c00f502:	221a781b          	.insn	4, 0x221a781b
    1c00f506:	0f81                	addi	t6,t6,0
    1c00f508:	0000                	unimp
    1c00f50a:	1000                	addi	s0,sp,32
    1c00f50c:	7905780f          	.insn	4, 0x7905780f
    1c00f510:	209a                	fld	ft1,384(sp)
    1c00f512:	0004                	.insn	2, 0x0004
    1c00f514:	7905                	lui	s2,0xfffe1
    1c00f516:	f80942eb          	.insn	4, 0xf80942eb
    1c00f51a:	4759                	li	a4,22
    1c00f51c:	7244                	ld	s1,160(a2)
    1c00f51e:	81340adb          	.insn	4, 0x81340adb
    1c00f522:	730c                	ld	a1,32(a4)
    1c00f524:	208a                	fld	ft1,128(sp)
    1c00f526:	0bc4                	addi	s1,sp,468
    1c00f528:	1e00                	addi	s0,sp,816
    1c00f52a:	7004                	ld	s1,32(s0)
    1c00f52c:	9009                	srli	s0,s0,0x22
    1c00f52e:	e180                	sd	s0,0(a1)
    1c00f530:	0dbe                	slli	s11,s11,0xf
    1c00f532:	c0a9ffcf          	fnmadd.s	ft11,fs3,fa0,fs8
    1c00f536:	1404                	addi	s1,sp,544
    1c00f538:	c6c6341b          	.insn	4, 0xc6c6341b
    1c00f53c:	2056785b          	.insn	4, 0x2056785b
    1c00f540:	0d00                	addi	s0,sp,656
    1c00f542:	2005                	.insn	2, 0x2005
    1c00f544:	0f80                	addi	s0,sp,976
    1c00f546:	9009                	srli	s0,s0,0x22
    1c00f548:	e000                	sd	s0,0(s0)
    1c00f54a:	b020                	fsd	fs0,96(s0)
    1c00f54c:	7ee0                	ld	s0,248(a3)
    1c00f54e:	78e0                	ld	s0,240(s1)
    1c00f550:	621a                	ld	tp,384(sp)
    1c00f552:	f004                	sd	s1,32(s0)
    1c00f554:	1801                	addi	a6,a6,-32
    1c00f556:	0052                	c.slli	zero,0x14
    1c00f558:	08fd                	addi	a7,a7,31
    1c00f55a:	8084                	.insn	2, 0x8084
    1c00f55c:	7ee0                	ld	s0,248(a3)
    1c00f55e:	78e0                	ld	s0,240(s1)
    1c00f560:	c2e6                	sw	s9,68(sp)
    1c00f562:	1cfc                	addi	a5,sp,636
    1c00f564:	b6c8                	fsd	fa0,168(a3)
    1c00f566:	c1a9                	beqz	a1,0x1c00f5a8
    1c00f568:	ba8cda07          	.insn	4, 0xba8cda07
    1c00f56c:	000040c3          	fmadd.s	ft1,ft0,ft0,ft0,rmm
    1c00f570:	9f38                	.insn	2, 0x9f38
    1c00f572:	901245cb          	fnmsub.s	fa1,ft4,ft1,fs2,rmm
    1c00f576:	0328                	addi	a0,sp,392
    1c00f578:	1e00                	addi	s0,sp,816
    1c00f57a:	7084                	ld	s1,32(s1)
    1c00f57c:	8000                	.insn	2, 0x8000
    1c00f57e:	0002                	c.slli	zero,0x0
    1c00f580:	b500                	fsd	fs0,40(a0)
    1c00f582:	d858                	sw	a4,52(s0)
    1c00f584:	b501                	j	0x1c00f384
    1c00f586:	00b641c3          	fmadd.s	ft3,fa2,fa1,ft0,rmm
    1c00f58a:	0001                	nop
    1c00f58c:	0efe                	slli	t4,t4,0x1f
    1c00f58e:	d80aff6f          	jal	t5,0x1bfbeb0e
    1c00f592:	cc1e                	sw	t2,24(sp)
    1c00f594:	9520                	.insn	2, 0x9520
    1c00f596:	7030                	ld	a2,96(s0)
    1c00f598:	700c                	ld	a1,32(s0)
    1c00f59a:	f406                	sd	ra,40(sp)
    1c00f59c:	cc1f 9521 2038      	.insn	6, 0x20389521cc1f
    1c00f5a2:	0040                	addi	s0,sp,4
    1c00f5a4:	00b941c3          	fmadd.s	ft3,fs2,fa1,ft0,rmm
    1c00f5a8:	0000                	unimp
    1c00f5aa:	093e                	slli	s2,s2,0xf
    1c00f5ac:	1600ff4f          	.insn	4, 0x1600ff4f
    1c00f5b0:	7080                	ld	s0,32(s1)
    1c00f5b2:	8000                	.insn	2, 0x8000
    1c00f5b4:	0001                	nop
    1c00f5b6:	b8e6                	fsd	fs9,112(sp)
    1c00f5b8:	0243206f          	j	0x1c0415dc
    1c00f5bc:	c040                	sw	s0,4(s0)
    1c00f5be:	8800                	.insn	2, 0x8800
    1c00f5c0:	c100                	sw	s0,0(a0)
    1c00f5c2:	201ac043          	fmadd.s	ft0,fs5,ft1,ft4,rmm
    1c00f5c6:	0f80                	addi	s0,sp,976
    1c00f5c8:	0020                	addi	s0,sp,8
    1c00f5ca:	0000                	unimp
    1c00f5cc:	9129                	srli	a0,a0,0x2a
    1c00f5ce:	c042                	sw	a6,0(sp)
    1c00f5d0:	2005                	.insn	2, 0x2005
    1c00f5d2:	0f80                	addi	s0,sp,976
    1c00f5d4:	9004                	.insn	2, 0x9004
    1c00f5d6:	0032                	c.slli	zero,0xc
    1c00f5d8:	c141                	beqz	a0,0x1c00f658
    1c00f5da:	9000                	.insn	2, 0x9000
    1c00f5dc:	c044                	sw	s1,4(s0)
    1c00f5de:	c002                	sw	zero,0(sp)
    1c00f5e0:	2005                	.insn	2, 0x2005
    1c00f5e2:	0f80                	addi	s0,sp,976
    1c00f5e4:	9002                	ebreak
    1c00f5e6:	0040                	addi	s0,sp,4
    1c00f5e8:	9000                	.insn	2, 0x9000
    1c00f5ea:	c046                	sw	a7,0(sp)
    1c00f5ec:	c000                	sw	s0,0(s0)
    1c00f5ee:	880c                	.insn	2, 0x880c
    1c00f5f0:	c045                	beqz	s0,0x1c00f690
    1c00f5f2:	c105f207          	.insn	4, 0xc105f207
    1c00f5f6:	c000                	sw	s0,0(s0)
    1c00f5f8:	2184                	fld	fs1,0(a1)
    1c00f5fa:	0541                	addi	a0,a0,16
    1c00f5fc:	a82c                	fsd	fa1,80(s0)
    1c00f5fe:	c001                	beqz	s0,0x1c00f5fe
    1c00f600:	b8e0                	fsd	fs0,240(s1)
    1c00f602:	0208                	addi	a0,sp,256
    1c00f604:	0021                	c.nop	8
    1c00f606:	1a00                	addi	s0,sp,304
    1c00f608:	c0023103          	ld	sp,-1024(tp) # 0xfffffffffffffc00
    1c00f60c:	c104                	sw	s1,0(a0)
    1c00f60e:	2005                	.insn	2, 0x2005
    1c00f610:	0f80                	addi	s0,sp,976
    1c00f612:	9005                	srli	s0,s0,0x21
    1c00f614:	e032                	sd	a2,0(sp)
    1c00f616:	b980                	fsd	fs0,48(a1)
    1c00f618:	b020                	fsd	fs0,96(s0)
    1c00f61a:	c002                	sw	zero,0(sp)
    1c00f61c:	2005                	.insn	2, 0x2005
    1c00f61e:	0f80                	addi	s0,sp,976
    1c00f620:	e0909003          	lh	zero,-503(ra)
    1c00f624:	0b56                	slli	s6,s6,0x15
    1c00f626:	0020                	addi	s0,sp,8
    1c00f628:	1800                	addi	s0,sp,48
    1c00f62a:	0005                	c.nop	1
    1c00f62c:	0d1a                	slli	s10,s10,0x6
    1c00f62e:	0d0affcf          	.insn	4, 0x0d0affcf
    1c00f632:	c000ff8f          	.insn	4, 0xc000ff8f
    1c00f636:	1600                	addi	s0,sp,800
    1c00f638:	7081                	lui	ra,0xfffe0
    1c00f63a:	8000                	.insn	2, 0x8000
    1c00f63c:	0000                	unimp
    1c00f63e:	8800                	.insn	2, 0x8800
    1c00f640:	c048                	sw	a0,4(s0)
    1c00f642:	201a                	fld	ft0,384(sp)
    1c00f644:	0f80                	addi	s0,sp,976
    1c00f646:	0020                	addi	s0,sp,8
    1c00f648:	0000                	unimp
    1c00f64a:	2005c047          	fmsub.s	ft0,fa1,ft0,ft4,rmm
    1c00f64e:	0f80                	addi	s0,sp,976
    1c00f650:	9002                	ebreak
    1c00f652:	0086                	slli	ra,ra,0x1
    1c00f654:	90a0                	.insn	2, 0x90a0
    1c00f656:	78bd                	lui	a7,0xfffef
    1c00f658:	781d                	lui	a6,0xfffe7
    1c00f65a:	781d                	lui	a6,0xfffe7
    1c00f65c:	781d                	lui	a6,0xfffe7
    1c00f65e:	b8c2                	fsd	fa6,112(sp)
    1c00f660:	0825                	addi	a6,a6,9 # 0xfffffffffffe7009
    1c00f662:	0090                	addi	a2,sp,64
    1c00f664:	00f10833          	add	a6,sp,a5
    1c00f668:	803e218b          	.insn	4, 0x803e218b
    1c00f66c:	ce08                	sw	a0,24(a2)
    1c00f66e:	800047cb          	fnmsub.s	fa5,ft0,ft0,fa6,rmm
    1c00f672:	041c                	addi	a5,sp,512
    1c00f674:	771c                	ld	a5,40(a4)
    1c00f676:	33d81a03          	lh	s4,829(a6)
    1c00f67a:	ce0e                	sw	gp,28(sp)
    1c00f67c:	800046cb          	fnmsub.s	fa3,ft0,ft0,fa6,rmm
    1c00f680:	0434                	addi	a3,sp,520
    1c00f682:	f018                	sd	a4,32(s0)
    1c00f684:	800047cb          	fnmsub.s	fa5,ft0,ft0,fa6,rmm
    1c00f688:	0418                	addi	a4,sp,512
    1c00f68a:	33d81a03          	lh	s4,829(a6)
    1c00f68e:	800046cb          	fnmsub.s	fa3,ft0,ft0,fa6,rmm
    1c00f692:	0430                	addi	a2,sp,520
    1c00f694:	218bf00f          	.insn	4, 0x218bf00f
    1c00f698:	803e                	c.mv	zero,a5
    1c00f69a:	ce05                	beqz	a2,0x1c00f6d2
    1c00f69c:	800047cb          	fnmsub.s	fa5,ft0,ft0,fa6,rmm
    1c00f6a0:	0410                	addi	a2,sp,512
    1c00f6a2:	771c                	ld	a5,40(a4)
    1c00f6a4:	46cbce0b          	.insn	4, 0x46cbce0b
    1c00f6a8:	8000                	.insn	2, 0x8000
    1c00f6aa:	0428                	addi	a0,sp,520
    1c00f6ac:	33d81a03          	lh	s4,829(a6)
    1c00f6b0:	761c                	ld	a5,40(a2)
    1c00f6b2:	1a09                	addi	s4,s4,-30
    1c00f6b4:	3398                	fld	fa4,32(a5)
    1c00f6b6:	1600                	addi	s0,sp,800
    1c00f6b8:	7082                	ld	ra,32(sp)
    1c00f6ba:	8000                	.insn	2, 0x8000
    1c00f6bc:	000c                	.insn	2, 0x000c
    1c00f6be:	803e218b          	.insn	4, 0x803e218b
    1c00f6c2:	221a                	fld	ft4,384(sp)
    1c00f6c4:	00010f9b          	sext.w	t6,sp
    1c00f6c8:	86a0                	.insn	2, 0x86a0
    1c00f6ca:	233cf20b          	.insn	4, 0x233cf20b
    1c00f6ce:	3f80                	fld	fs0,56(a5)
    1c00f6d0:	0079                	c.nop	30
    1c00f6d2:	ae00                	fsd	fs0,24(a2)
    1c00f6d4:	014241c3          	fmadd.s	ft3,ft4,fs4,ft0,rmm
    1c00f6d8:	0001                	nop
    1c00f6da:	080e                	slli	a6,a6,0x3
    1c00f6dc:	222fff4f          	fnmadd.d	ft10,ft11,ft2,ft4
    1c00f6e0:	06c2                	slli	a3,a3,0x10
    1c00f6e2:	7a5d                	lui	s4,0xffff7
    1c00f6e4:	7a5d                	lui	s4,0xffff7
    1c00f6e6:	7a5d                	lui	s4,0xffff7
    1c00f6e8:	c008                	sw	a0,0(s0)
    1c00f6ea:	7a5d                	lui	s4,0xffff7
    1c00f6ec:	7a5d                	lui	s4,0xffff7
    1c00f6ee:	7a5d                	lui	s4,0xffff7
    1c00f6f0:	2544e893          	ori	a7,s1,596
    1c00f6f4:	1080                	addi	s0,sp,96
    1c00f6f6:	6711                	lui	a4,0x4
    1c00f6f8:	6610                	ld	a2,8(a2)
    1c00f6fa:	4a10                	lw	a2,16(a2)
    1c00f6fc:	2048                	fld	fa0,128(s0)
    1c00f6fe:	0000                	unimp
    1c00f700:	2805                	addiw	a6,a6,1
    1c00f702:	0040                	addi	s0,sp,4
    1c00f704:	900341c3          	fmadd.s	ft3,ft6,ft0,fs2,rmm
    1c00f708:	fe80                	sd	s0,56(a3)
    1c00f70a:	2089780f          	.insn	4, 0x2089780f
    1c00f70e:	0fc1                	addi	t6,t6,16
    1c00f710:	b100                	fsd	fs0,32(a0)
    1c00f712:	19e0                	addi	s0,sp,252
    1c00f714:	8004                	.insn	2, 0x8004
    1c00f716:	201ac003          	lbu	zero,513(s5)
    1c00f71a:	0f8d                	addi	t6,t6,3
    1c00f71c:	0010                	.insn	2, 0x0010
    1c00f71e:	0000                	unimp
    1c00f720:	2b05                	addiw	s6,s6,1 # 0xfffffffffffff001
    1c00f722:	3f80                	fld	fs0,56(a5)
    1c00f724:	0000                	unimp
    1c00f726:	fa00                	sd	s0,48(a2)
    1c00f728:	7104                	ld	s1,32(a0)
    1c00f72a:	0821                	addi	a6,a6,8
    1c00f72c:	01fe                	slli	gp,gp,0x1f
    1c00f72e:	746c                	ld	a1,232(s0)
    1c00f730:	2200                	fld	fs0,0(a2)
    1c00f732:	0f80                	addi	s0,sp,976
    1c00f734:	ffff                	.insn	2, 0xffff
    1c00f736:	793c                	ld	a5,112(a0)
    1c00f738:	208c                	fld	fa1,0(s1)
    1c00f73a:	706c8d47          	fmsub.s	fs10,fs9,ft6,fa4,rne
    1c00f73e:	f685                	bnez	a3,0x1c00f666
    1c00f740:	2885                	addiw	a7,a7,1 # 0xfffffffffffef001
    1c00f742:	f0020d07          	.insn	4, 0xf0020d07
    1c00f746:	710c                	ld	a1,32(a0)
    1c00f748:	2089780f          	.insn	4, 0x2089780f
    1c00f74c:	0fc1                	addi	t6,t6,16
    1c00f74e:	205a                	fld	ft0,400(sp)
    1c00f750:	0200                	addi	s0,sp,256
    1c00f752:	2105c107          	.insn	4, 0x2105c107
    1c00f756:	0f82                	c.slli	t6,0x0
    1c00f758:	9005                	srli	s0,s0,0x21
    1c00f75a:	e164                	sd	s1,192(a0)
    1c00f75c:	2005                	.insn	2, 0x2005
    1c00f75e:	00c1                	addi	ra,ra,16 # 0xfffffffffffe0010
    1c00f760:	1600                	addi	s0,sp,800
    1c00f762:	7100                	ld	s0,32(a0)
    1c00f764:	9004                	.insn	2, 0x9004
    1c00f766:	0164                	addi	s1,sp,140
    1c00f768:	b8c1                	j	0x1c00f038
    1c00f76a:	7825                	lui	a6,0xfffe9
    1c00f76c:	b200                	fsd	fs0,32(a2)
    1c00f76e:	c002                	sw	zero,0(sp)
    1c00f770:	2005                	.insn	2, 0x2005
    1c00f772:	0f80                	addi	s0,sp,976
    1c00f774:	9002                	ebreak
    1c00f776:	0086                	slli	ra,ra,0x1
    1c00f778:	0f76                	slli	t5,t5,0x1d
    1c00f77a:	00a0                	addi	s0,sp,72
    1c00f77c:	90c0                	.insn	2, 0x90c0
    1c00f77e:	0f02                	c.slli	t5,0x0
    1c00f780:	00a0                	addi	s0,sp,72
    1c00f782:	40a1                	li	ra,8
    1c00f784:	c002                	sw	zero,0(sp)
    1c00f786:	be80                	fsd	fs0,56(a3)
    1c00f788:	2005                	.insn	2, 0x2005
    1c00f78a:	0f80                	addi	s0,sp,976
    1c00f78c:	fe869003          	lh	zero,-24(a3)
    1c00f790:	0a0a                	slli	s4,s4,0x2
    1c00f792:	0020                	addi	s0,sp,8
    1c00f794:	b0c0                	fsd	fs0,160(s1)
    1c00f796:	800045cb          	fnmsub.s	fa1,ft0,ft0,fa6,rmm
    1c00f79a:	0440                	addi	s0,sp,516
    1c00f79c:	0b76                	slli	s6,s6,0x1d
    1c00f79e:	40a1ffaf          	.insn	4, 0x40a1ffaf
    1c00f7a2:	0e16                	slli	t3,t3,0x5
    1c00f7a4:	00a0                	addi	s0,sp,72
    1c00f7a6:	40a1                	li	ra,8
    1c00f7a8:	0b46                	slli	s6,s6,0x11
    1c00f7aa:	0d22ffcf          	.insn	4, 0x0d22ffcf
    1c00f7ae:	0b4eff4f          	fnmadd.d	ft10,ft9,fs4,ft1
    1c00f7b2:	1600ffcf          	.insn	4, 0x1600ffcf
    1c00f7b6:	7080                	ld	s0,32(s1)
    1c00f7b8:	8000                	.insn	2, 0x8000
    1c00f7ba:	0001                	nop
    1c00f7bc:	083d                	addi	a6,a6,15 # 0xfffffffffffe900f
    1c00f7be:	001e                	c.slli	zero,0x7
    1c00f7c0:	900443c3          	fmadd.s	ft7,fs0,ft0,fs2,rmm
    1c00f7c4:	0014                	.insn	2, 0x0014
    1c00f7c6:	9320                	.insn	2, 0x9320
    1c00f7c8:	ca01                	beqz	a2,0x1c00f7d8
    1c00f7ca:	01b0080f          	.insn	4, 0x01b0080f
    1c00f7ce:	0082214f          	fnmadd.s	ft2,ft4,fs0,ft0,rdn
    1c00f7d2:	080d                	addi	a6,a6,3
    1c00f7d4:	00d1                	addi	ra,ra,20
    1c00f7d6:	2185                	addiw	gp,gp,1 # 0xffffffffffff1001
    1c00f7d8:	0108                	addi	a0,sp,128
    1c00f7da:	4220                	lw	s0,64(a2)
    1c00f7dc:	b340                	fsd	fs0,160(a4)
    1c00f7de:	42c3d823          	.insn	4, 0x42c3d823
    1c00f7e2:	9005                	srli	s0,s0,0x21
    1c00f7e4:	e034                	sd	a3,64(s0)
    1c00f7e6:	b200                	fsd	fs0,32(a2)
    1c00f7e8:	702c                	ld	a1,96(s0)
    1c00f7ea:	900340c3          	fmadd.s	ft1,ft6,ft0,fs2,rmm
    1c00f7ee:	e034                	sd	a3,64(s0)
    1c00f7f0:	b020                	fsd	fs0,96(s0)
    1c00f7f2:	b8b1                	j	0x1c00f04e
    1c00f7f4:	b020                	fsd	fs0,96(s0)
    1c00f7f6:	b221                	j	0x1c00f0fe
    1c00f7f8:	40a1                	li	ra,8
    1c00f7fa:	712c                	ld	a1,96(a0)
    1c00f7fc:	095e                	slli	s2,s2,0x17
    1c00f7fe:	0160                	addi	s0,sp,140
    1c00f800:	704c                	ld	a1,160(s0)
    1c00f802:	09be                	slli	s3,s3,0xf
    1c00f804:	0020                	addi	s0,sp,8
    1c00f806:	700c                	ld	a1,32(s0)
    1c00f808:	0e8a                	slli	t4,t4,0x2
    1c00f80a:	710cff6f          	jal	t5,0x1c0def1a
    1c00f80e:	c001                	beqz	s0,0x1c00f80e
    1c00f810:	0811                	addi	a6,a6,4
    1c00f812:	00be                	slli	ra,ra,0xf
    1c00f814:	700c                	ld	a1,32(s0)
    1c00f816:	0fd2                	slli	t6,t6,0x14
    1c00f818:	0080                	addi	s0,sp,64
    1c00f81a:	09a6                	slli	s3,s3,0x9
    1c00f81c:	0020                	addi	s0,sp,8
    1c00f81e:	720c                	ld	a1,32(a2)
    1c00f820:	c001                	beqz	s0,0x1c00f820
    1c00f822:	2044                	fld	fs1,128(s0)
    1c00f824:	808e                	mv	ra,gp
    1c00f826:	f208                	sd	a0,32(a2)
    1c00f828:	0fbe                	slli	t6,t6,0xf
    1c00f82a:	00a0                	addi	s0,sp,72
    1c00f82c:	710c                	ld	a1,32(a0)
    1c00f82e:	0992                	slli	s3,s3,0x4
    1c00f830:	0020                	addi	s0,sp,8
    1c00f832:	710c                	ld	a1,32(a0)
    1c00f834:	1e00                	addi	s0,sp,816
    1c00f836:	7045                	c.lui	zero,0xffff1
    1c00f838:	9005                	srli	s0,s0,0x21
    1c00f83a:	e044                	sd	s1,128(s0)
    1c00f83c:	c001                	beqz	s0,0x1c00f83c
    1c00f83e:	0819                	addi	a6,a6,6
    1c00f840:	021e                	slli	tp,tp,0x7
    1c00f842:	c000                	sw	s0,0(s0)
    1c00f844:	8800                	.insn	2, 0x8800
    1c00f846:	e888                	sd	a0,16(s1)
    1c00f848:	0f9e                	slli	t6,t6,0x7
    1c00f84a:	00a0                	addi	s0,sp,72
    1c00f84c:	730c                	ld	a1,32(a4)
    1c00f84e:	0972                	slli	s2,s2,0x1c
    1c00f850:	0020                	addi	s0,sp,8
    1c00f852:	d80a                	sw	sp,48(sp)
    1c00f854:	c001                	beqz	s0,0x1c00f854
    1c00f856:	2044                	fld	fs1,128(s0)
    1c00f858:	820d                	srli	a2,a2,0x3
    1c00f85a:	f208                	sd	a0,32(a2)
    1c00f85c:	0f8a                	slli	t6,t6,0x2
    1c00f85e:	00a0                	addi	s0,sp,72
    1c00f860:	750c                	ld	a1,40(a0)
    1c00f862:	095e                	slli	s2,s2,0x17
    1c00f864:	0020                	addi	s0,sp,8
    1c00f866:	d8fd                	beqz	s1,0x1c00f85c
    1c00f868:	0f7eee07          	.insn	4, 0x0f7eee07
    1c00f86c:	00a0                	addi	s0,sp,72
    1c00f86e:	720c                	ld	a1,32(a2)
    1c00f870:	094e                	slli	s2,s2,0x13
    1c00f872:	0020                	addi	s0,sp,8
    1c00f874:	d8fe                	sw	t6,112(sp)
    1c00f876:	c001                	beqz	s0,0x1c00f876
    1c00f878:	0811                	addi	a6,a6,4
    1c00f87a:	013e                	slli	sp,sp,0xf
    1c00f87c:	760c                	ld	a1,40(a2)
    1c00f87e:	0f6a                	slli	t5,t5,0x1a
    1c00f880:	0080                	addi	s0,sp,64
    1c00f882:	093e                	slli	s2,s2,0xf
    1c00f884:	0020                	addi	s0,sp,8
    1c00f886:	740c                	ld	a1,40(s0)
    1c00f888:	0f5eed07          	.insn	4, 0x0f5eed07
    1c00f88c:	00a0                	addi	s0,sp,72
    1c00f88e:	740c                	ld	a1,40(s0)
    1c00f890:	092e                	slli	s2,s2,0xb
    1c00f892:	0020                	addi	s0,sp,8
    1c00f894:	730c                	ld	a1,32(a4)
    1c00f896:	c001                	beqz	s0,0x1c00f896
    1c00f898:	081f 025f c000      	.insn	6, 0xc000025f081f
    1c00f89e:	8800                	.insn	2, 0x8800
    1c00f8a0:	201a                	fld	ft0,384(sp)
    1c00f8a2:	0f80                	addi	s0,sp,976
    1c00f8a4:	0020                	addi	s0,sp,8
    1c00f8a6:	0000                	unimp
    1c00f8a8:	2005                	.insn	2, 0x2005
    1c00f8aa:	0f81                	addi	t6,t6,0
    1c00f8ac:	e0409003          	lh	zero,-508(ra)
    1c00f8b0:	c006                	sw	ra,0(sp)
    1c00f8b2:	b100                	fsd	fs0,32(a0)
    1c00f8b4:	f018                	sd	a4,32(s0)
    1c00f8b6:	800040c3          	fmadd.s	ft1,ft0,ft0,fa6,rmm
    1c00f8ba:	0448                	addi	a0,sp,516
    1c00f8bc:	1800                	addi	s0,sp,48
    1c00f8be:	16000003          	lb	zero,352(zero) # 0x160
    1c00f8c2:	7080                	ld	s0,32(s1)
    1c00f8c4:	8000                	.insn	2, 0x8000
    1c00f8c6:	0001                	nop
    1c00f8c8:	b8e2                	fsd	fs8,112(sp)
    1c00f8ca:	710c                	ld	a1,32(a0)
    1c00f8cc:	08c2                	slli	a7,a7,0x10
    1c00f8ce:	00e0                	addi	s0,sp,76
    1c00f8d0:	20ca                	fld	ft1,144(sp)
    1c00f8d2:	03e1                	addi	t2,t2,24
    1c00f8d4:	ca09                	beqz	a2,0x1c00f8e6
    1c00f8d6:	e885                	bnez	s1,0x1c00f906
    1c00f8d8:	0c52                	slli	s8,s8,0x14
    1c00f8da:	c003ff6f          	jal	t5,0x1bf4ecda
    1c00f8de:	08e2                	slli	a7,a7,0x18
    1c00f8e0:	0020                	addi	s0,sp,8
    1c00f8e2:	d809                	beqz	s0,0x1c00f7f4
    1c00f8e4:	ca09                	beqz	a2,0x1c00f8f6
    1c00f8e6:	e82c                	sd	a1,80(s0)
    1c00f8e8:	c000                	sw	s0,0(s0)
    1c00f8ea:	70ad                	lui	ra,0xfffeb
    1c00f8ec:	100c                	addi	a1,sp,32
    1c00f8ee:	f01a009b          	addiw	ra,s4,-255 # 0xffffffffffff6f01
    1c00f8f2:	336e0b33          	.insn	4, 0x336e0b33
    1c00f8f6:	40a1                	li	ra,8
    1c00f8f8:	0b5e                	slli	s6,s6,0x17
    1c00f8fa:	712cff6f          	jal	t5,0x1c0df00c
    1c00f8fe:	4708c103          	lbu	sp,1136(a7)
    1c00f902:	710c7eaf          	.insn	4, 0x710c7eaf
    1c00f906:	42e1                	li	t0,24
    1c00f908:	0c62                	slli	s8,s8,0x18
    1c00f90a:	43c1ff6f          	jal	t5,0x1c02ed46
    1c00f90e:	700cc103          	lbu	sp,1792(s9)
    1c00f912:	42e1                	li	t0,24
    1c00f914:	0c56                	slli	s8,s8,0x15
    1c00f916:	43c1ff6f          	jal	t5,0x1c02ed52
    1c00f91a:	41c1                	li	gp,16
    1c00f91c:	0d02                	c.slli	s10,0x0
    1c00f91e:	40e1ff6f          	jal	t5,0x1c02ed2c
    1c00f922:	71a5                	lui	gp,0xfffe9
    1c00f924:	91140dcf          	fnmadd.s	fs11,fs0,fa7,fs2,rne
    1c00f928:	0c02                	c.slli	s8,0x0
    1c00f92a:	c003ff6f          	jal	t5,0x1bf4ed2a
    1c00f92e:	1600                	addi	s0,sp,800
    1c00f930:	7080                	ld	s0,32(s1)
    1c00f932:	8000                	.insn	2, 0x8000
    1c00f934:	0000                	unimp
    1c00f936:	b8e5                	j	0x1c00f22e
    1c00f938:	0d20                	addi	s0,sp,664
    1c00f93a:	ff42                	sd	a6,440(sp)
    1c00f93c:	0da6                	slli	s11,s11,0x9
    1c00f93e:	1e00ff8f          	.insn	4, 0x1e00ff8f
    1c00f942:	7005                	c.lui	zero,0xfffe1
    1c00f944:	9005                	srli	s0,s0,0x21
    1c00f946:	e044                	sd	s1,128(s0)
    1c00f948:	c100                	sw	s0,0(a0)
    1c00f94a:	c005                	beqz	s0,0x1c00f96a
    1c00f94c:	70ad                	lui	ra,0xfffeb
    1c00f94e:	a90c                	fsd	fa1,16(a0)
    1c00f950:	c002                	sw	zero,0(sp)
    1c00f952:	2005                	.insn	2, 0x2005
    1c00f954:	0f81                	addi	t6,t6,0
    1c00f956:	9005                	srli	s0,s0,0x21
    1c00f958:	e032                	sd	a2,0(sp)
    1c00f95a:	c004                	sw	s1,0(s0)
    1c00f95c:	b100                	fsd	fs0,32(a0)
    1c00f95e:	0d36                	slli	s10,s10,0xd
    1c00f960:	700cff6f          	jal	t5,0x1c0df060
    1c00f964:	0ce6                	slli	s9,s9,0x19
    1c00f966:	0080                	addi	s0,sp,64
    1c00f968:	0ae6                	slli	s5,s5,0x19
    1c00f96a:	00e0                	addi	s0,sp,76
    1c00f96c:	25abd807          	.insn	4, 0x25abd807
    1c00f970:	10c4                	addi	s1,sp,100
    1c00f972:	7fff                	.insn	2, 0x7fff
    1c00f974:	f1ff                	.insn	2, 0xf1ff
    1c00f976:	78e0                	ld	s0,240(s1)
    1c00f978:	c2e2                	sw	s8,68(sp)
    1c00f97a:	900445cb          	fnmsub.s	fa1,fs0,ft0,fs2,rmm
    1c00f97e:	0004                	.insn	2, 0x0004
    1c00f980:	9500                	.insn	2, 0x9500
    1c00f982:	b8a1                	j	0x1c00f1da
    1c00f984:	b500                	fsd	fs0,40(a0)
    1c00f986:	0902                	c.slli	s2,0x0
    1c00f988:	740cffef          	jal	t6,0x1c0df0c8
    1c00f98c:	d81f 08fa ffef      	.insn	6, 0xffef08fad81f
    1c00f992:	1df6                	slli	s11,s11,0x3d
    1c00f994:	105d                	c.nop	-9
    1c00f996:	c6c2                	sw	a6,76(sp)
    1c00f998:	c2e2                	sw	s8,68(sp)
    1c00f99a:	08ee                	slli	a7,a7,0x1b
    1c00f99c:	d81fffef          	jal	t6,0x1c00f71c
    1c00f9a0:	900445cb          	fnmsub.s	fa1,fs0,ft0,fs2,rmm
    1c00f9a4:	01f0                	addi	a2,sp,204
    1c00f9a6:	740c                	ld	a1,40(s0)
    1c00f9a8:	08de                	slli	a7,a7,0x17
    1c00f9aa:	1d00ffef          	jal	t6,0x1c01eb7a
    1c00f9ae:	1005                	c.nop	-31
    1c00f9b0:	150a                	slli	a0,a0,0x22
    1c00f9b2:	9700                	.insn	2, 0x9700
    1c00f9b4:	b881                	j	0x1c00f204
    1c00f9b6:	1d0a                	slli	s10,s10,0x22
    1c00f9b8:	901c                	.insn	2, 0x901c
    1c00f9ba:	c6c2                	sw	a6,76(sp)
    1c00f9bc:	c0f1                	beqz	s1,0x1c00fa80
    1c00f9be:	1600                	addi	s0,sp,800
    1c00f9c0:	7081                	lui	ra,0xfffe0
    1c00f9c2:	8000                	.insn	2, 0x8000
    1c00f9c4:	0018                	.insn	2, 0x0018
    1c00f9c6:	218c                	fld	fa1,0(a1)
    1c00f9c8:	0a848203          	lb	tp,168(s1)
    1c00f9cc:	00ce                	slli	ra,ra,0x13
    1c00f9ce:	080e                	slli	a6,a6,0x3
    1c00f9d0:	0000                	unimp
    1c00f9d2:	c0d1                	beqz	s1,0x1c00fa56
    1c00f9d4:	7ee0                	ld	s0,248(a3)
    1c00f9d6:	78e0                	ld	s0,240(s1)
    1c00f9d8:	c2e2                	sw	s8,68(sp)
    1c00f9da:	1600                	addi	s0,sp,800
    1c00f9dc:	7080                	ld	s0,32(s1)
    1c00f9de:	8000                	.insn	2, 0x8000
    1c00f9e0:	0001                	nop
    1c00f9e2:	003e081b          	addiw	a6,t3,3
    1c00f9e6:	d80a                	sw	sp,48(sp)
    1c00f9e8:	900545cb          	fnmsub.s	fa1,fa0,ft0,fs2,rmm
    1c00f9ec:	e036                	sd	a3,0(sp)
    1c00f9ee:	089a                	slli	a7,a7,0x6
    1c00f9f0:	1d00ffef          	jal	t6,0x1c01ebc0
    1c00f9f4:	1045                	c.nop	-15
    1c00f9f6:	1d00                	addi	s0,sp,688
    1c00f9f8:	1005                	c.nop	-31
    1c00f9fa:	c6c2                	sw	a6,76(sp)
    1c00f9fc:	900440c3          	fmadd.s	ft1,fs0,ft0,fs2,rmm
    1c00fa00:	00f2                	slli	ra,ra,0x1c
    1c00fa02:	1800                	addi	s0,sp,48
    1c00fa04:	0045                	c.nop	17
    1c00fa06:	7fe0                	ld	s0,248(a5)
    1c00fa08:	1800                	addi	s0,sp,48
    1c00fa0a:	0005                	c.nop	1
    1c00fa0c:	c2e6                	sw	s9,68(sp)
    1c00fa0e:	1cfc                	addi	a5,sp,636
    1c00fa10:	b6c8                	fsd	fa0,168(a3)
    1c00fa12:	c1bc                	sw	a5,64(a1)
    1c00fa14:	c34e                	sw	s3,132(sp)
    1c00fa16:	4648                	lw	a0,12(a2)
    1c00fa18:	4728                	lw	a0,72(a4)
    1c00fa1a:	09a2                	slli	s3,s3,0x8
    1c00fa1c:	4508ffaf          	.insn	4, 0x4508ffaf
    1c00fa20:	900340c3          	fmadd.s	ft1,ft6,ft0,fs2,rmm
    1c00fa24:	e0c4                	sd	s1,128(s1)
    1c00fa26:	1800                	addi	s0,sp,48
    1c00fa28:	03c5                	addi	t2,t2,17
    1c00fa2a:	d9f0b88b          	.insn	4, 0xd9f0b88b
    1c00fa2e:	b020                	fsd	fs0,96(s0)
    1c00fa30:	c092                	sw	tp,64(sp)
    1c00fa32:	702c                	ld	a1,96(s0)
    1c00fa34:	da28                	sw	a0,112(a2)
    1c00fa36:	0b1e                	slli	s6,s6,0x7
    1c00fa38:	c392ffef          	jal	t6,0x1bf3f670
    1c00fa3c:	c04cd8ff 000040c3 	.insn	20, 0x3000148cc04ad820c04b0f00000040c3c04cd8ff
    1c00fa44:	c04b0f00 c04ad820 
    1c00fa4c:	3000148c 
    1c00fa50:	bdc4c543          	.insn	4, 0xbdc4c543
    1c00fa54:	c045c04f          	fnmadd.s	ft0,fa1,ft4,fs8,rmm
    1c00fa58:	1488                	addi	a0,sp,608
    1c00fa5a:	3000                	fld	fs0,32(s0)
    1c00fa5c:	41c1                	li	gp,16
    1c00fa5e:	1c24                	addi	s1,sp,568
    1c00fa60:	c0503003          	ld	zero,-1019(zero) # 0xfffffffffffffc05
    1c00fa64:	c044                	sw	s1,4(s0)
    1c00fa66:	710c                	ld	a1,32(a0)
    1c00fa68:	ed05                	bnez	a0,0x1c00faa0
    1c00fa6a:	bd61                	j	0x1c00f902
    1c00fa6c:	0dff 9031 781b c748 	.insn	10, 0x7d0fc748781b90310dff
    1c00fa74:	7d0f 
    1c00fa76:	40a1                	li	ra,8
    1c00fa78:	1c1c                	addi	a5,sp,560
    1c00fa7a:	c3463103          	ld	sp,-972(a2)
    1c00fa7e:	1c25                	addi	s8,s8,-23
    1c00fa80:	3382                	fld	ft7,32(sp)
    1c00fa82:	09aa                	slli	s3,s3,0xa
    1c00fa84:	0020                	addi	s0,sp,8
    1c00fa86:	1c34                	addi	a3,sp,568
    1c00fa88:	0d563043          	.insn	4, 0x0d563043
    1c00fa8c:	0020                	addi	s0,sp,8
    1c00fa8e:	1600c083          	lbu	ra,352(ra) # 0xfffffffffffe0160
    1c00fa92:	8000708b          	.insn	4, 0x8000708b
    1c00fa96:	044a                	slli	s0,s0,0x12
    1c00fa98:	1600                	addi	s0,sp,800
    1c00fa9a:	80007083          	.insn	4, 0x80007083
    1c00fa9e:	0449                	addi	s0,s0,18
    1c00faa0:	1484                	addi	s1,sp,608
    1c00faa2:	3000                	fld	fs0,32(s0)
    1c00faa4:	c051                	beqz	s0,0x1c00fb28
    1c00faa6:	f01a                	sd	t1,32(sp)
    1c00faa8:	787d                	lui	a6,0xfffff
    1c00faaa:	2344                	fld	fs1,128(a4)
    1c00faac:	0041                	c.nop	16
    1c00faae:	0b6e                	slli	s6,s6,0x1b
    1c00fab0:	780fffaf          	.insn	4, 0x780fffaf
    1c00fab4:	c110                	sw	a2,0(a0)
    1c00fab6:	7974                	ld	a3,240(a0)
    1c00fab8:	9100e80b          	.insn	4, 0x9100e80b
    1c00fabc:	e88d                	bnez	s1,0x1c00faee
    1c00fabe:	c092                	sw	tp,64(sp)
    1c00fac0:	20f5                	addiw	ra,ra,29
    1c00fac2:	00c0                	addi	s0,sp,68
    1c00fac4:	08330813          	addi	a6,t1,131 # 0x6083
    1c00fac8:	2042                	fld	ft0,16(sp)
    1c00faca:	0800                	addi	s0,sp,16
    1c00facc:	f004                	sd	s1,32(s0)
    1c00face:	000040c3          	fmadd.s	ft1,ft0,ft0,ft0,rmm
    1c00fad2:	b1001fff 0bd17164 	.insn	12, 0x6e0990e50bd17164b1001fff
    1c00fada:	6e0990e5 
    1c00fade:	082d                	addi	a6,a6,11 # 0xfffffffffffff00b
    1c00fae0:	00b5                	addi	ra,ra,13
    1c00fae2:	47cbd80f          	.insn	4, 0x47cbd80f
    1c00fae6:	0000                	unimp
    1c00fae8:	f0f0                	sd	a2,224(s1)
    1c00faea:	41e1                	li	gp,24
    1c00faec:	42e1                	li	t0,24
    1c00faee:	43e1                	li	t2,24
    1c00faf0:	0e82                	c.slli	t4,0x0
    1c00faf2:	c740ff6f          	jal	t5,0x1bf1ef66
    1c00faf6:	000043c3          	fmadd.s	ft7,ft0,ft0,ft0,rmm
    1c00fafa:	ffff                	.insn	2, 0xffff
    1c00fafc:	d808                	sw	a0,48(s0)
    1c00fafe:	41e1                	li	gp,24
    1c00fb00:	42e1                	li	t0,24
    1c00fb02:	0e72                	slli	t3,t3,0x1c
    1c00fb04:	c340ff6f          	jal	t5,0x1bf1ef38
    1c00fb08:	0ef2c083          	lbu	ra,239(t0) # 0xfffffffffffeb0ef
    1c00fb0c:	0020                	addi	s0,sp,8
    1c00fb0e:	2642                	fld	fa2,16(sp)
    1c00fb10:	160010db          	.insn	4, 0x160010db
    1c00fb14:	8000708b          	.insn	4, 0x8000708b
    1c00fb18:	044a                	slli	s0,s0,0x12
    1c00fb1a:	1600                	addi	s0,sp,800
    1c00fb1c:	80007083          	.insn	4, 0x80007083
    1c00fb20:	0449                	addi	s0,s0,18
    1c00fb22:	f01a                	sd	t1,32(sp)
    1c00fb24:	787d                	lui	a6,0xfffff
    1c00fb26:	2344                	fld	fs1,128(a4)
    1c00fb28:	0041                	c.nop	16
    1c00fb2a:	0af2                	slli	s5,s5,0x1c
    1c00fb2c:	780fffaf          	.insn	4, 0x780fffaf
    1c00fb30:	7974c10f          	.insn	4, 0x7974c10f
    1c00fb34:	9100e80b          	.insn	4, 0x9100e80b
    1c00fb38:	07f1081b          	addiw	a6,sp,127
    1c00fb3c:	c092                	sw	tp,64(sp)
    1c00fb3e:	20f5                	addiw	ra,ra,29
    1c00fb40:	00c0                	addi	s0,sp,68
    1c00fb42:	08330813          	addi	a6,t1,131
    1c00fb46:	e020                	sd	s0,64(s0)
    1c00fb48:	f004                	sd	s1,32(s0)
    1c00fb4a:	000040c3          	fmadd.s	ft1,ft0,ft0,ft0,rmm
    1c00fb4e:	e000                	sd	s0,0(s0)
    1c00fb50:	b100                	fsd	fs0,32(a0)
    1c00fb52:	7164                	ld	s1,224(a0)
    1c00fb54:	0bd1                	addi	s7,s7,20 # 0xfffffffffffef014
    1c00fb56:	90e5                	srli	s1,s1,0x39
    1c00fb58:	0e947377          	.insn	4, 0x0e947377
    1c00fb5c:	ffad                	bnez	a5,0x1c00fad6
    1c00fb5e:	40a1                	li	ra,8
    1c00fb60:	c00e                	sw	gp,0(sp)
    1c00fb62:	e808                	sd	a0,16(s0)
    1c00fb64:	003641c3          	fmadd.s	ft3,fa2,ft3,ft0,rmm
    1c00fb68:	0000                	unimp
    1c00fb6a:	0922                	slli	s2,s2,0x8
    1c00fb6c:	740cff6f          	jal	t5,0x1c0df2ac
    1c00fb70:	1600                	addi	s0,sp,800
    1c00fb72:	8000708f          	.insn	4, 0x8000708f
    1c00fb76:	0449                	addi	s0,s0,18
    1c00fb78:	f049                	bnez	s0,0x1c00fafa
    1c00fb7a:	c010                	sw	a2,0(s0)
    1c00fb7c:	2744                	fld	fs1,136(a4)
    1c00fb7e:	1041                	c.nop	-16
    1c00fb80:	4338                	lw	a4,64(a4)
    1c00fb82:	20f5                	addiw	ra,ra,29
    1c00fb84:	c00f03cb          	fnmsub.s	ft7,ft10,ft0,fs8,rne
    1c00fb88:	20f5                	addiw	ra,ra,29
    1c00fb8a:	0a8e03c3          	fmadd.d	ft7,ft8,fs0,ft1,rne
    1c00fb8e:	78cfffaf          	.insn	4, 0x78cfffaf
    1c00fb92:	c111                	beqz	a0,0x1c00fb96
    1c00fb94:	79f4                	ld	a3,240(a1)
    1c00fb96:	e82c                	sd	a1,80(s0)
    1c00fb98:	2302                	fld	ft6,0(sp)
    1c00fb9a:	02c0                	addi	s0,sp,324
    1c00fb9c:	7361                	lui	t1,0xffff8
    1c00fb9e:	2048                	fld	fa0,128(s0)
    1c00fba0:	000d                	c.nop	3
    1c00fba2:	787c                	ld	a5,240(s0)
    1c00fba4:	2048                	fld	fa0,128(s0)
    1c00fba6:	0000                	unimp
    1c00fba8:	2049                	.insn	2, 0x2049
    1c00fbaa:	07c2                	slli	a5,a5,0x10
    1c00fbac:	c00e                	sw	gp,0(sp)
    1c00fbae:	b140                	fsd	fs0,160(a0)
    1c00fbb0:	e812                	sd	tp,16(sp)
    1c00fbb2:	c010                	sw	a2,0(s0)
    1c00fbb4:	20f54363          	blt	a0,a5,0x1c00fdba
    1c00fbb8:	03c1                	addi	t2,t2,16
    1c00fbba:	20f5c00f          	.insn	4, 0x20f5c00f
    1c00fbbe:	03c0                	addi	s0,sp,452
    1c00fbc0:	c242                	sw	a6,4(sp)
    1c00fbc2:	c140                	sw	s0,4(a0)
    1c00fbc4:	c041                	beqz	s0,0x1c00fc44
    1c00fbc6:	740c                	ld	a1,40(s0)
    1c00fbc8:	003841c3          	fmadd.s	ft3,fa6,ft3,ft0,rmm
    1c00fbcc:	0005                	c.nop	1
    1c00fbce:	08be                	slli	a7,a7,0xf
    1c00fbd0:	42c1ff6f          	jal	t5,0x1c02effc
    1c00fbd4:	78ae                	ld	a7,232(sp)
    1c00fbd6:	c040                	sw	s0,4(s0)
    1c00fbd8:	207f 0140 41c3 0039 	.insn	14, 0x0b0242c10003003941c30140207f
    1c00fbe0:	0003 42c1 0b02 
    1c00fbe6:	4363ff2f          	.insn	4, 0x4363ff2f
    1c00fbea:	f010                	sd	a2,32(s0)
    1c00fbec:	000040c3          	fmadd.s	ft1,ft0,ft0,ft0,rmm
    1c00fbf0:	7fff                	.insn	2, 0x7fff
    1c00fbf2:	b100                	fsd	fs0,32(a0)
    1c00fbf4:	c00e                	sw	gp,0(sp)
    1c00fbf6:	e80a                	sd	sp,16(sp)
    1c00fbf8:	740c                	ld	a1,40(s0)
    1c00fbfa:	003741c3          	fmadd.s	ft3,fa4,ft3,ft0,rmm
    1c00fbfe:	0002                	c.slli	zero,0x0
    1c00fc00:	42c1                	li	t0,16
    1c00fc02:	088a                	slli	a7,a7,0x2
    1c00fc04:	4363ff6f          	jal	t5,0x1c04f03a
    1c00fc08:	71e5                	lui	gp,0xffff9
    1c00fc0a:	1600                	addi	s0,sp,800
    1c00fc0c:	7080                	ld	s0,32(s1)
    1c00fc0e:	8000                	.insn	2, 0x8000
    1c00fc10:	044a                	slli	s0,s0,0x12
    1c00fc12:	83e5086b          	.insn	4, 0x83e5086b
    1c00fc16:	7efd                	lui	t4,0xfffff
    1c00fc18:	1e00                	addi	s0,sp,816
    1c00fc1a:	7005                	c.lui	zero,0xfffe1
    1c00fc1c:	e0049003          	lh	zero,-512(s1)
    1c00fc20:	c0bc                	sw	a5,64(s1)
    1c00fc22:	1404                	addi	s1,sp,544
    1c00fc24:	c6c6341b          	.insn	4, 0xc6c6341b
    1c00fc28:	c2e6                	sw	s9,68(sp)
    1c00fc2a:	1cfc                	addi	a5,sp,636
    1c00fc2c:	b6c8                	fsd	fa0,168(a3)
    1c00fc2e:	c1a9                	beqz	a1,0x1c00fc70
    1c00fc30:	c046                	sw	a7,0(sp)
    1c00fc32:	4338690b          	.insn	4, 0x4338690b
    1c00fc36:	c044                	sw	s1,4(s0)
    1c00fc38:	0c42                	slli	s8,s8,0x10
    1c00fc3a:	7d0fff6f          	jal	t5,0x1c10f40a
    1c00fc3e:	c004c047          	fmsub.s	ft0,fs1,ft0,fs8,rmm
    1c00fc42:	085d                	addi	a6,a6,23 # 0xfffffffffffff017
    1c00fc44:	0134                	addi	a3,sp,136
    1c00fc46:	700c                	ld	a1,32(s0)
    1c00fc48:	0bd2                	slli	s7,s7,0x14
    1c00fc4a:	702cff2f          	.insn	4, 0x702cff2f
    1c00fc4e:	1200                	addi	s0,sp,288
    1c00fc50:	712c3083          	ld	ra,1810(s8)
    1c00fc54:	70cd                	lui	ra,0xffff3
    1c00fc56:	b98ed8ff c643754c 	.insn	20, 0xc006c640ff2f0c82c641c642c643754cb98ed8ff
    1c00fc5e:	c641c642 ff2f0c82 
    1c00fc66:	c006c640 
    1c00fc6a:	000041c3          	fmadd.s	ft3,ft0,ft0,ft0,rmm
    1c00fc6e:	4400                	lw	s0,8(s0)
    1c00fc70:	704c                	ld	a1,160(s0)
    1c00fc72:	c042780f          	.insn	4, 0xc042780f
    1c00fc76:	db7cd8ff 30411c0c 	.insn	20, 0xc643f8d3c640ff2f0c62c64130411c0cdb7cd8ff
    1c00fc7e:	0c62c641 c640ff2f 
    1c00fc86:	c643f8d3 
    1c00fc8a:	c642                	sw	a6,12(sp)
    1c00fc8c:	c641                	beqz	a2,0x1c00fd14
    1c00fc8e:	0c56                	slli	s8,s8,0x15
    1c00fc90:	c640ff2f          	.insn	4, 0xc640ff2f
    1c00fc94:	700c                	ld	a1,32(s0)
    1c00fc96:	0c0e                	slli	s8,s8,0x3
    1c00fc98:	712cff2f          	.insn	4, 0x712cff2f
    1c00fc9c:	2342                	fld	ft6,16(sp)
    1c00fc9e:	3040                	fld	fs0,160(s0)
    1c00fca0:	c045                	beqz	s0,0x1c00fd40
    1c00fca2:	257c780f          	.insn	4, 0x257c780f
    1c00fca6:	1101                	addi	sp,sp,-32
    1c00fca8:	207c                	fld	fa5,192(s0)
    1c00fcaa:	0080                	addi	s0,sp,64
    1c00fcac:	2005                	.insn	2, 0x2005
    1c00fcae:	804d                	srli	s0,s0,0x13
    1c00fcb0:	df08                	sw	a0,56(a4)
    1c00fcb2:	0c4a                	slli	s8,s8,0x12
    1c00fcb4:	27caff6f          	jal	t5,0x1c0bef30
    1c00fcb8:	1062                	c.slli	zero,0x38
    1c00fcba:	0c52                	slli	s8,s8,0x14
    1c00fcbc:	4608ff6f          	jal	t5,0x1c09f11c
    1c00fcc0:	70b5                	lui	ra,0xfffed
    1c00fcc2:	218a                	fld	ft3,128(sp)
    1c00fcc4:	42c30fc7          	fmsub.d	ft11,ft6,fa2,fs0,rne
    1c00fcc8:	e0c0900f          	.insn	4, 0xe0c0900f
    1c00fccc:	21ca                	fld	ft3,144(sp)
    1c00fcce:	0021                	c.nop	8
    1c00fcd0:	b2e0                	fsd	fs0,224(a3)
    1c00fcd2:	b225                	j	0x1c00f5fa
    1c00fcd4:	2044c107          	.insn	4, 0x2044c107
    1c00fcd8:	004d                	c.nop	19
    1c00fcda:	651d                	lui	a0,0x7
    1c00fcdc:	2614                	fld	fa3,8(a2)
    1c00fcde:	1042                	c.slli	zero,0x30
    1c00fce0:	c005                	beqz	s0,0x1c00fd00
    1c00fce2:	4ad8                	lw	a4,20(a3)
    1c00fce4:	2144                	fld	fs1,128(a0)
    1c00fce6:	004e                	c.slli	zero,0x13
    1c00fce8:	082d                	addi	a6,a6,11
    1c00fcea:	00b5                	addi	ra,ra,13 # 0xfffffffffffed00d
    1c00fcec:	665e                	ld	a2,464(sp)
    1c00fcee:	000047cb          	fnmsub.s	fa5,ft0,ft0,ft0,rmm
    1c00fcf2:	f0f0                	sd	a2,224(s1)
    1c00fcf4:	41e1d80f          	.insn	4, 0x41e1d80f
    1c00fcf8:	42e1                	li	t0,24
    1c00fcfa:	43e1                	li	t2,24
    1c00fcfc:	0c76                	slli	s8,s8,0x1d
    1c00fcfe:	c740ff6f          	jal	t5,0x1bf1f172
    1c00fd02:	000043c3          	fmadd.s	ft7,ft0,ft0,ft0,rmm
    1c00fd06:	ffff                	.insn	2, 0xffff
    1c00fd08:	d808                	sw	a0,48(s0)
    1c00fd0a:	41e1                	li	gp,24
    1c00fd0c:	42e1                	li	t0,24
    1c00fd0e:	0c66                	slli	s8,s8,0x19
    1c00fd10:	c340ff6f          	jal	t5,0x1bf1f144
    1c00fd14:	4e58                	lw	a4,28(a2)
    1c00fd16:	c048                	sw	a0,4(s0)
    1c00fd18:	3040234f          	fnmadd.s	ft6,ft0,ft4,ft6,rdn
    1c00fd1c:	e510                	sd	a2,8(a0)
    1c00fd1e:	7214                	ld	a3,32(a2)
    1c00fd20:	70cd                	lui	ra,0xffff3
    1c00fd22:	c545                	beqz	a0,0x1c00fdca
    1c00fd24:	f47f                	.insn	2, 0xf47f
    1c00fd26:	790fc007          	.insn	4, 0x790fc007
    1c00fd2a:	0af2                	slli	s5,s5,0x1c
    1c00fd2c:	700cff2f          	.insn	4, 0x700cff2f
    1c00fd30:	1200                	addi	s0,sp,288
    1c00fd32:	d8ff3083          	ld	ra,-625(t5) # 0x8d8f
    1c00fd36:	702c                	ld	a1,96(s0)
    1c00fd38:	754c                	ld	a1,168(a0)
    1c00fd3a:	c642c643          	.insn	4, 0xc642c643
    1c00fd3e:	c641                	beqz	a2,0x1c00fdc6
    1c00fd40:	0ba2                	slli	s7,s7,0x8
    1c00fd42:	c640ff2f          	.insn	4, 0xc640ff2f
    1c00fd46:	0dae                	slli	s11,s11,0xb
    1c00fd48:	d8ffff2f          	.insn	4, 0xd8ffff2f
    1c00fd4c:	702c                	ld	a1,96(s0)
    1c00fd4e:	b98ed8ff 726c754c 	.insn	20, 0xc640ff2f0b86c641c642c643726c754cb98ed8ff
    1c00fd56:	c642c643 0b86c641 
    1c00fd5e:	c640ff2f 
    1c00fd62:	ca08                	sw	a0,16(a2)
    1c00fd64:	000047cb          	fnmsub.s	fa5,ft0,ft0,ft0,rmm
    1c00fd68:	7500                	ld	s0,40(a0)
    1c00fd6a:	000043db          	.insn	4, 0x43db
    1c00fd6e:	1000                	addi	s0,sp,32
    1c00fd70:	c006c043          	fmadd.s	ft0,fa3,ft0,fs8,rmm
    1c00fd74:	41e1                	li	gp,24
    1c00fd76:	724c                	ld	a1,160(a2)
    1c00fd78:	d8ff7d0f          	.insn	4, 0xd8ff7d0f
    1c00fd7c:	746c                	ld	a1,232(s0)
    1c00fd7e:	c542                	sw	a6,136(sp)
    1c00fd80:	c641                	beqz	a2,0x1c00fe08
    1c00fd82:	0b62                	slli	s6,s6,0x18
    1c00fd84:	1c00ff2f          	.insn	4, 0x1c00ff2f
    1c00fd88:	36c0                	fld	fs0,168(a3)
    1c00fd8a:	c005                	beqz	s0,0x1c00fdaa
    1c00fd8c:	702c                	ld	a1,96(s0)
    1c00fd8e:	b98e                	fsd	ft3,240(sp)
    1c00fd90:	d8ff7b0f          	.insn	4, 0xd8ff7b0f
    1c00fd94:	754c                	ld	a1,168(a0)
    1c00fd96:	c542c643          	.insn	4, 0xc542c643
    1c00fd9a:	c641                	beqz	a2,0x1c00fe22
    1c00fd9c:	0b46                	slli	s6,s6,0x11
    1c00fd9e:	c640ff2f          	.insn	4, 0xc640ff2f
    1c00fda2:	09f6                	slli	s3,s3,0x1d
    1c00fda4:	40a1ff6f          	jal	t5,0x1c02f1ae
    1c00fda8:	ca08                	sw	a0,16(a2)
    1c00fdaa:	2750                	fld	fa2,136(a4)
    1c00fdac:	1301                	addi	t1,t1,-32 # 0xffffffffffff7fe0
    1c00fdae:	714c                	ld	a1,160(a0)
    1c00fdb0:	d8ffc043          	fmadd.s	ft0,ft11,fa5,fs11,rmm
    1c00fdb4:	746c                	ld	a1,232(s0)
    1c00fdb6:	c542                	sw	a6,136(sp)
    1c00fdb8:	c641                	beqz	a2,0x1c00fe40
    1c00fdba:	0b2a                	slli	s6,s6,0xa
    1c00fdbc:	1c00ff2f          	.insn	4, 0x1c00ff2f
    1c00fdc0:	36c0                	fld	fs0,168(a3)
    1c00fdc2:	099a                	slli	s3,s3,0x6
    1c00fdc4:	40a1ff6f          	jal	t5,0x1c02f1ce
    1c00fdc8:	c008                	sw	a0,0(s0)
    1c00fdca:	f87f                	.insn	2, 0xf87f
    1c00fdcc:	c642c643          	.insn	4, 0xc642c643
    1c00fdd0:	c641                	beqz	a2,0x1c00fe58
    1c00fdd2:	0b12                	slli	s6,s6,0x4
    1c00fdd4:	c640ff2f          	.insn	4, 0xc640ff2f
    1c00fdd8:	700c                	ld	a1,32(s0)
    1c00fdda:	b88e                	fsd	ft3,112(sp)
    1c00fddc:	1c0c                	addi	a1,sp,560
    1c00fdde:	30c1                	addiw	ra,ra,-16 # 0xffffffffffff2ff0
    1c00fde0:	c642                	sw	a6,12(sp)
    1c00fde2:	c641                	beqz	a2,0x1c00fe6a
    1c00fde4:	c640                	sw	s0,12(a2)
    1c00fde6:	d8ff791b          	.insn	4, 0xd8ff791b
    1c00fdea:	754c                	ld	a1,168(a0)
    1c00fdec:	0af6                	slli	s5,s5,0x1d
    1c00fdee:	726cff2f          	.insn	4, 0x726cff2f
    1c00fdf2:	702cd8ff db10754c 	.insn	20, 0xc640ff2f0ae2c641c642c643db10754c702cd8ff
    1c00fdfa:	c642c643 0ae2c641 
    1c00fe02:	c640ff2f 
    1c00fe06:	0cd2                	slli	s9,s9,0x14
    1c00fe08:	d8ffff2f          	.insn	4, 0xd8ffff2f
    1c00fe0c:	f871                	bnez	s0,0x1c00fde0
    1c00fe0e:	c642c643          	.insn	4, 0xc642c643
    1c00fe12:	c641                	beqz	a2,0x1c00fe9a
    1c00fe14:	0ace                	slli	s5,s5,0x13
    1c00fe16:	c640ff2f          	.insn	4, 0xc640ff2f
    1c00fe1a:	c0a9                	beqz	s1,0x1c00fe5c
    1c00fe1c:	1404                	addi	s1,sp,544
    1c00fe1e:	c6c6341b          	.insn	4, 0xc6c6341b
    1c00fe22:	c004                	sw	s1,0(s0)
    1c00fe24:	0811                	addi	a6,a6,4
    1c00fe26:	0135                	addi	sp,sp,13
    1c00fe28:	702c                	ld	a1,96(s0)
    1c00fe2a:	700c                	ld	a1,32(s0)
    1c00fe2c:	08ba                	slli	a7,a7,0xe
    1c00fe2e:	b992ff2f          	.insn	4, 0xb992ff2f
    1c00fe32:	f1f5                	bnez	a1,0x1c00fe16
    1c00fe34:	b0710be7          	jalr	s7,-1273(sp)
    1c00fe38:	700c                	ld	a1,32(s0)
    1c00fe3a:	f07d                	bnez	s0,0x1c00fe20
    1c00fe3c:	c004                	sw	s1,0(s0)
    1c00fe3e:	000045cb          	fnmsub.s	fa1,ft0,ft0,ft0,rmm
    1c00fe42:	ffff                	.insn	2, 0xffff
    1c00fe44:	43b9                	li	t2,14
    1c00fe46:	7014                	ld	a3,32(s0)
    1c00fe48:	7dc0                	ld	s0,184(a1)
    1c00fe4a:	000043c3          	fmadd.s	ft7,ft0,ft0,ft0,rmm
    1c00fe4e:	f0f0                	sd	a2,224(s1)
    1c00fe50:	41a1d80f          	.insn	4, 0x41a1d80f
    1c00fe54:	42a1                	li	t0,8
    1c00fe56:	0b1e                	slli	s6,s6,0x7
    1c00fe58:	c340ff6f          	jal	t5,0x1bf1f28c
    1c00fe5c:	d808                	sw	a0,48(s0)
    1c00fe5e:	41a1                	li	gp,8
    1c00fe60:	42a1                	li	t0,8
    1c00fe62:	0b0e4363          	blt	t3,a6,0x1c00ff08
    1c00fe66:	1c00ff6f          	jal	t5,0x1c01f026
    1c00fe6a:	36c0                	fld	fs0,168(a3)
    1c00fe6c:	700c                	ld	a1,32(s0)
    1c00fe6e:	09ae                	slli	s3,s3,0xb
    1c00fe70:	41e1ff2f          	.insn	4, 0x41e1ff2f
    1c00fe74:	1200                	addi	s0,sp,288
    1c00fe76:	702c3083          	ld	ra,1794(s8)
    1c00fe7a:	754cd8ff c1434528 	.insn	20, 0x70edc140ff2f0a5ec141c142c1434528754cd8ff
    1c00fe82:	c141c142 ff2f0a5e 
    1c00fe8a:	70edc140 
    1c00fe8e:	bf8e                	fsd	ft3,504(sp)
    1c00fe90:	41e1d8ff 726c754c 	.insn	20, 0xc540ff2f0a46c541c542c543726c754c41e1d8ff
    1c00fe98:	c542c543 0a46c541 
    1c00fea0:	c540ff2f 
    1c00fea4:	730c                	ld	a1,32(a4)
    1c00fea6:	c006c043          	fmadd.s	ft0,fa3,ft0,fs8,rmm
    1c00feaa:	bf8a                	fsd	ft2,504(sp)
    1c00feac:	41e1                	li	gp,24
    1c00feae:	3007232f          	.insn	4, 0x3007232f
    1c00feb2:	724cd8ff 36c01c08 	.insn	20, 0x0a1e100a00003f801c00c54136c01c08724cd8ff
    1c00feba:	1c00c541 00003f80 
    1c00fec2:	0a1e100a 
    1c00fec6:	746cff2f          	.insn	4, 0x746cff2f
    1c00feca:	730c                	ld	a1,32(a4)
    1c00fecc:	c004c043          	fmadd.s	ft0,fs1,ft0,fs8,rmm
    1c00fed0:	41e1                	li	gp,24
    1c00fed2:	724c                	ld	a1,160(a2)
    1c00fed4:	2078                	fld	fa4,192(s0)
    1c00fed6:	0000                	unimp
    1c00fed8:	201a                	fld	ft0,384(sp)
    1c00feda:	0f80                	addi	s0,sp,976
    1c00fedc:	0000                	unimp
    1c00fede:	1000                	addi	s0,sp,32
    1c00fee0:	746c                	ld	a1,232(s0)
    1c00fee2:	1c08                	addi	a0,sp,560
    1c00fee4:	36c0                	fld	fs0,168(a3)
    1c00fee6:	c541                	beqz	a0,0x1c00ff6e
    1c00fee8:	c040                	sw	s0,4(s0)
    1c00feea:	09fa                	slli	s3,s3,0x1e
    1c00feec:	d8ffff2f          	.insn	4, 0xd8ffff2f
    1c00fef0:	730c                	ld	a1,32(a4)
    1c00fef2:	274fc043          	.insn	4, 0x274fc043
    1c00fef6:	1401                	addi	s0,s0,-32
    1c00fef8:	724cd8ff 36c01c08 	.insn	20, 0x09da100a00003f801c00c54136c01c08724cd8ff
    1c00ff00:	1c00c541 00003f80 
    1c00ff08:	09da100a 
    1c00ff0c:	746cff2f          	.insn	4, 0x746cff2f
    1c00ff10:	c005                	beqz	s0,0x1c00ff30
    1c00ff12:	d980                	sw	s0,48(a1)
    1c00ff14:	754c                	ld	a1,168(a0)
    1c00ff16:	d8ff7b0f          	.insn	4, 0xd8ff7b0f
    1c00ff1a:	c542c543          	.insn	4, 0xc542c543
    1c00ff1e:	c541                	beqz	a0,0x1c00ffa6
    1c00ff20:	09c2                	slli	s3,s3,0x10
    1c00ff22:	c540ff2f          	.insn	4, 0xc540ff2f
    1c00ff26:	700c                	ld	a1,32(s0)
    1c00ff28:	097a                	slli	s2,s2,0x1e
    1c00ff2a:	712cff2f          	.insn	4, 0x712cff2f
    1c00ff2e:	c004                	sw	s1,0(s0)
    1c00ff30:	7104                	ld	s1,32(a0)
    1c00ff32:	c044                	sw	s1,4(s0)
    1c00ff34:	7f0fc007          	.insn	4, 0x7f0fc007
    1c00ff38:	c004                	sw	s1,0(s0)
    1c00ff3a:	0805                	addi	a6,a6,1
    1c00ff3c:	8094                	.insn	2, 0x8094
    1c00ff3e:	700c                	ld	a1,32(s0)
    1c00ff40:	08da                	slli	a7,a7,0x16
    1c00ff42:	41e1ff2f          	.insn	4, 0x41e1ff2f
    1c00ff46:	1200                	addi	s0,sp,288
    1c00ff48:	d8ff3083          	ld	ra,-625(t5)
    1c00ff4c:	702c                	ld	a1,96(s0)
    1c00ff4e:	754c                	ld	a1,168(a0)
    1c00ff50:	c642c643          	.insn	4, 0xc642c643
    1c00ff54:	c641                	beqz	a2,0x1c00ffdc
    1c00ff56:	098e                	slli	s3,s3,0x3
    1c00ff58:	c640ff2f          	.insn	4, 0xc640ff2f
    1c00ff5c:	0b96                	slli	s7,s7,0x5
    1c00ff5e:	d8ffff2f          	.insn	4, 0xd8ffff2f
    1c00ff62:	70ad                	lui	ra,0xfffeb
    1c00ff64:	bd8e                	fsd	ft3,248(sp)
    1c00ff66:	41a1d8ff 726c754c 	.insn	20, 0xc640ff2f096ec641c642c643726c754c41a1d8ff
    1c00ff6e:	c642c643 096ec641 
    1c00ff76:	c640ff2f 
    1c00ff7a:	c006                	sw	ra,0(sp)
    1c00ff7c:	081a7f0f          	.insn	4, 0x081a7f0f
    1c00ff80:	40e1ff6f          	jal	t5,0x1c02f38e
    1c00ff84:	ca08                	sw	a0,16(a2)
    1c00ff86:	1281254f          	fnmadd.d	fa0,ft2,fs0,ft2,rdn
    1c00ff8a:	714c                	ld	a1,160(a0)
    1c00ff8c:	700cc043          	fmadd.s	ft0,fs9,ft0,fa4,rmm
    1c00ff90:	b88c                	fsd	fa1,48(s1)
    1c00ff92:	c040                	sw	s0,4(s0)
    1c00ff94:	746cd8ff 094ac742 	.insn	20, 0xc00840e1ff2f0fbac641ff2f094ac742746cd8ff
    1c00ff9c:	c641ff2f ff2f0fba 
    1c00ffa4:	c00840e1 
    1c00ffa8:	c643f807          	.insn	4, 0xc643f807
    1c00ffac:	c642                	sw	a6,12(sp)
    1c00ffae:	c641                	beqz	a2,0x1c010036
    1c00ffb0:	0932                	slli	s2,s2,0xc
    1c00ffb2:	c640ff2f          	.insn	4, 0xc640ff2f
    1c00ffb6:	1c0c79bb          	.insn	4, 0x1c0c79bb
    1c00ffba:	30c1                	addiw	ra,ra,-16 # 0xfffffffffffeaff0
    1c00ffbc:	c642                	sw	a6,12(sp)
    1c00ffbe:	c641                	beqz	a2,0x1c010046
    1c00ffc0:	c640                	sw	s0,12(a2)
    1c00ffc2:	f114                	sd	a3,32(a0)
    1c00ffc4:	702c                	ld	a1,96(s0)
    1c00ffc6:	754c                	ld	a1,168(a0)
    1c00ffc8:	d8ff7b0f          	.insn	4, 0xd8ff7b0f
    1c00ffcc:	7ee0                	ld	s0,248(a3)
    1c00ffce:	78e0                	ld	s0,240(s1)
    1c00ffd0:	d980d8ff 746c754c 	.insn	20, 0xc1a6b6c81cfcc2e678e07ee0746c754cd980d8ff
    1c00ffd8:	78e07ee0 1cfcc2e6 
    1c00ffe0:	c1a6b6c8 
    1c00ffe4:	4608                	lw	a0,8(a2)
    1c00ffe6:	1600                	addi	s0,sp,800
    1c00ffe8:	7100                	ld	s0,32(a0)
    1c00ffea:	9008                	.insn	2, 0x9008
    1c00ffec:	01e0                	addi	s0,sp,204
    1c00ffee:	218a                	fld	ft3,128(sp)
    1c00fff0:	0ffd                	addi	t6,t6,31
    1c00fff2:	c045                	beqz	s0,0x1c010092
    1c00fff4:	7824                	ld	s1,112(s0)
    1c00fff6:	c042                	sw	a6,0(sp)
    1c00fff8:	1600                	addi	s0,sp,800
    1c00fffa:	7100                	ld	s0,32(a0)
    1c00fffc:	900e                	c.add	zero,gp
    1c00fffe:	004c                	addi	a1,sp,4
    1c010000:	c040                	sw	s0,4(s0)
    1c010002:	8e19                	sub	a2,a2,a4
    1c010004:	c044                	sw	s1,4(s0)
    1c010006:	8e10                	.insn	2, 0x8e10
    1c010008:	40c3c043          	fmadd.s	ft0,ft7,fa2,fs0,rmm
    1c01000c:	900e                	c.add	zero,gp
    1c01000e:	004c                	addi	a1,sp,4
    1c010010:	9001                	srli	s0,s0,0x20
    1c010012:	c041                	beqz	s0,0x1c010092
    1c010014:	c004                	sw	s1,0(s0)
    1c010016:	e88a                	sd	sp,80(sp)
    1c010018:	000040c3          	fmadd.s	ft1,ft0,ft0,ft0,rmm
    1c01001c:	ffff                	.insn	2, 0xffff
    1c01001e:	4100                	lw	s0,0(a0)
    1c010020:	4200                	lw	s0,0(a2)
    1c010022:	0996                	slli	s3,s3,0x5
    1c010024:	4300ff6f          	jal	t5,0x1c01f454
    1c010028:	0be2d80f          	.insn	4, 0x0be2d80f
    1c01002c:	d90fff2f          	.insn	4, 0xd90fff2f
    1c010030:	8608                	.insn	2, 0x8608
    1c010032:	70ad                	lui	ra,0xfffeb
    1c010034:	2005781b          	.insn	4, 0x2005781b
    1c010038:	0f80                	addi	s0,sp,976
    1c01003a:	e0649003          	lh	zero,-506(s1)
    1c01003e:	09c2                	slli	s3,s3,0x10
    1c010040:	b0a0ffef          	jal	t6,0x1bf1f34a
    1c010044:	0b12                	slli	s6,s6,0x4
    1c010046:	40c1ff2f          	.insn	4, 0x40c1ff2f
    1c01004a:	8629                	srai	a2,a2,0xa
    1c01004c:	0ee2                	slli	t4,t4,0x18
    1c01004e:	0060                	addi	s0,sp,12
    1c010050:	710c                	ld	a1,32(a0)
    1c010052:	c002                	sw	zero,0(sp)
    1c010054:	712c                	ld	a1,96(a0)
    1c010056:	1e00                	addi	s0,sp,816
    1c010058:	7004                	ld	s1,32(s0)
    1c01005a:	9009                	srli	s0,s0,0x22
    1c01005c:	e1e0                	sd	s0,192(a1)
    1c01005e:	900340c3          	fmadd.s	ft1,ft6,ft0,fs2,rmm
    1c010062:	e064                	sd	s1,192(s0)
    1c010064:	2042                	fld	ft0,16(sp)
    1c010066:	b7a0098f          	.insn	4, 0xb7a0098f
    1c01006a:	b7a0                	fsd	fs0,104(a5)
    1c01006c:	1f9c                	addi	a5,sp,1008
    1c01006e:	135c                	addi	a5,sp,420
    1c010070:	135c1f9b          	.insn	4, 0x135c1f9b
    1c010074:	1fe6                	slli	t6,t6,0x39
    1c010076:	9f84                	.insn	2, 0x9f84
    1c010078:	0000                	unimp
    1c01007a:	ffff                	.insn	2, 0xffff
    1c01007c:	1ff2                	slli	t6,t6,0x3c
    1c01007e:	9044                	.insn	2, 0x9044
    1c010080:	1fe4                	addi	s1,sp,1020
    1c010082:	9044                	.insn	2, 0x9044
    1c010084:	081e                	slli	a6,a6,0x7
    1c010086:	960eff2f          	.insn	4, 0x960eff2f
    1c01008a:	c100                	sw	s0,0(a0)
    1c01008c:	c201                	beqz	a2,0x1c01008c
    1c01008e:	0b06                	slli	s6,s6,0x1
    1c010090:	0060                	addi	s0,sp,12
    1c010092:	40c1                	li	ra,16
    1c010094:	0b76d80f          	.insn	4, 0x0b76d80f
    1c010098:	d90fff2f          	.insn	4, 0xd90fff2f
    1c01009c:	8629                	srai	a2,a2,0xa
    1c01009e:	0e92                	slli	t4,t4,0x4
    1c0100a0:	0060                	addi	s0,sp,12
    1c0100a2:	710c                	ld	a1,32(a0)
    1c0100a4:	c005                	beqz	s0,0x1c0100c4
    1c0100a6:	712c                	ld	a1,96(a0)
    1c0100a8:	1e00                	addi	s0,sp,816
    1c0100aa:	7004                	ld	s1,32(s0)
    1c0100ac:	9009                	srli	s0,s0,0x22
    1c0100ae:	e1e0                	sd	s0,192(a1)
    1c0100b0:	b7a0                	fsd	fs0,104(a5)
    1c0100b2:	1fe6                	slli	t6,t6,0x39
    1c0100b4:	9f84                	.insn	2, 0x9f84
    1c0100b6:	0000                	unimp
    1c0100b8:	ff00                	sd	s0,56(a4)
    1c0100ba:	1ff2                	slli	t6,t6,0x3c
    1c0100bc:	9044                	.insn	2, 0x9044
    1c0100be:	1fe4                	addi	s1,sp,1020
    1c0100c0:	9044                	.insn	2, 0x9044
    1c0100c2:	0fe2                	slli	t6,t6,0x18
    1c0100c4:	960afeef          	jal	t4,0x1bfbf224
    1c0100c8:	8e58                	.insn	2, 0x8e58
    1c0100ca:	8601                	c.srai	a2,0x0
    1c0100cc:	0a02                	c.slli	s4,0x0
    1c0100ce:	0060                	addi	s0,sp,12
    1c0100d0:	712c                	ld	a1,96(a0)
    1c0100d2:	c100                	sw	s0,0(a0)
    1c0100d4:	c201                	beqz	a2,0x1c0100d4
    1c0100d6:	0abe                	slli	s5,s5,0xf
    1c0100d8:	0060                	addi	s0,sp,12
    1c0100da:	40c1                	li	ra,16
    1c0100dc:	0b2ed80f          	.insn	4, 0x0b2ed80f
    1c0100e0:	d90fff2f          	.insn	4, 0xd90fff2f
    1c0100e4:	c004                	sw	s1,0(s0)
    1c0100e6:	e808                	sd	a0,16(s0)
    1c0100e8:	0a26c003          	lbu	zero,162(a3)
    1c0100ec:	2078ff2f          	.insn	4, 0x2078ff2f
    1c0100f0:	0100                	addi	s0,sp,128
    1c0100f2:	f012                	sd	tp,32(sp)
    1c0100f4:	41c3c003          	lbu	zero,1052(t2)
    1c0100f8:	0000                	unimp
    1c0100fa:	ffff                	.insn	2, 0xffff
    1c0100fc:	4220                	lw	s0,64(a2)
    1c0100fe:	7414                	ld	a3,40(s0)
    1c010100:	000040c3          	fmadd.s	ft1,ft0,ft0,ft0,rmm
    1c010104:	fffe                	sd	t6,504(sp)
    1c010106:	22ca                	fld	ft5,144(sp)
    1c010108:	0001                	nop
    1c01010a:	20ca                	fld	ft1,144(sp)
    1c01010c:	0041                	c.nop	16
    1c01010e:	08aa                	slli	a7,a7,0xa
    1c010110:	4320ff6f          	jal	t5,0x1c01f542
    1c010114:	1600                	addi	s0,sp,800
    1c010116:	7100                	ld	s0,32(a0)
    1c010118:	900e                	c.add	zero,gp
    1c01011a:	004c                	addi	a1,sp,4
    1c01011c:	c040                	sw	s0,4(s0)
    1c01011e:	900e40c3          	fmadd.s	ft1,ft8,ft0,fs2,rmm
    1c010122:	004c                	addi	a1,sp,4
    1c010124:	9001                	srli	s0,s0,0x20
    1c010126:	c041                	beqz	s0,0x1c0101a6
    1c010128:	c002                	sw	zero,0(sp)
    1c01012a:	1e00                	addi	s0,sp,816
    1c01012c:	7004                	ld	s1,32(s0)
    1c01012e:	9009                	srli	s0,s0,0x22
    1c010130:	e1e0                	sd	s0,192(a1)
    1c010132:	8629c003          	lbu	zero,-1950(s3)
    1c010136:	2078                	fld	fa4,192(s0)
    1c010138:	0100                	addi	s0,sp,128
    1c01013a:	781b781b          	.insn	4, 0x781b781b
    1c01013e:	7504                	ld	s1,40(a0)
    1c010140:	0dee                	slli	s11,s11,0x1b
    1c010142:	0060                	addi	s0,sp,12
    1c010144:	c042                	sw	a6,0(sp)
    1c010146:	8608                	.insn	2, 0x8608
    1c010148:	781b706f          	j	0x1c0c80c8
    1c01014c:	2005                	.insn	2, 0x2005
    1c01014e:	0f80                	addi	s0,sp,976
    1c010150:	e0649003          	lh	zero,-506(s1)
    1c010154:	08aa                	slli	a7,a7,0xa
    1c010156:	1800ffef          	jal	t6,0x1c01f2d6
    1c01015a:	06c4                	addi	s1,sp,836
    1c01015c:	09fa                	slli	s3,s3,0x1e
    1c01015e:	40c1ff2f          	.insn	4, 0x40c1ff2f
    1c010162:	712c                	ld	a1,96(a0)
    1c010164:	1f00                	addi	s0,sp,944
    1c010166:	16c4                	addi	s1,sp,868
    1c010168:	1f9c                	addi	a5,sp,1008
    1c01016a:	16dc                	addi	a5,sp,868
    1c01016c:	16dc1f9b          	.insn	4, 0x16dc1f9b
    1c010170:	1fe6                	slli	t6,t6,0x39
    1c010172:	9f84                	.insn	2, 0x9f84
    1c010174:	0000                	unimp
    1c010176:	ffff                	.insn	2, 0xffff
    1c010178:	1ff2                	slli	t6,t6,0x3c
    1c01017a:	9044                	.insn	2, 0x9044
    1c01017c:	1fe4                	addi	s1,sp,1020
    1c01017e:	9044                	.insn	2, 0x9044
    1c010180:	960e                	add	a2,a2,gp
    1c010182:	0f22                	slli	t5,t5,0x8
    1c010184:	4528feef          	jal	t4,0x1c09f5d6
    1c010188:	c100                	sw	s0,0(a0)
    1c01018a:	c201                	beqz	a2,0x1c01018a
    1c01018c:	0a06                	slli	s4,s4,0x1
    1c01018e:	0060                	addi	s0,sp,12
    1c010190:	40c1                	li	ra,16
    1c010192:	c005                	beqz	s0,0x1c0101b2
    1c010194:	1e00d90f          	.insn	4, 0x1e00d90f
    1c010198:	7004                	ld	s1,32(s0)
    1c01019a:	9009                	srli	s0,s0,0x22
    1c01019c:	e1e0                	sd	s0,192(a1)
    1c01019e:	0a6ad80f          	.insn	4, 0x0a6ad80f
    1c0101a2:	1f00ff2f          	.insn	4, 0x1f00ff2f
    1c0101a6:	16c4                	addi	s1,sp,868
    1c0101a8:	8629                	srai	a2,a2,0xa
    1c0101aa:	0d86                	slli	s11,s11,0x1
    1c0101ac:	0060                	addi	s0,sp,12
    1c0101ae:	c002                	sw	zero,0(sp)
    1c0101b0:	1fe6                	slli	t6,t6,0x39
    1c0101b2:	9f84                	.insn	2, 0x9f84
    1c0101b4:	0000                	unimp
    1c0101b6:	ff00                	sd	s0,56(a4)
    1c0101b8:	1ff2                	slli	t6,t6,0x3c
    1c0101ba:	9344                	.insn	2, 0x9344
    1c0101bc:	1fe4                	addi	s1,sp,1020
    1c0101be:	9344                	.insn	2, 0x9344
    1c0101c0:	8605                	srai	a2,a2,0x1
    1c0101c2:	712c                	ld	a1,96(a0)
    1c0101c4:	7104                	ld	s1,32(a0)
    1c0101c6:	0ede                	slli	t4,t4,0x17
    1c0101c8:	7810feef          	jal	t4,0x1c020148
    1c0101cc:	c100                	sw	s0,0(a0)
    1c0101ce:	c201                	beqz	a2,0x1c0101ce
    1c0101d0:	09c2                	slli	s3,s3,0x10
    1c0101d2:	0060                	addi	s0,sp,12
    1c0101d4:	40c1                	li	ra,16
    1c0101d6:	c004                	sw	s1,0(s0)
    1c0101d8:	e806                	sd	ra,16(sp)
    1c0101da:	0932c003          	lbu	zero,147(t0)
    1c0101de:	2079ff2f          	.insn	4, 0x2079ff2f
    1c0101e2:	0100                	addi	s0,sp,128
    1c0101e4:	8e58                	.insn	2, 0x8e58
    1c0101e6:	08e68603          	lb	a2,142(a3)
    1c0101ea:	0060                	addi	s0,sp,12
    1c0101ec:	712c                	ld	a1,96(a0)
    1c0101ee:	c0a6                	sw	s1,64(sp)
    1c0101f0:	1404                	addi	s1,sp,544
    1c0101f2:	c6c6341b          	.insn	4, 0xc6c6341b
    1c0101f6:	78e0                	ld	s0,240(s1)
    1c0101f8:	c2e6                	sw	s9,68(sp)
    1c0101fa:	1cfc                	addi	a5,sp,636
    1c0101fc:	b6c8                	fsd	fa0,168(a3)
    1c0101fe:	c1a8                	sw	a0,64(a1)
    1c010200:	4608                	lw	a0,8(a2)
    1c010202:	1600                	addi	s0,sp,800
    1c010204:	7100                	ld	s0,32(a0)
    1c010206:	9008                	.insn	2, 0x9008
    1c010208:	01e0                	addi	s0,sp,204
    1c01020a:	218a                	fld	ft3,128(sp)
    1c01020c:	0ffd                	addi	t6,t6,31
    1c01020e:	7824c047          	fmsub.s	ft0,fs1,ft2,fa5,rmm
    1c010212:	c045                	beqz	s0,0x1c0102b2
    1c010214:	1600                	addi	s0,sp,800
    1c010216:	7100                	ld	s0,32(a0)
    1c010218:	900e                	c.add	zero,gp
    1c01021a:	004c                	addi	a1,sp,4
    1c01021c:	c040                	sw	s0,4(s0)
    1c01021e:	8e19                	sub	a2,a2,a4
    1c010220:	8e10c043          	.insn	4, 0x8e10c043
    1c010224:	c042                	sw	a6,0(sp)
    1c010226:	900e40c3          	fmadd.s	ft1,ft8,ft0,fs2,rmm
    1c01022a:	004c                	addi	a1,sp,4
    1c01022c:	9001                	srli	s0,s0,0x20
    1c01022e:	c041                	beqz	s0,0x1c0102ae
    1c010230:	e88ac003          	lbu	zero,-376(s5)
    1c010234:	000040c3          	fmadd.s	ft1,ft0,ft0,ft0,rmm
    1c010238:	ffff                	.insn	2, 0xffff
    1c01023a:	4100                	lw	s0,0(a0)
    1c01023c:	4200                	lw	s0,0(a2)
    1c01023e:	0f7a                	slli	t5,t5,0x1e
    1c010240:	4300ff2f          	.insn	4, 0x4300ff2f
    1c010244:	09c6d80f          	.insn	4, 0x09c6d80f
    1c010248:	d90fff2f          	.insn	4, 0xd90fff2f
    1c01024c:	c102                	sw	zero,128(sp)
    1c01024e:	8608                	.insn	2, 0x8608
    1c010250:	2179                	addiw	sp,sp,30
    1c010252:	0101                	addi	sp,sp,0
    1c010254:	08a6                	slli	a7,a7,0x9
    1c010256:	c144ff6f          	jal	t5,0x1bf5f66a
    1c01025a:	08fe                	slli	a7,a7,0x1f
    1c01025c:	40c1ff2f          	.insn	4, 0x40c1ff2f
    1c010260:	c005                	beqz	s0,0x1c010280
    1c010262:	1e00                	addi	s0,sp,816
    1c010264:	7004                	ld	s1,32(s0)
    1c010266:	9009                	srli	s0,s0,0x22
    1c010268:	e1e0                	sd	s0,192(a1)
    1c01026a:	8629                	srai	a2,a2,0xa
    1c01026c:	0cc2                	slli	s9,s9,0x10
    1c01026e:	0060                	addi	s0,sp,12
    1c010270:	730c                	ld	a1,32(a4)
    1c010272:	70ad                	lui	ra,0xfffeb
    1c010274:	900347cb          	fnmsub.s	fa5,ft6,ft0,fs2,rmm
    1c010278:	e03e                	sd	a5,0(sp)
    1c01027a:	b7a0                	fsd	fs0,104(a5)
    1c01027c:	135c1f9b          	.insn	4, 0x135c1f9b
    1c010280:	1f9c                	addi	a5,sp,1008
    1c010282:	135c                	addi	a5,sp,420
    1c010284:	1fe6                	slli	t6,t6,0x39
    1c010286:	9f84                	.insn	2, 0x9f84
    1c010288:	0000                	unimp
    1c01028a:	ffff                	.insn	2, 0xffff
    1c01028c:	1ff2                	slli	t6,t6,0x3c
    1c01028e:	9045                	srli	s0,s0,0x31
    1c010290:	1fe4                	addi	s1,sp,1020
    1c010292:	9045                	srli	s0,s0,0x31
    1c010294:	960e                	add	a2,a2,gp
    1c010296:	0e0e                	slli	t3,t3,0x3
    1c010298:	712cfeef          	jal	t4,0x1c0df9aa
    1c01029c:	c100                	sw	s0,0(a0)
    1c01029e:	c201                	beqz	a2,0x1c01029e
    1c0102a0:	08f2                	slli	a7,a7,0x1c
    1c0102a2:	0060                	addi	s0,sp,12
    1c0102a4:	40c1                	li	ra,16
    1c0102a6:	0962d80f          	.insn	4, 0x0962d80f
    1c0102aa:	d90fff2f          	.insn	4, 0xd90fff2f
    1c0102ae:	712cc007          	.insn	4, 0x712cc007
    1c0102b2:	1e00                	addi	s0,sp,816
    1c0102b4:	7004                	ld	s1,32(s0)
    1c0102b6:	9009                	srli	s0,s0,0x22
    1c0102b8:	e1e0                	sd	s0,192(a1)
    1c0102ba:	b7a0                	fsd	fs0,104(a5)
    1c0102bc:	0de6                	slli	s11,s11,0x19
    1c0102be:	960afeef          	jal	t4,0x1bfbf41e
    1c0102c2:	8e58                	.insn	2, 0x8e58
    1c0102c4:	8602                	jr	a2
    1c0102c6:	080a                	slli	a6,a6,0x2
    1c0102c8:	0060                	addi	s0,sp,12
    1c0102ca:	712c                	ld	a1,96(a0)
    1c0102cc:	c100                	sw	s0,0(a0)
    1c0102ce:	c201                	beqz	a2,0x1c0102ce
    1c0102d0:	08c2                	slli	a7,a7,0x10
    1c0102d2:	0060                	addi	s0,sp,12
    1c0102d4:	40c1                	li	ra,16
    1c0102d6:	0932d80f          	.insn	4, 0x0932d80f
    1c0102da:	d90fff2f          	.insn	4, 0xd90fff2f
    1c0102de:	e805c003          	lbu	zero,-384(a1) # 0xffffffff90800e80
    1c0102e2:	082e                	slli	a6,a6,0xb
    1c0102e4:	c004ff2f          	.insn	4, 0xc004ff2f
    1c0102e8:	f011                	bnez	s0,0x1c0101ec
    1c0102ea:	c002                	sw	zero,0(sp)
    1c0102ec:	000041c3          	fmadd.s	ft3,ft0,ft0,ft0,rmm
    1c0102f0:	ffff                	.insn	2, 0xffff
    1c0102f2:	000042c3          	fmadd.s	ft5,ft0,ft0,ft0,rmm
    1c0102f6:	fffe                	sd	t6,504(sp)
    1c0102f8:	7414                	ld	a3,40(s0)
    1c0102fa:	4020                	lw	s0,64(s0)
    1c0102fc:	20ca                	fld	ft1,144(sp)
    1c0102fe:	0081                	addi	ra,ra,0 # 0xfffffffffffeb000
    1c010300:	22ca                	fld	ft5,144(sp)
    1c010302:	0041                	c.nop	16
    1c010304:	0eb2                	slli	t4,t4,0xc
    1c010306:	4320ff2f          	.insn	4, 0x4320ff2f
    1c01030a:	1600                	addi	s0,sp,800
    1c01030c:	7100                	ld	s0,32(a0)
    1c01030e:	900e                	c.add	zero,gp
    1c010310:	004c                	addi	a1,sp,4
    1c010312:	c046                	sw	a7,0(sp)
    1c010314:	900e40c3          	fmadd.s	ft1,ft8,ft0,fs2,rmm
    1c010318:	004c                	addi	a1,sp,4
    1c01031a:	9001                	srli	s0,s0,0x20
    1c01031c:	c040                	sw	s0,4(s0)
    1c01031e:	c005                	beqz	s0,0x1c01033e
    1c010320:	1e00                	addi	s0,sp,816
    1c010322:	7004                	ld	s1,32(s0)
    1c010324:	9009                	srli	s0,s0,0x22
    1c010326:	e1e0                	sd	s0,192(a1)
    1c010328:	c004                	sw	s1,0(s0)
    1c01032a:	8629                	srai	a2,a2,0xa
    1c01032c:	781b781b          	.insn	4, 0x781b781b
    1c010330:	0bfee007          	.insn	4, 0x0bfee007
    1c010334:	0060                	addi	s0,sp,12
    1c010336:	c041                	beqz	s0,0x1c0103b6
    1c010338:	8608                	.insn	2, 0x8608
    1c01033a:	0fc2                	slli	t6,t6,0x10
    1c01033c:	c104ff2f          	.insn	4, 0xc104ff2f
    1c010340:	0816                	slli	a6,a6,0x5
    1c010342:	40c1ff2f          	.insn	4, 0x40c1ff2f
    1c010346:	712c706f          	j	0x1c0d7a58
    1c01034a:	1f00                	addi	s0,sp,944
    1c01034c:	16c4                	addi	s1,sp,868
    1c01034e:	16dc1f9b          	.insn	4, 0x16dc1f9b
    1c010352:	1f9c                	addi	a5,sp,1008
    1c010354:	16dc                	addi	a5,sp,868
    1c010356:	1fe6                	slli	t6,t6,0x39
    1c010358:	9f84                	.insn	2, 0x9f84
    1c01035a:	0000                	unimp
    1c01035c:	ffff                	.insn	2, 0xffff
    1c01035e:	1ff2                	slli	t6,t6,0x3c
    1c010360:	9044                	.insn	2, 0x9044
    1c010362:	1fe4                	addi	s1,sp,1020
    1c010364:	9044                	.insn	2, 0x9044
    1c010366:	960e                	add	a2,a2,gp
    1c010368:	0d3a                	slli	s10,s10,0xe
    1c01036a:	4528feef          	jal	t4,0x1c09f7bc
    1c01036e:	c106                	sw	ra,128(sp)
    1c010370:	c200                	sw	s0,0(a2)
    1c010372:	0822                	slli	a6,a6,0x8
    1c010374:	0060                	addi	s0,sp,12
    1c010376:	40c1                	li	ra,16
    1c010378:	d90fc007          	.insn	4, 0xd90fc007
    1c01037c:	1e00                	addi	s0,sp,816
    1c01037e:	7004                	ld	s1,32(s0)
    1c010380:	9009                	srli	s0,s0,0x22
    1c010382:	e1e0                	sd	s0,192(a1)
    1c010384:	0886d80f          	.insn	4, 0x0886d80f
    1c010388:	1f00ff2f          	.insn	4, 0x1f00ff2f
    1c01038c:	16c4                	addi	s1,sp,868
    1c01038e:	8629                	srai	a2,a2,0xa
    1c010390:	0b9e                	slli	s7,s7,0x7
    1c010392:	0060                	addi	s0,sp,12
    1c010394:	c001                	beqz	s0,0x1c010394
    1c010396:	000040c3          	fmadd.s	ft1,ft0,ft0,ft0,rmm
    1c01039a:	ff00                	sd	s0,56(a4)
    1c01039c:	1fe6                	slli	t6,t6,0x39
    1c01039e:	9004                	.insn	2, 0x9004
    1c0103a0:	1ff2                	slli	t6,t6,0x3c
    1c0103a2:	9344                	.insn	2, 0x9344
    1c0103a4:	1fe4                	addi	s1,sp,1020
    1c0103a6:	9344                	.insn	2, 0x9344
    1c0103a8:	8605                	srai	a2,a2,0x1
    1c0103aa:	712c                	ld	a1,96(a0)
    1c0103ac:	7104                	ld	s1,32(a0)
    1c0103ae:	0cf6                	slli	s9,s9,0x1d
    1c0103b0:	7810feef          	jal	t4,0x1c020330
    1c0103b4:	c106                	sw	ra,128(sp)
    1c0103b6:	c200                	sw	s0,0(a2)
    1c0103b8:	0fda                	slli	t6,t6,0x16
    1c0103ba:	0020                	addi	s0,sp,8
    1c0103bc:	40c1                	li	ra,16
    1c0103be:	e806c003          	lbu	zero,-384(a3)
    1c0103c2:	c002                	sw	zero,0(sp)
    1c0103c4:	0f4a                	slli	t5,t5,0x12
    1c0103c6:	2078feef          	jal	t4,0x1c09fdcc
    1c0103ca:	0100                	addi	s0,sp,128
    1c0103cc:	8e58                	.insn	2, 0x8e58
    1c0103ce:	0efe8603          	lb	a2,239(t4) # 0xfffffffffffff0ef
    1c0103d2:	0020                	addi	s0,sp,8
    1c0103d4:	712c                	ld	a1,96(a0)
    1c0103d6:	c0a8                	sw	a0,64(s1)
    1c0103d8:	1404                	addi	s1,sp,544
    1c0103da:	c6c6341b          	.insn	4, 0xc6c6341b
    1c0103de:	78e0                	ld	s0,240(s1)
    1c0103e0:	c2e6                	sw	s9,68(sp)
    1c0103e2:	1cfc                	addi	a5,sp,636
    1c0103e4:	b6c8                	fsd	fa0,168(a3)
    1c0103e6:	2482                	fld	fs1,0(sp)
    1c0103e8:	086e3803          	ld	a6,134(t3)
    1c0103ec:	712cff2f          	.insn	4, 0x712cff2f
    1c0103f0:	1600                	addi	s0,sp,800
    1c0103f2:	80007083          	.insn	4, 0x80007083
    1c0103f6:	0004                	.insn	2, 0x0004
    1c0103f8:	c044                	sw	s1,4(s0)
    1c0103fa:	d9ffc08b          	.insn	4, 0xd9ffc08b
    1c0103fe:	0956                	slli	s2,s2,0x15
    1c010400:	dab4ffaf          	.insn	4, 0xdab4ffaf
    1c010404:	000040c3          	fmadd.s	ft1,ft0,ft0,ft0,rmm
    1c010408:	2100                	fld	fs0,0(a0)
    1c01040a:	702c                	ld	a1,96(s0)
    1c01040c:	1e00                	addi	s0,sp,816
    1c01040e:	7004                	ld	s1,32(s0)
    1c010410:	e0049003          	lh	zero,-512(s1)
    1c010414:	1e00                	addi	s0,sp,816
    1c010416:	7044                	ld	s1,160(s0)
    1c010418:	fec49003          	lh	zero,-20(s1)
    1c01041c:	ca08                	sw	a0,16(a2)
    1c01041e:	71ed                	lui	gp,0xffffb
    1c010420:	f011                	bnez	s0,0x1c010324
    1c010422:	2144                	fld	fs1,128(a0)
    1c010424:	07c2                	slli	a5,a5,0x10
    1c010426:	ea06                	sd	ra,272(sp)
    1c010428:	ba61                	j	0x1c00fdc0
    1c01042a:	0a01                	addi	s4,s4,0
    1c01042c:	0031                	c.nop	12
    1c01042e:	69417c9b          	.insn	4, 0x69417c9b
    1c010432:	219a                	fld	ft3,384(sp)
    1c010434:	0008                	.insn	2, 0x0008
    1c010436:	2105                	addiw	sp,sp,1
    1c010438:	0f81                	addi	t6,t6,0
    1c01043a:	e0c49003          	lh	zero,-500(s1)
    1c01043e:	b180                	fsd	fs0,32(a1)
    1c010440:	4140                	lw	s0,4(a0)
    1c010442:	823409e3          	beq	s0,gp,0x1c00fc74
    1c010446:	44e9                	li	s1,26
    1c010448:	231a                	fld	ft6,384(sp)
    1c01044a:	0f81                	addi	t6,t6,0
    1c01044c:	0010                	.insn	2, 0x0010
    1c01044e:	0000                	unimp
    1c010450:	c146                	sw	a7,128(sp)
    1c010452:	7916d907          	.insn	4, 0x7916d907
    1c010456:	e798c143          	.insn	4, 0xe798c143
    1c01045a:	01bc                	addi	a5,sp,200
    1c01045c:	000d                	c.nop	3
    1c01045e:	c004                	sw	s1,0(s0)
    1c010460:	2055                	.insn	2, 0x2055
    1c010462:	08c1                	addi	a7,a7,16
    1c010464:	c006                	sw	ra,0(sp)
    1c010466:	7825                	lui	a6,0xfffe9
    1c010468:	41c3781b          	.insn	4, 0x41c3781b
    1c01046c:	fe009003          	lh	zero,-32(ra)
    1c010470:	7825                	lui	a6,0xfffe9
    1c010472:	b0e0                	fsd	fs0,224(s1)
    1c010474:	000040c3          	fmadd.s	ft1,ft0,ft0,ft0,rmm
    1c010478:	2100                	fld	fs0,0(a0)
    1c01047a:	1e00                	addi	s0,sp,816
    1c01047c:	7004                	ld	s1,32(s0)
    1c01047e:	e0049003          	lh	zero,-512(s1)
    1c010482:	700c                	ld	a1,32(s0)
    1c010484:	0d7a                	slli	s10,s10,0x1e
    1c010486:	1964ffaf          	.insn	4, 0x1964ffaf
    1c01048a:	0004                	.insn	2, 0x0004
    1c01048c:	0d72                	slli	s10,s10,0x1c
    1c01048e:	d80fff8f          	.insn	4, 0xd80fff8f
    1c010492:	0f7a                	slli	t5,t5,0x1e
    1c010494:	d90ffeef          	jal	t4,0x1c00fa24
    1c010498:	730c                	ld	a1,32(a4)
    1c01049a:	0a96                	slli	s5,s5,0x5
    1c01049c:	0060                	addi	s0,sp,12
    1c01049e:	218a                	fld	ft3,128(sp)
    1c0104a0:	c0030fc7          	fmsub.s	ft11,ft6,ft0,fs8,rne
    1c0104a4:	900345cb          	fnmsub.s	fa1,ft6,ft0,fs2,rmm
    1c0104a8:	e024                	sd	s1,64(s0)
    1c0104aa:	71cd                	lui	gp,0xffff3
    1c0104ac:	b500                	fsd	fs0,40(a0)
    1c0104ae:	208a                	fld	ft1,128(sp)
    1c0104b0:	03c4                	addi	s1,sp,452
    1c0104b2:	b5c6                	fsd	fa7,232(sp)
    1c0104b4:	1dfe                	slli	s11,s11,0x3f
    1c0104b6:	9004                	.insn	2, 0x9004
    1c0104b8:	d818                	sw	a4,48(s0)
    1c0104ba:	0bea                	slli	s7,s7,0x1a
    1c0104bc:	712cfeef          	jal	t4,0x1c0dfbce
    1c0104c0:	208a                	fld	ft1,128(sp)
    1c0104c2:	0004                	.insn	2, 0x0004
    1c0104c4:	1e00                	addi	s0,sp,816
    1c0104c6:	7004                	ld	s1,32(s0)
    1c0104c8:	e0049003          	lh	zero,-512(s1)
    1c0104cc:	0f3ed80f          	.insn	4, 0x0f3ed80f
    1c0104d0:	d90ffeef          	jal	t4,0x1c00fa60
    1c0104d4:	0bced807          	.insn	4, 0x0bced807
    1c0104d8:	712cfeef          	jal	t4,0x1c0dfbea
    1c0104dc:	d90fc003          	lbu	zero,-624(t6)
    1c0104e0:	b500                	fsd	fs0,40(a0)
    1c0104e2:	b5c6d80f          	.insn	4, 0xb5c6d80f
    1c0104e6:	0f26                	slli	t5,t5,0x9
    1c0104e8:	1dfefeef          	jal	t4,0x1c0ffec6
    1c0104ec:	93c5                	srli	a5,a5,0x31
    1c0104ee:	730c                	ld	a1,32(a4)
    1c0104f0:	0bb2                	slli	s7,s7,0xc
    1c0104f2:	712cfeef          	jal	t4,0x1c0dfc04
    1c0104f6:	0f12d80f          	.insn	4, 0x0f12d80f
    1c0104fa:	d90ffeef          	jal	t4,0x1c00fa8a
    1c0104fe:	700c                	ld	a1,32(s0)
    1c010500:	712c                	ld	a1,96(a0)
    1c010502:	1d00                	addi	s0,sp,688
    1c010504:	1fc5                	addi	t6,t6,-15
    1c010506:	1d0c                	addi	a1,sp,688
    1c010508:	1fc5                	addi	t6,t6,-15
    1c01050a:	0b9a                	slli	s7,s7,0x6
    1c01050c:	1dfefeef          	jal	t4,0x1c0ffeea
    1c010510:	9004                	.insn	2, 0x9004
    1c010512:	1600                	addi	s0,sp,800
    1c010514:	7080                	ld	s0,32(s1)
    1c010516:	8000                	.insn	2, 0x8000
    1c010518:	044c                	addi	a1,sp,516
    1c01051a:	1600c047          	.insn	4, 0x1600c047
    1c01051e:	7080                	ld	s0,32(s1)
    1c010520:	8000                	.insn	2, 0x8000
    1c010522:	f06d044b          	fnmsub.s	fs0,fs10,ft6,ft10,rne
    1c010526:	706d                	c.lui	zero,0xffffb
    1c010528:	4379                	li	t1,30
    1c01052a:	710c                	ld	a1,32(a0)
    1c01052c:	c040                	sw	s0,4(s0)
    1c01052e:	f065                	bnez	s0,0x1c01050e
    1c010530:	c000                	sw	s0,0(s0)
    1c010532:	7475                	lui	s0,0xffffd
    1c010534:	20cac18b          	.insn	4, 0x20cac18b
    1c010538:	0061                	c.nop	24
    1c01053a:	c040                	sw	s0,4(s0)
    1c01053c:	265f 3480 23c0      	.insn	6, 0x23c03480265f
    1c010542:	3061                	.insn	2, 0x3061
    1c010544:	c042                	sw	a6,0(sp)
    1c010546:	6038                	ld	a4,64(s0)
    1c010548:	2014                	fld	fa3,0(s0)
    1c01054a:	02c0                	addi	s0,sp,324
    1c01054c:	c04a                	sw	s2,0(sp)
    1c01054e:	9000                	.insn	2, 0x9000
    1c010550:	e0c0                	sd	s0,128(s1)
    1c010552:	00a4                	addi	s1,sp,72
    1c010554:	0025                	c.nop	9
    1c010556:	12c7252f          	.insn	4, 0x12c7252f
    1c01055a:	261a                	fld	fa2,384(sp)
    1c01055c:	3f80                	fld	fs0,56(a5)
    1c01055e:	0000                	unimp
    1c010560:	1000                	addi	s0,sp,32
    1c010562:	c045                	beqz	s0,0x1c010602
    1c010564:	4061                	c.li	zero,24
    1c010566:	209a                	fld	ft1,384(sp)
    1c010568:	0004                	.insn	2, 0x0004
    1c01056a:	c105                	beqz	a0,0x1c01058a
    1c01056c:	7825                	lui	a6,0xfffe9
    1c01056e:	2005781b          	.insn	4, 0x2005781b
    1c010572:	0f80                	addi	s0,sp,976
    1c010574:	9002                	ebreak
    1c010576:	0064                	addi	s1,sp,12
    1c010578:	c049                	beqz	s0,0x1c0105fa
    1c01057a:	9000                	.insn	2, 0x9000
    1c01057c:	41a1                	li	gp,8
    1c01057e:	2079                	.insn	2, 0x2079
    1c010580:	0000                	unimp
    1c010582:	c048                	sw	a0,4(s0)
    1c010584:	0dda                	slli	s11,s11,0x16
    1c010586:	0020                	addi	s0,sp,8
    1c010588:	200a                	fld	ft0,128(sp)
    1c01058a:	0780                	addi	s0,sp,960
    1c01058c:	2078                	fld	fa4,192(s0)
    1c01058e:	0001                	nop
    1c010590:	c008                	sw	a0,0(s0)
    1c010592:	c300                	sw	s0,0(a4)
    1c010594:	2005                	.insn	2, 0x2005
    1c010596:	807e                	c.mv	zero,t6
    1c010598:	23ca                	fld	ft7,144(sp)
    1c01059a:	0021                	c.nop	8
    1c01059c:	26ca                	fld	fa3,144(sp)
    1c01059e:	1021                	c.nop	-24
    1c0105a0:	0d0feb23          	.insn	4, 0x0d0feb23
    1c0105a4:	10d0                	addi	a2,sp,100
    1c0105a6:	0d49                	addi	s10,s10,18 # 0xfffffffffffe1012
    1c0105a8:	1210                	addi	a2,sp,288
    1c0105aa:	0d4d                	addi	s10,s10,19
    1c0105ac:	11d1                	addi	gp,gp,-12 # 0xffffffffffff2ff4
    1c0105ae:	06c7202f          	amoadd.w.aqrl	zero,a2,(a4)
    1c0105b2:	2079                	.insn	2, 0x2079
    1c0105b4:	0000                	unimp
    1c0105b6:	205f 0100 f012      	.insn	6, 0xf0120100205f
    1c0105bc:	c102                	sw	zero,128(sp)
    1c0105be:	6881                	.insn	2, 0x6881
    1c0105c0:	623a                	ld	tp,392(sp)
    1c0105c2:	7a14                	ld	a3,48(a2)
    1c0105c4:	209a                	fld	ft1,384(sp)
    1c0105c6:	0004                	.insn	2, 0x0004
    1c0105c8:	c105                	beqz	a0,0x1c0105e8
    1c0105ca:	7825                	lui	a6,0xfffe9
    1c0105cc:	2005781b          	.insn	4, 0x2005781b
    1c0105d0:	0f80                	addi	s0,sp,976
    1c0105d2:	9002                	ebreak
    1c0105d4:	0064                	addi	s1,sp,12
    1c0105d6:	9000                	.insn	2, 0x9000
    1c0105d8:	b200                	fsd	fs0,32(a2)
    1c0105da:	4081                	li	ra,0
    1c0105dc:	0be1                	addi	s7,s7,24
    1c0105de:	9025                	srli	s0,s0,0x29
    1c0105e0:	c340c28b          	.insn	4, 0xc340c28b
    1c0105e4:	f008                	sd	a0,32(s0)
    1c0105e6:	700c                	ld	a1,32(s0)
    1c0105e8:	c040                	sw	s0,4(s0)
    1c0105ea:	f006                	sd	ra,32(sp)
    1c0105ec:	c009                	beqz	s0,0x1c0105ee
    1c0105ee:	9020                	.insn	2, 0x9020
    1c0105f0:	c00a                	sw	sp,0(sp)
    1c0105f2:	b020                	fsd	fs0,96(s0)
    1c0105f4:	7165                	addi	sp,sp,-400
    1c0105f6:	0b3d                	addi	s6,s6,15
    1c0105f8:	9214                	.insn	2, 0x9214
    1c0105fa:	c001                	beqz	s0,0x1c0105fa
    1c0105fc:	7104                	ld	s1,32(a0)
    1c0105fe:	c041                	beqz	s0,0x1c01067e
    1c010600:	c001                	beqz	s0,0x1c010600
    1c010602:	c007790f          	.insn	4, 0xc007790f
    1c010606:	80650823          	sb	t1,-2032(a0) # 0x6810
    1c01060a:	260a                	fld	fa2,128(sp)
    1c01060c:	3040                	fld	fs0,160(s0)
    1c01060e:	71e5                	lui	gp,0xffff9
    1c010610:	70d5                	lui	ra,0xffff5
    1c010612:	f324                	sd	s1,96(a4)
    1c010614:	1600                	addi	s0,sp,800
    1c010616:	7080                	ld	s0,32(s1)
    1c010618:	8000                	.insn	2, 0x8000
    1c01061a:	0000                	unimp
    1c01061c:	1600                	addi	s0,sp,800
    1c01061e:	8000708f          	.insn	4, 0x8000708f
    1c010622:	b8c3044b          	fnmsub.s	fs0,ft6,fa2,fs7,rne
    1c010626:	c042                	sw	a6,0(sp)
    1c010628:	79aff033          	.insn	4, 0x79aff033
    1c01062c:	0d32                	slli	s10,s10,0xc
    1c01062e:	0020                	addi	s0,sp,8
    1c010630:	40c1                	li	ra,16
    1c010632:	265fe82b          	.insn	4, 0x265fe82b
    1c010636:	1480                	addi	s0,sp,608
    1c010638:	2440                	fld	fs0,136(s0)
    1c01063a:	41c33b1b          	.insn	4, 0x41c33b1b
    1c01063e:	00020047          	fmsub.s	ft0,ft4,ft0,ft0,rne
    1c010642:	42c1                	li	t0,16
    1c010644:	2300                	fld	fs0,0(a4)
    1c010646:	23f4301b          	.insn	4, 0x23f4301b
    1c01064a:	3340                	fld	fs0,160(a4)
    1c01064c:	43a1                	li	t2,8
    1c01064e:	089a                	slli	a7,a7,0x6
    1c010650:	20bcfeef          	jal	t4,0x1c0e005a
    1c010654:	0001                	nop
    1c010656:	c004                	sw	s1,0(s0)
    1c010658:	261a                	fld	fa2,384(sp)
    1c01065a:	1f81                	addi	t6,t6,-32
    1c01065c:	0000                	unimp
    1c01065e:	1000                	addi	s0,sp,32
    1c010660:	23f4                	fld	fa3,192(a5)
    1c010662:	3342                	fld	ft6,48(sp)
    1c010664:	2054                	fld	fa3,128(s0)
    1c010666:	0d00                	addi	s0,sp,656
    1c010668:	7905                	lui	s2,0xfffe1
    1c01066a:	40a1                	li	ra,8
    1c01066c:	209a                	fld	ft1,384(sp)
    1c01066e:	0004                	.insn	2, 0x0004
    1c010670:	7825                	lui	a6,0xfffe9
    1c010672:	2005781b          	.insn	4, 0x2005781b
    1c010676:	0f81                	addi	t6,t6,0
    1c010678:	9002                	ebreak
    1c01067a:	0000                	unimp
    1c01067c:	c002                	sw	zero,0(sp)
    1c01067e:	6058                	ld	a4,128(s0)
    1c010680:	2049                	.insn	2, 0x2049
    1c010682:	0fc0                	addi	s0,sp,980
    1c010684:	b100                	fsd	fs0,32(a0)
    1c010686:	71a5                	lui	gp,0xfffe9
    1c010688:	92140da3          	sb	ra,-1733(s0) # 0xffffffffffffc93b
    1c01068c:	71e5                	lui	gp,0xffff9
    1c01068e:	1600                	addi	s0,sp,800
    1c010690:	7080                	ld	s0,32(s1)
    1c010692:	8000                	.insn	2, 0x8000
    1c010694:	044c                	addi	a1,sp,516
    1c010696:	08f17eef          	jal	t4,0x1c027f24
    1c01069a:	83a5                	srli	a5,a5,0x9
    1c01069c:	70ad                	lui	ra,0xfffeb
    1c01069e:	2480                	fld	fs0,8(s1)
    1c0106a0:	14043803          	ld	a6,320(s0)
    1c0106a4:	c6c6341b          	.insn	4, 0xc6c6341b
    1c0106a8:	c2e6                	sw	s9,68(sp)
    1c0106aa:	1cfc                	addi	a5,sp,636
    1c0106ac:	b6c8                	fsd	fa0,168(a3)
    1c0106ae:	2482                	fld	fs1,0(sp)
    1c0106b0:	390a                	fld	fs2,160(sp)
    1c0106b2:	c042                	sw	a6,0(sp)
    1c0106b4:	1600                	addi	s0,sp,800
    1c0106b6:	7080                	ld	s0,32(s1)
    1c0106b8:	8000                	.insn	2, 0x8000
    1c0106ba:	0004                	.insn	2, 0x0004
    1c0106bc:	004a41c3          	fmadd.s	ft3,fs4,ft4,ft0,rmm
    1c0106c0:	0000                	unimp
    1c0106c2:	201a                	fld	ft0,384(sp)
    1c0106c4:	0f80                	addi	s0,sp,976
    1c0106c6:	0020                	addi	s0,sp,8
    1c0106c8:	0000                	unimp
    1c0106ca:	2005                	.insn	2, 0x2005
    1c0106cc:	0f80                	addi	s0,sp,976
    1c0106ce:	9002                	ebreak
    1c0106d0:	0086                	slli	ra,ra,0x1
    1c0106d2:	9000                	.insn	2, 0x9000
    1c0106d4:	2084                	fld	fs1,0(s1)
    1c0106d6:	0001                	nop
    1c0106d8:	781d                	lui	a6,0xfffe7
    1c0106da:	781d                	lui	a6,0xfffe7
    1c0106dc:	781d                	lui	a6,0xfffe7
    1c0106de:	781d                	lui	a6,0xfffe7
    1c0106e0:	781d                	lui	a6,0xfffe7
    1c0106e2:	781d                	lui	a6,0xfffe7
    1c0106e4:	0802                	c.slli	a6,0x0
    1c0106e6:	2052feef          	jal	t4,0x1c0400ea
    1c0106ea:	0000                	unimp
    1c0106ec:	0cce                	slli	s9,s9,0x13
    1c0106ee:	700cff0f          	.insn	4, 0x700cff0f
    1c0106f2:	1e00                	addi	s0,sp,816
    1c0106f4:	7005                	c.lui	zero,0xfffe1
    1c0106f6:	e0049003          	lh	zero,-512(s1)
    1c0106fa:	1e00                	addi	s0,sp,816
    1c0106fc:	7004                	ld	s1,32(s0)
    1c0106fe:	ff689003          	lh	zero,-10(a7)
    1c010702:	ca0a                	sw	sp,20(sp)
    1c010704:	714c                	ld	a1,160(a0)
    1c010706:	208c                	fld	fa1,0(s1)
    1c010708:	f40f8fc3          	.insn	4, 0xf40f8fc3
    1c01070c:	1600                	addi	s0,sp,800
    1c01070e:	7080                	ld	s0,32(s1)
    1c010710:	8000                	.insn	2, 0x8000
    1c010712:	0000                	unimp
    1c010714:	b8e5                	j	0x1c01000c
    1c010716:	f207d8ff 70801600 	.insn	20, 0x2144c10230021a0a0448800070801600f207d8ff
    1c01071e:	04488000 30021a0a 
    1c010726:	2144c102 
    1c01072a:	414007c3          	fmadd.s	fa5,ft0,fs4,fs0,rne
    1c01072e:	eb06                	sd	ra,400(sp)
    1c010730:	bb61                	j	0x1c0104c8
    1c010732:	0b01                	addi	s6,s6,0
    1c010734:	0031                	c.nop	12
    1c010736:	c145793b          	.insn	4, 0xc145793b
    1c01073a:	1600                	addi	s0,sp,800
    1c01073c:	7081                	lui	ra,0xfffe0
    1c01073e:	8000                	.insn	2, 0x8000
    1c010740:	0448                	addi	a0,sp,516
    1c010742:	0325                	addi	t1,t1,9
    1c010744:	0020                	addi	s0,sp,8
    1c010746:	2139                	addiw	sp,sp,14
    1c010748:	0000                	unimp
    1c01074a:	c005                	beqz	s0,0x1c01076a
    1c01074c:	0cde780f          	.insn	4, 0x0cde780f
    1c010750:	c046ffaf          	.insn	4, 0xc046ffaf
    1c010754:	c002                	sw	zero,0(sp)
    1c010756:	ed06780f          	.insn	4, 0xed06780f
    1c01075a:	0c8a                	slli	s9,s9,0x2
    1c01075c:	702cffef          	jal	t6,0x1c0dfe5e
    1c010760:	000002fb          	.insn	4, 0x02fb
    1c010764:	712c                	ld	a1,96(a0)
    1c010766:	0cf2                	slli	s9,s9,0x1c
    1c010768:	70adfeef          	jal	t4,0x1c0efe72
    1c01076c:	1600                	addi	s0,sp,800
    1c01076e:	8000709b          	.insn	4, 0x8000709b
    1c010772:	0004                	.insn	2, 0x0004
    1c010774:	2400c043          	.insn	4, 0x2400c043
    1c010778:	3f80                	fld	fs0,56(a5)
    1c01077a:	0000                	unimp
    1c01077c:	0248                	addi	a0,sp,260
    1c01077e:	702c                	ld	a1,96(s0)
    1c010780:	0dd2                	slli	s11,s11,0x14
    1c010782:	da5aff6f          	jal	t5,0x1bfc0526
    1c010786:	2400                	fld	fs0,8(s0)
    1c010788:	3f80                	fld	fs0,56(a5)
    1c01078a:	0000                	unimp
    1c01078c:	0194                	addi	a3,sp,192
    1c01078e:	0dc6                	slli	s11,s11,0x11
    1c010790:	dab4ff6f          	jal	t5,0x1bf6053a
    1c010794:	0ea6                	slli	t4,t4,0x9
    1c010796:	208aff2f          	.insn	4, 0x208aff2f
    1c01079a:	0b04                	addi	s1,sp,400
    1c01079c:	0e1e                	slli	t3,t3,0x7
    1c01079e:	c044ff2f          	.insn	4, 0xc044ff2f
    1c0107a2:	1e00                	addi	s0,sp,816
    1c0107a4:	7344                	ld	s1,160(a4)
    1c0107a6:	fec49003          	lh	zero,-20(s1)
    1c0107aa:	ca08                	sw	a0,16(a2)
    1c0107ac:	c040                	sw	s0,4(s0)
    1c0107ae:	4200f013          	andi	zero,ra,1056
    1c0107b2:	2544                	fld	fs1,136(a0)
    1c0107b4:	17c0                	addi	s0,sp,996
    1c0107b6:	6d21                	lui	s10,0x8
    1c0107b8:	259a                	fld	fa1,384(sp)
    1c0107ba:	1008                	addi	a0,sp,32
    1c0107bc:	e805                	bnez	s0,0x1c0107ec
    1c0107be:	b861                	j	0x1c010056
    1c0107c0:	08ff 8031 7a5b 2505 	.insn	10, 0x1f8025057a5b803108ff
    1c0107c8:	1f80 
    1c0107ca:	e0c49003          	lh	zero,-500(s1)
    1c0107ce:	b040                	fsd	fs0,160(s0)
    1c0107d0:	4528                	lw	a0,72(a0)
    1c0107d2:	0de1                	addi	s11,s11,24
    1c0107d4:	9234                	.insn	2, 0x9234
    1c0107d6:	710c                	ld	a1,32(a0)
    1c0107d8:	d880                	sw	s0,48(s1)
    1c0107da:	b88e                	fsd	ft3,112(sp)
    1c0107dc:	1e00                	addi	s0,sp,816
    1c0107de:	7004                	ld	s1,32(s0)
    1c0107e0:	e0049003          	lh	zero,-512(s1)
    1c0107e4:	231a                	fld	ft6,384(sp)
    1c0107e6:	3f80                	fld	fs0,56(a5)
    1c0107e8:	0020                	addi	s0,sp,8
    1c0107ea:	0000                	unimp
    1c0107ec:	900547cb          	fnmsub.s	fa5,fa0,ft0,fs2,rmm
    1c0107f0:	e1c6                	sd	a7,192(sp)
    1c0107f2:	2005                	.insn	2, 0x2005
    1c0107f4:	0f81                	addi	t6,t6,0
    1c0107f6:	fe869003          	lh	zero,-24(a3)
    1c0107fa:	2005                	.insn	2, 0x2005
    1c0107fc:	0f80                	addi	s0,sp,976
    1c0107fe:	9002                	ebreak
    1c010800:	0086                	slli	ra,ra,0x1
    1c010802:	9000                	.insn	2, 0x9000
    1c010804:	b8a0                	fsd	fs0,112(s1)
    1c010806:	b100                	fsd	fs0,32(a0)
    1c010808:	1600                	addi	s0,sp,800
    1c01080a:	710d                	addi	sp,sp,-352
    1c01080c:	9004                	.insn	2, 0x9004
    1c01080e:	01c6                	slli	gp,gp,0x11
    1c010810:	d80a                	sw	sp,48(sp)
    1c010812:	bdc9                	j	0x1c0106e4
    1c010814:	12ce254f          	fnmadd.d	fa0,ft8,fa2,ft2,rdn
    1c010818:	0a6e                	slli	s4,s4,0x1b
    1c01081a:	b7c0ff6f          	jal	t5,0x1bf1fb96
    1c01081e:	2505                	addiw	a0,a0,1
    1c010820:	1f80                	addi	s0,sp,1008
    1c010822:	0000                	unimp
    1c010824:	0c00                	addi	s0,sp,528
    1c010826:	b700                	fsd	fs0,40(a4)
    1c010828:	0a5e                	slli	s4,s4,0x17
    1c01082a:	d80aff6f          	jal	t5,0x1bfbfdaa
    1c01082e:	d80a                	sw	sp,48(sp)
    1c010830:	0a56                	slli	s4,s4,0x15
    1c010832:	b7c0ff6f          	jal	t5,0x1bf1fbae
    1c010836:	1600                	addi	s0,sp,800
    1c010838:	90027103          	.insn	4, 0x90027103
    1c01083c:	01c8                	addi	a0,sp,196
    1c01083e:	b7a0                	fsd	fs0,104(a5)
    1c010840:	c000                	sw	s0,0(s0)
    1c010842:	228a                	fld	ft5,128(sp)
    1c010844:	7a640f0f          	.insn	4, 0x7a640f0f
    1c010848:	7c16dc07          	.insn	4, 0x7c16dc07
    1c01084c:	228c                	fld	fa1,0(a3)
    1c01084e:	d93f8f03          	lb	t5,-621(t6)
    1c010852:	f746                	sd	a7,424(sp)
    1c010854:	2384                	fld	fs1,0(a5)
    1c010856:	797d0f03          	lb	t5,1943(s10) # 0x8797
    1c01085a:	793d                	lui	s2,0xfffef
    1c01085c:	231a                	fld	ft6,384(sp)
    1c01085e:	3f80                	fld	fs0,56(a5)
    1c010860:	0010                	.insn	2, 0x0010
    1c010862:	0000                	unimp
    1c010864:	70ad                	lui	ra,0xfffeb
    1c010866:	c003c047          	fmsub.s	ft0,ft7,ft0,fs8,rmm
    1c01086a:	2055781b          	.insn	4, 0x2055781b
    1c01086e:	0d00                	addi	s0,sp,656
    1c010870:	2005                	.insn	2, 0x2005
    1c010872:	0f80                	addi	s0,sp,976
    1c010874:	fe009003          	lh	zero,-32(ra) # 0xfffffffffffeafe0
    1c010878:	b020                	fsd	fs0,96(s0)
    1c01087a:	900341c3          	fmadd.s	ft3,ft6,ft0,fs2,rmm
    1c01087e:	e024                	sd	s1,64(s0)
    1c010880:	208a                	fld	ft1,128(sp)
    1c010882:	03c4                	addi	s1,sp,452
    1c010884:	b180                	fsd	fs0,32(a1)
    1c010886:	190c                	addi	a1,sp,176
    1c010888:	0045                	c.nop	17
    1c01088a:	19fe                	slli	s3,s3,0x3f
    1c01088c:	8004                	.insn	2, 0x8004
    1c01088e:	f091                	bnez	s1,0x1c010792
    1c010890:	2055c003          	lbu	zero,517(a1)
    1c010894:	08c1                	addi	a7,a7,16
    1c010896:	7825c007          	.insn	4, 0x7825c007
    1c01089a:	2005781b          	.insn	4, 0x2005781b
    1c01089e:	0f80                	addi	s0,sp,976
    1c0108a0:	fe009003          	lh	zero,-32(ra)
    1c0108a4:	b0a0                	fsd	fs0,96(s1)
    1c0108a6:	0b62d80f          	.insn	4, 0x0b62d80f
    1c0108aa:	d90ffeef          	jal	t4,0x1c00fe3a
    1c0108ae:	900346cb          	fnmsub.s	fa3,ft6,ft0,fs2,rmm
    1c0108b2:	fe64                	sd	s1,248(a2)
    1c0108b4:	094a                	slli	s2,s2,0x12
    1c0108b6:	1e00ffaf          	.insn	4, 0x1e00ffaf
    1c0108ba:	1005                	c.nop	-31
    1c0108bc:	0942                	slli	s2,s2,0x10
    1c0108be:	09c6ff8f          	.insn	4, 0x09c6ff8f
    1c0108c2:	c004ff6f          	jal	t5,0x1bf5fcc2
    1c0108c6:	710c                	ld	a1,32(a0)
    1c0108c8:	0e66                	slli	t3,t3,0x19
    1c0108ca:	0020                	addi	s0,sp,8
    1c0108cc:	218a                	fld	ft3,128(sp)
    1c0108ce:	d8200fc7          	fmsub.s	ft11,ft0,ft2,fs11,rne
    1c0108d2:	0fd2                	slli	t6,t6,0x14
    1c0108d4:	712cfeaf          	.insn	4, 0x712cfeaf
    1c0108d8:	702cc08b          	.insn	4, 0x702cc08b
    1c0108dc:	09f2                	slli	s3,s3,0x1c
    1c0108de:	0020                	addi	s0,sp,8
    1c0108e0:	714c                	ld	a1,160(a0)
    1c0108e2:	0b26d80f          	.insn	4, 0x0b26d80f
    1c0108e6:	d90ffeef          	jal	t4,0x1c00fe76
    1c0108ea:	0912d87f b600ffaf 	.insn	20, 0x730cc004ff6f0992ff8f090eb600ffaf0912d87f
    1c0108f2:	ff8f090e ff6f0992 
    1c0108fa:	730cc004 
    1c0108fe:	0e32                	slli	t3,t3,0xc
    1c010900:	0020                	addi	s0,sp,8
    1c010902:	218a                	fld	ft3,128(sp)
    1c010904:	d8200fc7          	fmsub.s	ft11,ft0,ft2,fs11,rne
    1c010908:	0f9a                	slli	t6,t6,0x6
    1c01090a:	712cfeaf          	.insn	4, 0x712cfeaf
    1c01090e:	2455                	addiw	s0,s0,21
    1c010910:	3e00                	fld	fs0,56(a2)
    1c010912:	702c                	ld	a1,96(s0)
    1c010914:	09ba                	slli	s3,s3,0xe
    1c010916:	0020                	addi	s0,sp,8
    1c010918:	714c                	ld	a1,160(a0)
    1c01091a:	1600                	addi	s0,sp,800
    1c01091c:	8000708b          	.insn	4, 0x8000708b
    1c010920:	235f044b          	fnmsub.d	fs0,ft10,fs5,ft4,rne
    1c010924:	1240                	addi	s0,sp,292
    1c010926:	c088f03b          	.insn	4, 0xc088f03b
    1c01092a:	702c                	ld	a1,96(s0)
    1c01092c:	0c26                	slli	s8,s8,0x9
    1c01092e:	da09ff6f          	jal	t5,0x1bfafece
    1c010932:	c600                	sw	s0,8(a2)
    1c010934:	708d                	lui	ra,0xfffe3
    1c010936:	f02e                	sd	a1,32(sp)
    1c010938:	208478db          	.insn	4, 0x208478db
    1c01093c:	c18b0f87          	.insn	4, 0xc18b0f87
    1c010940:	2135                	addiw	sp,sp,13
    1c010942:	001f 2455 3e01      	.insn	6, 0x3e012455001f
    1c010948:	2135                	addiw	sp,sp,13
    1c01094a:	001e                	c.slli	zero,0x7
    1c01094c:	275f 1241 2602      	.insn	6, 0x26021241275f
    1c010952:	37c0                	fld	fs0,168(a5)
    1c010954:	2048                	fld	fa0,128(s0)
    1c010956:	0002                	c.slli	zero,0x0
    1c010958:	c088                	sw	a0,0(s1)
    1c01095a:	6098                	ld	a4,0(s1)
    1c01095c:	a840                	fsd	fs0,144(s0)
    1c01095e:	2400                	fld	fs0,8(s0)
    1c010960:	3f80                	fld	fs0,56(a5)
    1c010962:	0000                	unimp
    1c010964:	0248                	addi	a0,sp,260
    1c010966:	6038                	ld	a4,64(s0)
    1c010968:	6098                	ld	a4,0(s1)
    1c01096a:	8820                	.insn	2, 0x8820
    1c01096c:	09217b4f          	fnmadd.s	fs6,ft2,fs2,ft1
    1c010970:	00c5                	addi	ra,ra,17 # 0xfffffffffffe3011
    1c010972:	275f 1481 a840      	.insn	6, 0xa8401481275f
    1c010978:	2400                	fld	fs0,8(s0)
    1c01097a:	3f80                	fld	fs0,56(a5)
    1c01097c:	0000                	unimp
    1c01097e:	0194                	addi	a3,sp,192
    1c010980:	6038                	ld	a4,64(s0)
    1c010982:	2700                	fld	fs0,8(a4)
    1c010984:	3781                	addiw	a5,a5,-32
    1c010986:	7894                	ld	a3,48(s1)
    1c010988:	793d                	lui	s2,0xfffef
    1c01098a:	b020                	fsd	fs0,96(s0)
    1c01098c:	7185                	lui	gp,0xfffe1
    1c01098e:	71c5                	lui	gp,0xffff1
    1c010990:	0ca9                	addi	s9,s9,10
    1c010992:	9214                	.insn	2, 0x9214
    1c010994:	c000                	sw	s0,0(s0)
    1c010996:	7165                	addi	sp,sp,-400
    1c010998:	e009                	bnez	s0,0x1c01099a
    1c01099a:	c040                	sw	s0,4(s0)
    1c01099c:	1600                	addi	s0,sp,800
    1c01099e:	7080                	ld	s0,32(s1)
    1c0109a0:	8000                	.insn	2, 0x8000
    1c0109a2:	044c                	addi	a1,sp,516
    1c0109a4:	12c7272f          	.insn	4, 0x12c7272f
    1c0109a8:	0881                	addi	a7,a7,0
    1c0109aa:	83c5                	srli	a5,a5,0x11
    1c0109ac:	74a5                	lui	s1,0xfffe9
    1c0109ae:	e59f 06e0 ffc5      	.insn	6, 0xffc506e0e59f
    1c0109b4:	1600                	addi	s0,sp,800
    1c0109b6:	8000708f          	.insn	4, 0x8000708f
    1c0109ba:	f047044b          	fnmsub.s	fs0,fa4,ft4,ft10,rne
    1c0109be:	265f 1240 2400      	.insn	6, 0x24001240265f
    1c0109c4:	3f81                	addiw	t6,t6,-32
    1c0109c6:	0000                	unimp
    1c0109c8:	0248                	addi	a0,sp,260
    1c0109ca:	265f 149b c040      	.insn	6, 0xc040149b265f
    1c0109d0:	6038                	ld	a4,64(s0)
    1c0109d2:	8820                	.insn	2, 0x8820
    1c0109d4:	a828                	fsd	fa0,80(s0)
    1c0109d6:	2400                	fld	fs0,8(s0)
    1c0109d8:	3f80                	fld	fs0,56(a5)
    1c0109da:	0000                	unimp
    1c0109dc:	0194                	addi	a3,sp,192
    1c0109de:	90207063          	bgeu	zero,sp,0x1c00fade
    1c0109e2:	b028                	fsd	fa0,96(s0)
    1c0109e4:	f030                	sd	a2,96(s0)
    1c0109e6:	097679af          	.insn	4, 0x097679af
    1c0109ea:	0020                	addi	s0,sp,8
    1c0109ec:	40c1                	li	ra,16
    1c0109ee:	c000e82b          	.insn	4, 0xc000e82b
    1c0109f2:	2400                	fld	fs0,8(s0)
    1c0109f4:	3f81                	addiw	t6,t6,-32
    1c0109f6:	0000                	unimp
    1c0109f8:	0248                	addi	a0,sp,260
    1c0109fa:	42c1                	li	t0,16
    1c0109fc:	6038                	ld	a4,64(s0)
    1c0109fe:	60a8                	ld	a0,64(s1)
    1c010a00:	003e41c3          	fmadd.s	ft3,ft8,ft3,ft0,rmm
    1c010a04:	0002                	c.slli	zero,0x0
    1c010a06:	0ce2                	slli	s9,s9,0x18
    1c010a08:	43a1feaf          	.insn	4, 0x43a1feaf
    1c010a0c:	43a1                	li	t2,8
    1c010a0e:	261a                	fld	fa2,384(sp)
    1c010a10:	1f80                	addi	s0,sp,1008
    1c010a12:	0000                	unimp
    1c010a14:	2000                	fld	fs0,0(s0)
    1c010a16:	239a                	fld	ft7,384(sp)
    1c010a18:	0008                	.insn	2, 0x0008
    1c010a1a:	2400                	fld	fs0,8(s0)
    1c010a1c:	3f82                	fld	ft11,32(sp)
    1c010a1e:	0000                	unimp
    1c010a20:	0194                	addi	a3,sp,192
    1c010a22:	22f47263          	bgeu	s0,a5,0x1c010c46
    1c010a26:	0341                	addi	t1,t1,16
    1c010a28:	7b05                	lui	s6,0xfffe1
    1c010a2a:	900240c3          	fmadd.s	ft1,ft4,ft0,fs2,rmm
    1c010a2e:	0080                	addi	s0,sp,64
    1c010a30:	2305                	addiw	t1,t1,1
    1c010a32:	000c                	.insn	2, 0x000c
    1c010a34:	b420                	fsd	fs0,104(s0)
    1c010a36:	2042                	fld	ft0,16(sp)
    1c010a38:	0800                	addi	s0,sp,16
    1c010a3a:	7b05                	lui	s6,0xfffe1
    1c010a3c:	22f4                	fld	fa3,192(a3)
    1c010a3e:	0340                	addi	s0,sp,388
    1c010a40:	b300                	fsd	fs0,32(a4)
    1c010a42:	71a5                	lui	gp,0xfffe9
    1c010a44:	92540da3          	sb	t0,-1733(s0)
    1c010a48:	71e5                	lui	gp,0xffff9
    1c010a4a:	1600                	addi	s0,sp,800
    1c010a4c:	7080                	ld	s0,32(s1)
    1c010a4e:	8000                	.insn	2, 0x8000
    1c010a50:	044c                	addi	a1,sp,516
    1c010a52:	086b7eef          	jal	t4,0x1c0c7ad8
    1c010a56:	83a5                	srli	a5,a5,0x9
    1c010a58:	70ad                	lui	ra,0xfffeb
    1c010a5a:	0f96                	slli	t6,t6,0x5
    1c010a5c:	c006ff2f          	.insn	4, 0xc006ff2f
    1c010a60:	c001                	beqz	s0,0x1c010a60
    1c010a62:	7104                	ld	s1,32(a0)
    1c010a64:	c041                	beqz	s0,0x1c010ae4
    1c010a66:	c001                	beqz	s0,0x1c010a66
    1c010a68:	72b57d0f          	.insn	4, 0x72b57d0f
    1c010a6c:	04de                	slli	s1,s1,0x17
    1c010a6e:	ffe5                	bnez	a5,0x1c010a66
    1c010a70:	712c                	ld	a1,96(a0)
    1c010a72:	2480                	fld	fs0,8(s1)
    1c010a74:	390a                	fld	fs2,160(sp)
    1c010a76:	1404                	addi	s1,sp,544
    1c010a78:	c6c6341b          	.insn	4, 0xc6c6341b
    1c010a7c:	c0e6                	sw	s9,64(sp)
    1c010a7e:	800043c3          	fmadd.s	ft7,ft0,ft0,fa6,rmm
    1c010a82:	0440                	addi	s0,sp,516
    1c010a84:	8b8c8bab          	.insn	4, 0x8b8c8bab
    1c010a88:	251f 108f f01b      	.insn	6, 0xf01b108f251f
    1c010a8e:	251a                	fld	fa0,384(sp)
    1c010a90:	1f9e                	slli	t6,t6,0x27
    1c010a92:	0000                	unimp
    1c010a94:	1000                	addi	s0,sp,32
    1c010a96:	239a                	fld	ft7,384(sp)
    1c010a98:	0004                	.insn	2, 0x0004
    1c010a9a:	2114                	fld	fa3,0(a0)
    1c010a9c:	038e                	slli	t2,t2,0x3
    1c010a9e:	2605                	addiw	a2,a2,1
    1c010aa0:	301e                	fld	ft0,480(sp)
    1c010aa2:	2305                	addiw	t1,t1,1
    1c010aa4:	7b7b0783          	lb	a5,1975(s6) # 0xfffffffffffe17b7
    1c010aa8:	bb91                	j	0x1c0107fc
    1c010aaa:	bb9c                	fsd	fa5,48(a5)
    1c010aac:	bb9f 9360 71e5      	.insn	6, 0x71e59360bb9f
    1c010ab2:	7165                	addi	sp,sp,-400
    1c010ab4:	b660                	fsd	fs0,232(a2)
    1c010ab6:	02c7232f          	amoadd.w.rl	t1,a2,(a4)
    1c010aba:	80a40bd7          	.insn	4, 0x80a40bd7
    1c010abe:	7ef0                	ld	a2,248(a3)
    1c010ac0:	71a5                	lui	gp,0xfffe9
    1c010ac2:	93650cf7          	.insn	4, 0x93650cf7
    1c010ac6:	706d                	c.lui	zero,0xffffb
    1c010ac8:	c4c6                	sw	a7,72(sp)
    1c010aca:	78e0                	ld	s0,240(s1)
    1c010acc:	c2e6                	sw	s9,68(sp)
    1c010ace:	1cfc                	addi	a5,sp,636
    1c010ad0:	b6c8                	fsd	fa0,168(a3)
    1c010ad2:	800045cb          	fnmsub.s	fa1,ft0,ft0,fa6,rmm
    1c010ad6:	0440                	addi	s0,sp,516
    1c010ad8:	43388d8b          	.insn	4, 0x43388d8b
    1c010adc:	4718                	lw	a4,8(a4)
    1c010ade:	706d                	c.lui	zero,0xffffb
    1c010ae0:	710c                	ld	a1,32(a0)
    1c010ae2:	ea0d                	bnez	a2,0x1c010b14
    1c010ae4:	245f 1243 0a1b      	.insn	6, 0x0a1b1243245f
    1c010aea:	00b1                	addi	ra,ra,12 # 0xfffffffffffeb00c
    1c010aec:	d908                	sw	a0,48(a0)
    1c010aee:	e308                	sd	a0,0(a4)
    1c010af0:	d809                	beqz	s0,0x1c010a02
    1c010af2:	71ed                	lui	gp,0xffffb
    1c010af4:	234a                	fld	ft6,144(sp)
    1c010af6:	1200                	addi	s0,sp,288
    1c010af8:	f006                	sd	ra,32(sp)
    1c010afa:	74ed7b9b          	.insn	4, 0x74ed7b9b
    1c010afe:	742c                	ld	a1,104(s0)
    1c010b00:	f002                	sd	zero,32(sp)
    1c010b02:	71ed                	lui	gp,0xffffb
    1c010b04:	150c                	addi	a1,sp,672
    1c010b06:	109e                	slli	ra,ra,0x27
    1c010b08:	45c9f023          	.insn	4, 0x45c9f023
    1c010b0c:	259a                	fld	fa1,384(sp)
    1c010b0e:	1008                	addi	a0,sp,32
    1c010b10:	241a                	fld	fs0,384(sp)
    1c010b12:	1f82                	slli	t6,t6,0x20
    1c010b14:	0000                	unimp
    1c010b16:	2000                	fld	fs0,0(s0)
    1c010b18:	7aa5                	lui	s5,0xfffe9
    1c010b1a:	2205                	addiw	tp,tp,1 # 0x1
    1c010b1c:	0f82                	c.slli	t6,0x0
    1c010b1e:	9002                	ebreak
    1c010b20:	0064                	addi	s1,sp,12
    1c010b22:	0b1f 3030 9a40      	.insn	6, 0x9a4030300b1f
    1c010b28:	258a                	fld	fa1,128(sp)
    1c010b2a:	7d441fcf          	.insn	4, 0x7d441fcf
    1c010b2e:	7a5d                	lui	s4,0xffff7
    1c010b30:	7a5d                	lui	s4,0xffff7
    1c010b32:	7a5d                	lui	s4,0xffff7
    1c010b34:	7a5d                	lui	s4,0xffff7
    1c010b36:	7a5d                	lui	s4,0xffff7
    1c010b38:	2284                	fld	fs1,0(a3)
    1c010b3a:	081f 62ba 2714      	.insn	6, 0x271462ba081f
    1c010b40:	30cd                	addiw	ra,ra,-13
    1c010b42:	b540                	fsd	fs0,168(a0)
    1c010b44:	66fe                	ld	a3,472(sp)
    1c010b46:	09c3631b          	.insn	4, 0x09c3631b
    1c010b4a:	8385                	srli	a5,a5,0x1
    1c010b4c:	7185                	lui	gp,0xfffe1
    1c010b4e:	0efd                	addi	t4,t4,31
    1c010b50:	b325                	j	0x1c010878
    1c010b52:	4669                	li	a2,26
    1c010b54:	1404                	addi	s1,sp,544
    1c010b56:	c6c6341b          	.insn	4, 0xc6c6341b
    1c010b5a:	78e0                	ld	s0,240(s1)
    1c010b5c:	c0f1                	beqz	s1,0x1c010c20
    1c010b5e:	e188                	sd	a0,0(a1)
    1c010b60:	0918                	addi	a4,sp,144
    1c010b62:	fec1                	bnez	a3,0x1c010afa
    1c010b64:	21ca                	fld	ft3,144(sp)
    1c010b66:	0001                	nop
    1c010b68:	f211                	bnez	a2,0x1c010a6c
    1c010b6a:	714c                	ld	a1,160(a0)
    1c010b6c:	2032                	fld	ft0,264(sp)
    1c010b6e:	0f80                	addi	s0,sp,976
    1c010b70:	8000                	.insn	2, 0x8000
    1c010b72:	06c8                	addi	a0,sp,836
    1c010b74:	2144                	fld	fs1,128(a0)
    1c010b76:	414007c3          	fmadd.s	fa5,ft0,fs4,fs0,rne
    1c010b7a:	eb06                	sd	ra,400(sp)
    1c010b7c:	bb61                	j	0x1c010914
    1c010b7e:	0b01                	addi	s6,s6,0
    1c010b80:	0031                	c.nop	12
    1c010b82:	7904793b          	.insn	4, 0x7904793b
    1c010b86:	2178                	fld	fa4,192(a0)
    1c010b88:	0001                	nop
    1c010b8a:	c0d1                	beqz	s1,0x1c010c0e
    1c010b8c:	7fe0                	ld	s0,248(a5)
    1c010b8e:	8819782f          	.insn	4, 0x8819782f
    1c010b92:	7314b863          	.insn	4, 0x7314b863
    1c010b96:	20e0                	fld	fs0,192(s1)
    1c010b98:	07cd                	addi	a5,a5,19
    1c010b9a:	900e40c3          	fmadd.s	ft1,ft8,ft0,fs2,rmm
    1c010b9e:	1e4c                	addi	a1,sp,820
    1c010ba0:	b020                	fsd	fs0,96(s0)
    1c010ba2:	7fe0                	ld	s0,248(a5)
    1c010ba4:	b041                	j	0x1c010424
    1c010ba6:	78e0                	ld	s0,240(s1)
    1c010ba8:	c2e2                	sw	s8,68(sp)
    1c010baa:	900545cb          	fnmsub.s	fa1,fa0,ft0,fs2,rmm
    1c010bae:	e000                	sd	s0,0(s0)
    1c010bb0:	d820                	sw	s0,112(s0)
    1c010bb2:	0ed6                	slli	t4,t4,0x15
    1c010bb4:	1d00ff2f          	.insn	4, 0x1d00ff2f
    1c010bb8:	1045                	c.nop	-15
    1c010bba:	1d00                	addi	s0,sp,688
    1c010bbc:	1005                	c.nop	-31
    1c010bbe:	c6c2                	sw	a6,76(sp)
    1c010bc0:	c2e6                	sw	s9,68(sp)
    1c010bc2:	1cfc                	addi	a5,sp,636
    1c010bc4:	b6c8                	fsd	fa0,168(a3)
    1c010bc6:	2482                	fld	fs1,0(sp)
    1c010bc8:	3a02                	fld	fs4,32(sp)
    1c010bca:	c140                	sw	s0,4(a0)
    1c010bcc:	c041                	beqz	s0,0x1c010c4c
    1c010bce:	1600                	addi	s0,sp,800
    1c010bd0:	7100                	ld	s0,32(a0)
    1c010bd2:	9004                	.insn	2, 0x9004
    1c010bd4:	00aa                	slli	ra,ra,0xa
    1c010bd6:	800041c3          	fmadd.s	ft3,ft0,ft0,fa6,rmm
    1c010bda:	0588                	addi	a0,sp,704
    1c010bdc:	da84                	sw	s1,48(a3)
    1c010bde:	c042                	sw	a6,0(sp)
    1c010be0:	1e00                	addi	s0,sp,816
    1c010be2:	7085                	lui	ra,0xfffe1
    1c010be4:	9005                	srli	s0,s0,0x21
    1c010be6:	e0aa                	sd	a0,64(sp)
    1c010be8:	1600                	addi	s0,sp,800
    1c010bea:	8000709b          	.insn	4, 0x8000709b
    1c010bee:	0004                	.insn	2, 0x0004
    1c010bf0:	0aa2                	slli	s5,s5,0x8
    1c010bf2:	c089feaf          	.insn	4, 0xc089feaf
    1c010bf6:	c089                	beqz	s1,0x1c010bf8
    1c010bf8:	0dae                	slli	s11,s11,0xb
    1c010bfa:	00a0                	addi	s0,sp,72
    1c010bfc:	d984                	sw	s1,48(a1)
    1c010bfe:	080ad80f          	.insn	4, 0x080ad80f
    1c010c02:	d90ffeef          	jal	t4,0x1c010192
    1c010c06:	0dfa                	slli	s11,s11,0x1e
    1c010c08:	712cff4f          	fnmadd.s	ft10,fs9,fs2,fa4
    1c010c0c:	900340c3          	fmadd.s	ft1,ft6,ft0,fs2,rmm
    1c010c10:	e024                	sd	s1,64(s0)
    1c010c12:	228a                	fld	ft5,128(sp)
    1c010c14:	0044                	addi	s1,sp,4
    1c010c16:	b020                	fsd	fs0,96(s0)
    1c010c18:	b026                	fsd	fs1,32(sp)
    1c010c1a:	18fe                	slli	a7,a7,0x3f
    1c010c1c:	8084                	.insn	2, 0x8084
    1c010c1e:	c001                	beqz	s0,0x1c010c1e
    1c010c20:	2044                	fld	fs1,128(s0)
    1c010c22:	07c2                	slli	a5,a5,0x10
    1c010c24:	4020                	lw	s0,64(s0)
    1c010c26:	ea06                	sd	ra,272(sp)
    1c010c28:	ba61                	j	0x1c0105c0
    1c010c2a:	0a01                	addi	s4,s4,0 # 0xffffffffffff7000
    1c010c2c:	0031                	c.nop	12
    1c010c2e:	7d0f781b          	.insn	4, 0x7d0f781b
    1c010c32:	40a1                	li	ra,8
    1c010c34:	0b5e                	slli	s6,s6,0x17
    1c010c36:	00a0                	addi	s0,sp,72
    1c010c38:	702c                	ld	a1,96(s0)
    1c010c3a:	d830                	sw	a2,112(s0)
    1c010c3c:	0c66                	slli	s8,s8,0x19
    1c010c3e:	712cfeaf          	.insn	4, 0x712cfeaf
    1c010c42:	0cde                	slli	s9,s9,0x17
    1c010c44:	700cfecf          	fnmadd.s	ft9,fs9,ft0,fa4
    1c010c48:	f005                	bnez	s0,0x1c010b68
    1c010c4a:	6119                	addi	sp,sp,384
    1c010c4c:	1900                	addi	s0,sp,176
    1c010c4e:	71040fc3          	fmadd.s	ft11,fs0,fa6,fa4,rne
    1c010c52:	853408fb          	.insn	4, 0x853408fb
    1c010c56:	c184                	sw	s1,0(a1)
    1c010c58:	700c                	ld	a1,32(s0)
    1c010c5a:	0c4a                	slli	s8,s8,0x12
    1c010c5c:	712cfeaf          	.insn	4, 0x712cfeaf
    1c010c60:	0faad80f          	.insn	4, 0x0faad80f
    1c010c64:	d90ffeaf          	.insn	4, 0xd90ffeaf
    1c010c68:	40a1                	li	ra,8
    1c010c6a:	0b2a                	slli	s6,s6,0xa
    1c010c6c:	00a0                	addi	s0,sp,72
    1c010c6e:	712c                	ld	a1,96(a0)
    1c010c70:	231a                	fld	ft6,384(sp)
    1c010c72:	00103f9b          	.insn	4, 0x00103f9b
    1c010c76:	0000                	unimp
    1c010c78:	208a                	fld	ft1,128(sp)
    1c010c7a:	46cb0fc7          	.insn	4, 0x46cb0fc7
    1c010c7e:	e1749003          	lh	zero,-489(s1) # 0xfffffffffffe8e17
    1c010c82:	70ad                	lui	ra,0xfffeb
    1c010c84:	800047cb          	fnmsub.s	fa5,ft0,ft0,fa6,rmm
    1c010c88:	0440                	addi	s0,sp,516
    1c010c8a:	b600                	fsd	fs0,40(a2)
    1c010c8c:	b601                	j	0x1c01078c
    1c010c8e:	1e59                	addi	t3,t3,-10
    1c010c90:	935c                	.insn	2, 0x935c
    1c010c92:	1c0c                	addi	a1,sp,560
    1c010c94:	36c0                	fld	fs0,168(a3)
    1c010c96:	0d85                	addi	s11,s11,1
    1c010c98:	1a35                	addi	s4,s4,-19
    1c010c9a:	700c                	ld	a1,32(s0)
    1c010c9c:	0c06                	slli	s8,s8,0x1
    1c010c9e:	712cfeaf          	.insn	4, 0x712cfeaf
    1c010ca2:	170a                	slli	a4,a4,0x22
    1c010ca4:	109e                	slli	ra,ra,0x27
    1c010ca6:	8f69                	and	a4,a4,a0
    1c010ca8:	f02e706f          	j	0x1bff83aa
    1c010cac:	10c2232f          	.insn	4, 0x10c2232f
    1c010cb0:	2344                	fld	fs1,128(a4)
    1c010cb2:	0041                	c.nop	16
    1c010cb4:	0966                	slli	s2,s2,0x19
    1c010cb6:	202fff2f          	.insn	4, 0x202fff2f
    1c010cba:	e82302c7          	fmsub.s	ft5,ft6,ft2,ft9,rne
    1c010cbe:	211a                	fld	ft2,384(sp)
    1c010cc0:	0f81                	addi	t6,t6,0
    1c010cc2:	0000                	unimp
    1c010cc4:	0800                	addi	s0,sp,16
    1c010cc6:	231a                	fld	ft6,384(sp)
    1c010cc8:	1f82                	slli	t6,t6,0x20
    1c010cca:	0000                	unimp
    1c010ccc:	2000                	fld	fs0,0(s0)
    1c010cce:	7a25                	lui	s4,0xfffe9
    1c010cd0:	2205                	addiw	tp,tp,1 # 0x1
    1c010cd2:	0f80                	addi	s0,sp,976
    1c010cd4:	9002                	ebreak
    1c010cd6:	0166                	slli	sp,sp,0x19
    1c010cd8:	9000                	.insn	2, 0x9000
    1c010cda:	2079                	.insn	2, 0x2079
    1c010cdc:	000c                	.insn	2, 0x000c
    1c010cde:	c084                	sw	s1,0(s1)
    1c010ce0:	6078                	ld	a4,192(s0)
    1c010ce2:	8820                	.insn	2, 0x8820
    1c010ce4:	7985793b          	.insn	4, 0x7985793b
    1c010ce8:	a820                	fsd	fs0,80(s0)
    1c010cea:	80be2153          	.insn	4, 0x80be2153
    1c010cee:	2205                	addiw	tp,tp,1 # 0x1
    1c010cf0:	0f81                	addi	t6,t6,0
    1c010cf2:	9002                	ebreak
    1c010cf4:	0064                	addi	s1,sp,12
    1c010cf6:	9100                	.insn	2, 0x9100
    1c010cf8:	f205                	bnez	a2,0x1c010c18
    1c010cfa:	2080                	fld	fs0,0(s1)
    1c010cfc:	0010                	.insn	2, 0x0010
    1c010cfe:	b100716f          	jal	sp,0x1bf1800e
    1c010d02:	7164                	ld	s1,224(a0)
    1c010d04:	0ea9                	addi	t4,t4,10
    1c010d06:	b0e5                	j	0x1c0105ee
    1c010d08:	0f02d80f          	.insn	4, 0x0f02d80f
    1c010d0c:	d90ffeaf          	.insn	4, 0xd90ffeaf
    1c010d10:	b0310b87          	.insn	4, 0xb0310b87
    1c010d14:	71a5                	lui	gp,0xfffe9
    1c010d16:	41c3706f          	j	0x1c048132
    1c010d1a:	006e                	c.slli	zero,0x1b
    1c010d1c:	0000                	unimp
    1c010d1e:	09ca                	slli	s3,s3,0x12
    1c010d20:	2378feaf          	.insn	4, 0x2378feaf
    1c010d24:	3000                	fld	fs0,32(s0)
    1c010d26:	700c                	ld	a1,32(s0)
    1c010d28:	b600                	fsd	fs0,40(a2)
    1c010d2a:	0bf6                	slli	s7,s7,0x1d
    1c010d2c:	b601feef          	jal	t4,0x1bf3008c
    1c010d30:	900340c3          	fmadd.s	ft1,ft6,ft0,fs2,rmm
    1c010d34:	e164                	sd	s1,192(a0)
    1c010d36:	1800                	addi	s0,sp,48
    1c010d38:	00c5                	addi	ra,ra,17 # 0xfffffffffffeb011
    1c010d3a:	1800b88b          	.insn	4, 0x1800b88b
    1c010d3e:	00c5                	addi	ra,ra,17
    1c010d40:	d820                	sw	s0,112(s0)
    1c010d42:	0b62                	slli	s6,s6,0x18
    1c010d44:	712cfeaf          	.insn	4, 0x712cfeaf
    1c010d48:	c000                	sw	s0,0(s0)
    1c010d4a:	712c                	ld	a1,96(a0)
    1c010d4c:	0d82                	c.slli	s11,0x0
    1c010d4e:	704cffef          	jal	t6,0x1c0e0452
    1c010d52:	8f6a                	mv	t5,s10
    1c010d54:	8f29                	xor	a4,a4,a0
    1c010d56:	c000f00b          	.insn	4, 0xc000f00b
    1c010d5a:	20f4                	fld	fa3,192(s1)
    1c010d5c:	0040                	addi	s0,sp,4
    1c010d5e:	2042                	fld	ft0,16(sp)
    1c010d60:	0802                	c.slli	a6,0x0
    1c010d62:	c000                	sw	s0,0(s0)
    1c010d64:	7834                	ld	a3,112(s0)
    1c010d66:	b040                	fsd	fs0,160(s0)
    1c010d68:	7124                	ld	s1,96(a0)
    1c010d6a:	0bf1                	addi	s7,s7,28
    1c010d6c:	8045                	srli	s0,s0,0x11
    1c010d6e:	c001                	beqz	s0,0x1c010d6e
    1c010d70:	0ee6                	slli	t4,t4,0x19
    1c010d72:	712cfeaf          	.insn	4, 0x712cfeaf
    1c010d76:	2055c103          	lbu	sp,517(a1)
    1c010d7a:	0800                	addi	s0,sp,16
    1c010d7c:	714c                	ld	a1,160(a0)
    1c010d7e:	7825                	lui	a6,0xfffe9
    1c010d80:	c100                	sw	s0,0(a0)
    1c010d82:	0c82                	c.slli	s9,0x0
    1c010d84:	00a0                	addi	s0,sp,72
    1c010d86:	716c                	ld	a1,224(a0)
    1c010d88:	700c                	ld	a1,32(s0)
    1c010d8a:	1e00                	addi	s0,sp,816
    1c010d8c:	7004                	ld	s1,32(s0)
    1c010d8e:	e0049003          	lh	zero,-512(s1)
    1c010d92:	1e00                	addi	s0,sp,816
    1c010d94:	7004                	ld	s1,32(s0)
    1c010d96:	9005                	srli	s0,s0,0x21
    1c010d98:	e076                	sd	t4,0(sp)
    1c010d9a:	c002                	sw	zero,0(sp)
    1c010d9c:	1e00                	addi	s0,sp,816
    1c010d9e:	7004                	ld	s1,32(s0)
    1c010da0:	9005                	srli	s0,s0,0x21
    1c010da2:	e0aa                	sd	a0,64(sp)
    1c010da4:	0e06                	slli	t3,t3,0x1
    1c010da6:	2480ffcf          	.insn	4, 0x2480ffcf
    1c010daa:	3a02                	fld	fs4,32(sp)
    1c010dac:	1404                	addi	s1,sp,544
    1c010dae:	c6c6341b          	.insn	4, 0xc6c6341b
    1c010db2:	78e0                	ld	s0,240(s1)
    1c010db4:	9020                	.insn	2, 0x9020
    1c010db6:	2104                	fld	fs1,0(a0)
    1c010db8:	0f81                	addi	t6,t6,0
    1c010dba:	0000                	unimp
    1c010dbc:	fef4                	sd	a3,248(a3)
    1c010dbe:	2185                	addiw	gp,gp,1 # 0xfffffffffffe9001
    1c010dc0:	0044                	addi	s1,sp,4
    1c010dc2:	7fe0                	ld	s0,248(a5)
    1c010dc4:	b020                	fsd	fs0,96(s0)
    1c010dc6:	78e0                	ld	s0,240(s1)
    1c010dc8:	c2e2                	sw	s8,68(sp)
    1c010dca:	0a0e                	slli	s4,s4,0x3
    1c010dcc:	256ffecf          	.insn	4, 0x256ffecf
    1c010dd0:	95601343          	.insn	4, 0x95601343
    1c010dd4:	da20                	sw	s0,112(a2)
    1c010dd6:	d940                	sw	s0,52(a0)
    1c010dd8:	238c                	fld	fa1,0(a5)
    1c010dda:	85ca                	mv	a1,s2
    1c010ddc:	22ca                	fld	ft5,144(sp)
    1c010dde:	0c2d                	addi	s8,s8,11
    1c010de0:	238c                	fld	fa1,0(a5)
    1c010de2:	89d0                	.insn	2, 0x89d0
    1c010de4:	22ca                	fld	ft5,144(sp)
    1c010de6:	004d                	c.nop	19
    1c010de8:	238c                	fld	fa1,0(a5)
    1c010dea:	8fd8                	.insn	2, 0x8fd8
    1c010dec:	d950                	sw	a2,52(a0)
    1c010dee:	22ca                	fld	ft5,144(sp)
    1c010df0:	004d                	c.nop	19
    1c010df2:	218a                	fld	ft3,128(sp)
    1c010df4:	05ca                	slli	a1,a1,0x12
    1c010df6:	213c                	fld	fa5,64(a0)
    1c010df8:	00c1                	addi	ra,ra,16
    1c010dfa:	238c                	fld	fa1,0(a5)
    1c010dfc:	89d0                	.insn	2, 0x89d0
    1c010dfe:	21ca                	fld	ft3,144(sp)
    1c010e00:	00ad                	addi	ra,ra,11
    1c010e02:	238c                	fld	fa1,0(a5)
    1c010e04:	8fd8                	.insn	2, 0x8fd8
    1c010e06:	21ca                	fld	ft3,144(sp)
    1c010e08:	00ed                	addi	ra,ra,27
    1c010e0a:	000073d3          	fadd.s	ft7,ft0,ft0
    1c010e0e:	095f 21ca 012d      	.insn	6, 0x012d21ca095f
    1c010e14:	2105                	addiw	sp,sp,1
    1c010e16:	008c                	addi	a1,sp,64
    1c010e18:	15fe                	slli	a1,a1,0x3f
    1c010e1a:	9081                	srli	s1,s1,0x20
    1c010e1c:	205a                	fld	ft0,400(sp)
    1c010e1e:	0400                	addi	s0,sp,512
    1c010e20:	211a                	fld	ft2,384(sp)
    1c010e22:	00200f83          	lb	t6,2(zero) # 0x2
    1c010e26:	0000                	unimp
    1c010e28:	900441c3          	fmadd.s	ft3,fs0,ft0,fs2,rmm
    1c010e2c:	00f8                	addi	a4,sp,76
    1c010e2e:	2004                	fld	fs1,0(s0)
    1c010e30:	0f80                	addi	s0,sp,976
    1c010e32:	0000                	unimp
    1c010e34:	1ff0                	addi	a2,sp,1020
    1c010e36:	b881                	j	0x1c010686
    1c010e38:	2305                	addiw	t1,t1,1
    1c010e3a:	0042                	c.slli	zero,0x10
    1c010e3c:	7224                	ld	s1,96(a2)
    1c010e3e:	7965                	lui	s2,0xffff9
    1c010e40:	b280                	fsd	fs0,32(a3)
    1c010e42:	b100                	fsd	fs0,32(a0)
    1c010e44:	c6c2                	sw	a6,76(sp)
    1c010e46:	78e0                	ld	s0,240(s1)
    1c010e48:	7ee0                	ld	s0,248(a3)
    1c010e4a:	78e0                	ld	s0,240(s1)
    1c010e4c:	900843c3          	fmadd.s	ft7,fa6,ft0,fs2,rmm
    1c010e50:	01ea                	slli	gp,gp,0x1a
    1c010e52:	9340                	.insn	2, 0x9340
    1c010e54:	209a                	fld	ft1,384(sp)
    1c010e56:	0004                	.insn	2, 0x0004
    1c010e58:	2000                	fld	fs0,0(s0)
    1c010e5a:	0f80                	addi	s0,sp,976
    1c010e5c:	0000                	unimp
    1c010e5e:	fb00                	sd	s0,48(a4)
    1c010e60:	2204                	fld	fs1,0(a2)
    1c010e62:	0f82                	c.slli	t6,0x0
    1c010e64:	0000                	unimp
    1c010e66:	c0ff 7845 9341 b300 	.insn	18, 0x7fe078250140226cb965b30093417845c0ff
    1c010e6e:	b965 226c 0140 7825 
    1c010e76:	7fe0 
    1c010e78:	b301                	j	0x1c010b78
    1c010e7a:	78e0                	ld	s0,240(s1)
    1c010e7c:	c2e6                	sw	s9,68(sp)
    1c010e7e:	15c3266f          	jal	a2,0x1c042fda
    1c010e82:	8e40                	.insn	2, 0x8e40
    1c010e84:	4508                	lw	a0,8(a0)
    1c010e86:	0fc6ea17          	auipc	s4,0xfc6e
    1c010e8a:	4040feef          	jal	t4,0x1c02028e
    1c010e8e:	4708                	lw	a0,8(a4)
    1c010e90:	41c3e887          	.insn	4, 0x41c3e887
    1c010e94:	00d6                	slli	ra,ra,0x15
    1c010e96:	0001                	nop
    1c010e98:	084e                	slli	a6,a6,0x13
    1c010e9a:	700cfeaf          	.insn	4, 0x700cfeaf
    1c010e9e:	40e1                	li	ra,24
    1c010ea0:	209a                	fld	ft1,384(sp)
    1c010ea2:	0001                	nop
    1c010ea4:	7f05                	lui	t5,0xfffe1
    1c010ea6:	200578bb          	.insn	4, 0x200578bb
    1c010eaa:	0f80                	addi	s0,sp,976
    1c010eac:	fe929003          	lh	zero,-23(t0)
    1c010eb0:	b0e0                	fsd	fs0,224(s1)
    1c010eb2:	908216ff 785bea1b 	.insn	12, 0xfeef0f96785bea1b908216ff
    1c010eba:	feef0f96 
    1c010ebe:	228c780f          	.insn	4, 0x228c780f
    1c010ec2:	f2088fc3          	fmadd.d	ft11,fa7,ft0,ft10,rne
    1c010ec6:	e889                	bnez	s1,0x1c010ed8
    1c010ec8:	00d741c3          	fmadd.s	ft3,fa4,fa3,ft0,rmm
    1c010ecc:	0001                	nop
    1c010ece:	081a                	slli	a6,a6,0x6
    1c010ed0:	700cfeaf          	.insn	4, 0x700cfeaf
    1c010ed4:	700c                	ld	a1,32(s0)
    1c010ed6:	4100                	lw	s0,0(a0)
    1c010ed8:	219a                	fld	ft3,384(sp)
    1c010eda:	0001                	nop
    1c010edc:	7825                	lui	a6,0xfffe9
    1c010ede:	210579bb          	.insn	4, 0x210579bb
    1c010ee2:	0f81                	addi	t6,t6,0
    1c010ee4:	fe9a9003          	lh	zero,-23(s5) # 0xfffffffffffe8fe9
    1c010ee8:	b100                	fsd	fs0,32(a0)
    1c010eea:	c6c6                	sw	a7,76(sp)
    1c010eec:	c0f1                	beqz	s1,0x1c010fb0
    1c010eee:	1600                	addi	s0,sp,800
    1c010ef0:	7082                	ld	ra,32(sp)
    1c010ef2:	8000                	.insn	2, 0x8000
    1c010ef4:	0009                	c.nop	2
    1c010ef6:	ea1a                	sd	t1,272(sp)
    1c010ef8:	0a300a23          	sb	gp,180(zero) # 0xb4
    1c010efc:	720c                	ld	a1,32(a2)
    1c010efe:	228c                	fld	fa1,0(a3)
    1c010f00:	f20c8c03          	lb	s8,-224(s9)
    1c010f04:	e2f8                	sd	a4,192(a3)
    1c010f06:	f404                	sd	s1,40(s0)
    1c010f08:	710c                	ld	a1,32(a0)
    1c010f0a:	f009                	bnez	s0,0x1c010e0c
    1c010f0c:	00d841c3          	fmadd.s	ft3,fa6,fa3,ft0,rmm
    1c010f10:	0001                	nop
    1c010f12:	0fd6                	slli	t6,t6,0x15
    1c010f14:	700cfe6f          	jal	t3,0x1c0e0614
    1c010f18:	700c                	ld	a1,32(s0)
    1c010f1a:	205f 0401 7825      	.insn	6, 0x78250401205f
    1c010f20:	1e00                	addi	s0,sp,816
    1c010f22:	7004                	ld	s1,32(s0)
    1c010f24:	9005                	srli	s0,s0,0x21
    1c010f26:	e0a0                	sd	s0,64(s1)
    1c010f28:	c0d1                	beqz	s1,0x1c010fac
    1c010f2a:	7ee0                	ld	s0,248(a3)
    1c010f2c:	c0e6                	sw	s9,64(sp)
    1c010f2e:	260a                	fld	fa2,128(sp)
    1c010f30:	3040                	fld	fs0,160(s0)
    1c010f32:	4100                	lw	s0,0(a0)
    1c010f34:	700c                	ld	a1,32(s0)
    1c010f36:	900342c3          	fmadd.s	ft5,ft6,ft0,fs2,rmm
    1c010f3a:	ff64                	sd	s1,248(a4)
    1c010f3c:	b200                	fsd	fs0,32(a2)
    1c010f3e:	1a04                	addi	s1,sp,304
    1c010f40:	0045                	c.nop	17
    1c010f42:	800042c3          	fmadd.s	ft5,ft0,ft0,fa6,rmm
    1c010f46:	0440                	addi	s0,sp,516
    1c010f48:	120c                	addi	a1,sp,288
    1c010f4a:	8aeb008b          	.insn	4, 0x8aeb008b
    1c010f4e:	2732f03f 80001f82 	.insn	8, 0x80001f822732f03f
    1c010f56:	06c8                	addi	a0,sp,836
    1c010f58:	2606                	fld	fa2,64(sp)
    1c010f5a:	308d                	addiw	ra,ra,-29
    1c010f5c:	228c7aaf          	.insn	4, 0x228c7aaf
    1c010f60:	f4198fc3          	.insn	4, 0xf4198fc3
    1c010f64:	271a                	fld	fa4,384(sp)
    1c010f66:	00001f83          	lh	t6,0(zero) # 0x0
    1c010f6a:	2000                	fld	fs0,0(s0)
    1c010f6c:	900242c3          	fmadd.s	ft5,ft4,ft0,fs2,rmm
    1c010f70:	1f64                	addi	s1,sp,956
    1c010f72:	2305                	addiw	t1,t1,1
    1c010f74:	008c                	addi	a1,sp,64
    1c010f76:	7444                	ld	s1,168(s0)
    1c010f78:	7a65                	lui	s4,0xffff9
    1c010f7a:	b420                	fsd	fs0,104(s0)
    1c010f7c:	0e4d                	addi	t3,t3,19
    1c010f7e:	b200323f 900342c3 	.insn	8, 0x900342c3b200323f
    1c010f86:	f164                	sd	s1,224(a0)
    1c010f88:	1a00                	addi	s0,sp,304
    1c010f8a:	0005                	c.nop	1
    1c010f8c:	1a04                	addi	s1,sp,304
    1c010f8e:	0045                	c.nop	17
    1c010f90:	f01c                	sd	a5,32(s0)
    1c010f92:	708d                	lui	ra,0xfffe3
    1c010f94:	f015                	bnez	s0,0x1c010eb8
    1c010f96:	f754                	sd	a3,168(a4)
    1c010f98:	4381                	li	t2,0
    1c010f9a:	271a                	fld	fa4,384(sp)
    1c010f9c:	1f82                	slli	t6,t6,0x20
    1c010f9e:	0000                	unimp
    1c010fa0:	2000                	fld	fs0,0(s0)
    1c010fa2:	239a                	fld	ft7,384(sp)
    1c010fa4:	0008                	.insn	2, 0x0008
    1c010fa6:	7b45                	lui	s6,0xffff1
    1c010fa8:	900242c3          	fmadd.s	ft5,ft4,ft0,fs2,rmm
    1c010fac:	0164                	addi	s1,sp,140
    1c010fae:	2305                	addiw	t1,t1,1
    1c010fb0:	008e                	slli	ra,ra,0x3
    1c010fb2:	7444                	ld	s1,168(s0)
    1c010fb4:	7b45                	lui	s6,0xffff1
    1c010fb6:	b620                	fsd	fs0,104(a2)
    1c010fb8:	1b00                	addi	s0,sp,432
    1c010fba:	0005                	c.nop	1
    1c010fbc:	7185                	lui	gp,0xfffe1
    1c010fbe:	ed06                	sd	ra,152(sp)
    1c010fc0:	92740cd7          	.insn	4, 0x92740cd7
    1c010fc4:	9342252f          	.insn	4, 0x9342252f
    1c010fc8:	71e5                	lui	gp,0xffff9
    1c010fca:	0b89                	addi	s7,s7,2
    1c010fcc:	93c5                	srli	a5,a5,0x31
    1c010fce:	c4c6                	sw	a7,72(sp)
    1c010fd0:	900442c3          	fmadd.s	ft5,fs0,ft0,fs2,rmm
    1c010fd4:	0110                	addi	a2,sp,128
    1c010fd6:	9200                	.insn	2, 0x9200
    1c010fd8:	0101204f          	fnmadd.s	ft0,ft2,fa6,ft0,rdn
    1c010fdc:	b8a4                	fsd	fs1,112(s1)
    1c010fde:	b220                	fsd	fs0,96(a2)
    1c010fe0:	7fe0                	ld	s0,248(a5)
    1c010fe2:	b200                	fsd	fs0,32(a2)
    1c010fe4:	c2e6                	sw	s9,68(sp)
    1c010fe6:	1cfc                	addi	a5,sp,636
    1c010fe8:	b6c8                	fsd	fa0,168(a3)
    1c010fea:	2482                	fld	fs1,0(sp)
    1c010fec:	3309                	addiw	t1,t1,-30
    1c010fee:	0843216f          	jal	sp,0x1c043072
    1c010ff2:	4608                	lw	a0,8(a2)
    1c010ff4:	8900                	.insn	2, 0x8900
    1c010ff6:	11f1                	addi	gp,gp,-4 # 0xffffffffffff8ffc
    1c010ff8:	12098083          	lb	ra,288(s3)
    1c010ffc:	c04b308b          	.insn	4, 0xc04b308b
    1c011000:	11f4                	addi	a3,sp,236
    1c011002:	8080                	.insn	2, 0x8080
    1c011004:	702c                	ld	a1,96(s0)
    1c011006:	dab4                	sw	a3,112(a3)
    1c011008:	c045                	beqz	s0,0x1c0110a8
    1c01100a:	0d4a                	slli	s10,s10,0x12
    1c01100c:	2455ff2f          	.insn	4, 0x2455ff2f
    1c011010:	3e40                	fld	fs0,184(a2)
    1c011012:	c08c                	sw	a1,0(s1)
    1c011014:	0d3e                	slli	s10,s10,0xf
    1c011016:	dab4ff2f          	.insn	4, 0xdab4ff2f
    1c01101a:	2678                	fld	fa4,200(a2)
    1c01101c:	1140                	addi	s0,sp,164
    1c01101e:	c046                	sw	a7,0(sp)
    1c011020:	1080264f          	fnmadd.s	fa2,ft0,fs0,ft2,rdn
    1c011024:	2078                	fld	fa4,192(s0)
    1c011026:	0101                	addi	sp,sp,0
    1c011028:	c006                	sw	ra,0(sp)
    1c01102a:	bbe2                	fsd	fs8,496(sp)
    1c01102c:	71ad                	lui	gp,0xfffeb
    1c01102e:	7905                	lui	s2,0xfffe1
    1c011030:	2678                	fld	fa4,200(a2)
    1c011032:	10c0                	addi	s0,sp,100
    1c011034:	7825                	lui	a6,0xfffe9
    1c011036:	2679c047          	.insn	4, 0x2679c047
    1c01103a:	1180                	addi	s0,sp,224
    1c01103c:	c049                	beqz	s0,0x1c0110be
    1c01103e:	2642                	fld	fa2,16(sp)
    1c011040:	1240                	addi	s0,sp,292
    1c011042:	c048                	sw	a0,4(s0)
    1c011044:	c005                	beqz	s0,0x1c011064
    1c011046:	25ca                	fld	fa1,144(sp)
    1c011048:	13e1                	addi	t2,t2,-8
    1c01104a:	2378                	fld	fa4,192(a4)
    1c01104c:	201a101b          	.insn	4, 0x201a101b
    1c011050:	0f80                	addi	s0,sp,976
    1c011052:	0010                	.insn	2, 0x0010
    1c011054:	0000                	unimp
    1c011056:	c04a                	sw	s2,0(sp)
    1c011058:	700c                	ld	a1,32(s0)
    1c01105a:	4308                	lw	a0,0(a4)
    1c01105c:	f080c043          	fmadd.s	ft0,ft1,fs0,ft10,rmm
    1c011060:	0bf6c003          	lbu	zero,191(a3)
    1c011064:	c107feaf          	.insn	4, 0xc107feaf
    1c011068:	c044                	sw	s1,4(s0)
    1c01106a:	c00bc103          	lbu	sp,-1024(s7)
    1c01106e:	006e08eb          	.insn	4, 0x006e08eb
    1c011072:	dab4                	sw	a3,112(a3)
    1c011074:	41c3c003          	lbu	zero,1052(t2)
    1c011078:	8000                	.insn	2, 0x8000
    1c01107a:	0448                	addi	a0,sp,516
    1c01107c:	a900                	fsd	fs0,16(a0)
    1c01107e:	2456                	fld	fs0,336(sp)
    1c011080:	3cc0                	fld	fs0,184(s1)
    1c011082:	0cd2                	slli	s9,s9,0x14
    1c011084:	702cff2f          	.insn	4, 0x702cff2f
    1c011088:	11f50e3b          	.insn	4, 0x11f50e3b
    1c01108c:	70ed                	lui	ra,0xffffb
    1c01108e:	2025                	.insn	2, 0x2025
    1c011090:	0380                	addi	s0,sp,448
    1c011092:	f01c                	sd	a5,32(s0)
    1c011094:	f021                	bnez	s0,0x1c010fd4
    1c011096:	f028                	sd	a0,96(s0)
    1c011098:	f004f02b          	.insn	4, 0xf004f02b
    1c01109c:	f002                	sd	zero,32(sp)
    1c01109e:	f02d                	bnez	s0,0x1c011000
    1c0110a0:	c08c                	sw	a1,0(s1)
    1c0110a2:	c042                	sw	a6,0(sp)
    1c0110a4:	2455                	addiw	s0,s0,21
    1c0110a6:	3e40                	fld	fs0,184(a2)
    1c0110a8:	c041                	beqz	s0,0x1c011128
    1c0110aa:	2456                	fld	fs0,336(sp)
    1c0110ac:	3cc0                	fld	fs0,184(s1)
    1c0110ae:	c040                	sw	s0,4(s0)
    1c0110b0:	c206c003          	lbu	zero,-992(a3)
    1c0110b4:	41a1                	li	gp,8
    1c0110b6:	095a                	slli	s2,s2,0x16
    1c0110b8:	4363ff6f          	jal	t5,0x1c0504ee
    1c0110bc:	716d                	addi	sp,sp,-272
    1c0110be:	df8c                	sw	a1,56(a5)
    1c0110c0:	f029                	bnez	s0,0x1c011002
    1c0110c2:	10110b53          	fmul.s	fs6,ft2,ft1,rne
    1c0110c6:	f032                	sd	a2,32(sp)
    1c0110c8:	2456c003          	lbu	zero,581(a3)
    1c0110cc:	3cc1                	addiw	s9,s9,-16
    1c0110ce:	0af6                	slli	s5,s5,0x1d
    1c0110d0:	780fffef          	jal	t6,0x1c110850
    1c0110d4:	f02a                	sd	a0,32(sp)
    1c0110d6:	2456c003          	lbu	zero,581(a3)
    1c0110da:	3cc1                	addiw	s9,s9,-16
    1c0110dc:	0d5e                	slli	s10,s10,0x17
    1c0110de:	00a0                	addi	s0,sp,72
    1c0110e0:	f024780f          	.insn	4, 0xf024780f
    1c0110e4:	09cac003          	lbu	zero,156(s5)
    1c0110e8:	00a0                	addi	s0,sp,72
    1c0110ea:	f01e780f          	.insn	4, 0xf01e780f
    1c0110ee:	0dbe                	slli	s11,s11,0xf
    1c0110f0:	c003ffaf          	.insn	4, 0xc003ffaf
    1c0110f4:	f01a                	sd	t1,32(sp)
    1c0110f6:	c08c                	sw	a1,0(s1)
    1c0110f8:	c041                	beqz	s0,0x1c011178
    1c0110fa:	2455                	addiw	s0,s0,21
    1c0110fc:	3e40                	fld	fs0,184(a2)
    1c0110fe:	c040                	sw	s0,4(s0)
    1c011100:	41a1c003          	lbu	zero,1050(gp) # 0xfffffffffffeb41a
    1c011104:	0f524263          	blt	tp,s5,0x1c0111e8
    1c011108:	0020                	addi	s0,sp,8
    1c01110a:	2456                	fld	fs0,336(sp)
    1c01110c:	716d3cc3          	fmadd.s	fs9,fs10,fs6,fa4,rup
    1c011110:	dfc0                	sw	s0,60(a5)
    1c011112:	c004                	sw	s1,0(s0)
    1c011114:	c209                	beqz	a2,0x1c011116
    1c011116:	2456                	fld	fs0,336(sp)
    1c011118:	3cc1                	addiw	s9,s9,-16
    1c01111a:	671f c00a 716c      	.insn	6, 0x716cc00a671f
    1c011120:	08e2                	slli	a7,a7,0x18
    1c011122:	00a0                	addi	s0,sp,72
    1c011124:	78e5                	lui	a7,0xffff9
    1c011126:	4769                	li	a4,26
    1c011128:	ca09                	beqz	a2,0x1c01113a
    1c01112a:	e896                	sd	t0,80(sp)
    1c01112c:	0e11                	addi	t3,t3,4
    1c01112e:	10d1                	addi	ra,ra,-12 # 0xffffffffffffaff4
    1c011130:	790fc003          	lbu	zero,1936(t6)
    1c011134:	0cea                	slli	s9,s9,0x1a
    1c011136:	c004feaf          	.insn	4, 0xc004feaf
    1c01113a:	f00e                	sd	gp,32(sp)
    1c01113c:	c008                	sw	a0,0(s0)
    1c01113e:	0819                	addi	a6,a6,6 # 0xfffffffffffe9006
    1c011140:	0114                	addi	a3,sp,128
    1c011142:	c105c003          	lbu	zero,-1008(a1)
    1c011146:	c204                	sw	s1,0(a2)
    1c011148:	c0077b0f          	.insn	4, 0xc0077b0f
    1c01114c:	0c1e                	slli	s8,s8,0x7
    1c01114e:	2052feaf          	.insn	4, 0x2052feaf
    1c011152:	0000                	unimp
    1c011154:	43e9                	li	t2,26
    1c011156:	7104c003          	lbu	zero,1808(s1)
    1c01115a:	c003c043          	fmadd.s	ft0,ft7,ft0,fs8,rmm
    1c01115e:	7414                	ld	a3,40(s0)
    1c011160:	0700                	addi	s0,sp,896
    1c011162:	ffc5                	bnez	a5,0x1c01111a
    1c011164:	10d10e17          	auipc	t3,0x10d10
    1c011168:	ca09                	beqz	a2,0x1c01117a
    1c01116a:	e889                	bnez	s1,0x1c01117c
    1c01116c:	1600                	addi	s0,sp,800
    1c01116e:	7080                	ld	s0,32(s1)
    1c011170:	8000                	.insn	2, 0x8000
    1c011172:	0000                	unimp
    1c011174:	b8e5                	j	0x1c010a6c
    1c011176:	0ce4                	addi	s1,sp,604
    1c011178:	fe82                	sd	zero,376(sp)
    1c01117a:	1e00                	addi	s0,sp,816
    1c01117c:	80007003          	.insn	4, 0x80007003
    1c011180:	0014                	.insn	2, 0x0014
    1c011182:	2480                	fld	fs0,8(s1)
    1c011184:	3309                	addiw	t1,t1,-30
    1c011186:	1404                	addi	s1,sp,544
    1c011188:	c6c6341b          	.insn	4, 0xc6c6341b
    1c01118c:	c2e6                	sw	s9,68(sp)
    1c01118e:	1cfc                	addi	a5,sp,636
    1c011190:	b6c8                	fsd	fa0,168(a3)
    1c011192:	c1ae                	sw	a1,192(sp)
    1c011194:	c04d                	beqz	s0,0x1c011236
    1c011196:	1600                	addi	s0,sp,800
    1c011198:	7080                	ld	s0,32(s1)
    1c01119a:	8000                	.insn	2, 0x8000
    1c01119c:	0004                	.insn	2, 0x0004
    1c01119e:	0a1e                	slli	s4,s4,0x7
    1c0111a0:	c045feef          	jal	t4,0x1bf705a4
    1c0111a4:	000040c3          	fmadd.s	ft1,ft0,ft0,ft0,rmm
    1c0111a8:	ffff                	.insn	2, 0xffff
    1c0111aa:	4100                	lw	s0,0(a0)
    1c0111ac:	4200                	lw	s0,0(a2)
    1c0111ae:	080a                	slli	a6,a6,0x2
    1c0111b0:	4300feef          	jal	t4,0x1c0205e0
    1c0111b4:	0a56d80f          	.insn	4, 0x0a56d80f
    1c0111b8:	d90ffeaf          	.insn	4, 0xd90ffeaf
    1c0111bc:	900347cb          	fnmsub.s	fa5,ft6,ft0,fs2,rmm
    1c0111c0:	e004                	sd	s1,0(s0)
    1c0111c2:	1f22                	slli	t5,t5,0x28
    1c0111c4:	1015                	c.nop	-27
    1c0111c6:	208a                	fld	ft1,128(sp)
    1c0111c8:	1fa70fc7          	.insn	4, 0x1fa70fc7
    1c0111cc:	101c                	addi	a5,sp,32
    1c0111ce:	1fa8                	addi	a0,sp,1016
    1c0111d0:	101c                	addi	a5,sp,32
    1c0111d2:	710c                	ld	a1,32(a0)
    1c0111d4:	b700d9ff 90041ffe 	.insn	20, 0x46cb90041ffcffef0d52b70590041ffeb700d9ff
    1c0111dc:	0d52b705 1ffcffef 
    1c0111e4:	46cb9004 
    1c0111e8:	8000                	.insn	2, 0x8000
    1c0111ea:	0440                	addi	s0,sp,516
    1c0111ec:	c0468e0b          	.insn	4, 0xc0468e0b
    1c0111f0:	0243206f          	j	0x1c043214
    1c0111f4:	10fd                	addi	ra,ra,-1
    1c0111f6:	809e                	mv	ra,t2
    1c0111f8:	265f 3100 780d      	.insn	6, 0x780d3100265f
    1c0111fe:	791c                	ld	a5,48(a0)
    1c011200:	793c                	ld	a5,112(a0)
    1c011202:	793c                	ld	a5,112(a0)
    1c011204:	793c                	ld	a5,112(a0)
    1c011206:	793c                	ld	a5,112(a0)
    1c011208:	c006                	sw	ra,0(sp)
    1c01120a:	793c                	ld	a5,112(a0)
    1c01120c:	793c                	ld	a5,112(a0)
    1c01120e:	7824                	ld	s1,112(s0)
    1c011210:	c041                	beqz	s0,0x1c011290
    1c011212:	8e0c                	.insn	2, 0x8e0c
    1c011214:	c04a                	sw	s2,0(sp)
    1c011216:	7824                	ld	s1,112(s0)
    1c011218:	c005c04b          	fnmsub.s	ft0,fa1,ft0,fs8,rmm
    1c01121c:	201a                	fld	ft0,384(sp)
    1c01121e:	0f80                	addi	s0,sp,976
    1c011220:	0010                	.insn	2, 0x0010
    1c011222:	0000                	unimp
    1c011224:	8e0ac047          	.insn	4, 0x8e0ac047
    1c011228:	c049                	beqz	s0,0x1c0112aa
    1c01122a:	8e09                	sub	a2,a2,a0
    1c01122c:	002001ef          	jal	gp,0x1c01122e
    1c011230:	c048                	sw	a0,4(s0)
    1c011232:	0e15                	addi	t3,t3,5 # 0x2cd21169
    1c011234:	315e                	fld	ft2,496(sp)
    1c011236:	c001                	beqz	s0,0x1c011236
    1c011238:	ae0c                	fsd	fa1,24(a2)
    1c01123a:	781bae0b          	.insn	4, 0x781bae0b
    1c01123e:	ae09                	j	0x1c011550
    1c011240:	7104                	ld	s1,32(a0)
    1c011242:	ae0a                	fsd	ft2,280(sp)
    1c011244:	70ad736f          	jal	t1,0x1c0e894e
    1c011248:	770c                	ld	a1,40(a4)
    1c01124a:	f0a6c043          	fmadd.s	ft0,fa3,fa0,ft10,rmm
    1c01124e:	1e08                	addi	a0,sp,816
    1c011250:	16c2                	slli	a3,a3,0x30
    1c011252:	1600                	addi	s0,sp,800
    1c011254:	7080                	ld	s0,32(s1)
    1c011256:	8000                	.insn	2, 0x8000
    1c011258:	0010                	.insn	2, 0x0010
    1c01125a:	2011                	.insn	2, 0x2011
    1c01125c:	86c0                	.insn	2, 0x86c0
    1c01125e:	f29d                	bnez	a3,0x1c011184
    1c011260:	710c                	ld	a1,32(a0)
    1c011262:	2344                	fld	fs1,128(a4)
    1c011264:	37c1                	addiw	a5,a5,-16
    1c011266:	e906                	sd	ra,144(sp)
    1c011268:	b961                	j	0x1c010f00
    1c01126a:	0901                	addi	s2,s2,0 # 0xfffffffffffe1000
    1c01126c:	0031                	c.nop	12
    1c01126e:	780f781b          	.insn	4, 0x780f781b
    1c011272:	702c                	ld	a1,96(s0)
    1c011274:	09b6                	slli	s3,s3,0xd
    1c011276:	c04cff6f          	jal	t5,0x1bfe067a
    1c01127a:	700c                	ld	a1,32(s0)
    1c01127c:	0e26                	slli	t3,t3,0x9
    1c01127e:	712cfe6f          	jal	t3,0x1c0e0990
    1c011282:	71a5f003          	.insn	4, 0x71a5f003
    1c011286:	e59f 00fa 0029      	.insn	6, 0x002900fae59f
    1c01128c:	700c                	ld	a1,32(s0)
    1c01128e:	c005                	beqz	s0,0x1c0112ae
    1c011290:	201a                	fld	ft0,384(sp)
    1c011292:	0f81                	addi	t6,t6,0
    1c011294:	0020                	addi	s0,sp,8
    1c011296:	0000                	unimp
    1c011298:	2105                	addiw	sp,sp,1
    1c01129a:	0f80                	addi	s0,sp,976
    1c01129c:	9005                	srli	s0,s0,0x21
    1c01129e:	e040                	sd	s0,128(s0)
    1c0112a0:	b0a0                	fsd	fs0,96(s1)
    1c0112a2:	0243206f          	j	0x1c0432c6
    1c0112a6:	10fd                	addi	ra,ra,-1
    1c0112a8:	8080                	.insn	2, 0x8080
    1c0112aa:	0811                	addi	a6,a6,4
    1c0112ac:	015f 2105 0f80      	.insn	6, 0x0f802105015f
    1c0112b2:	e0409003          	lh	zero,-508(ra)
    1c0112b6:	f00e                	sd	gp,32(sp)
    1c0112b8:	c001                	beqz	s0,0x1c0112b8
    1c0112ba:	201a                	fld	ft0,384(sp)
    1c0112bc:	0f81                	addi	t6,t6,0
    1c0112be:	0000                	unimp
    1c0112c0:	1000                	addi	s0,sp,32
    1c0112c2:	7825c007          	.insn	4, 0x7825c007
    1c0112c6:	2005781b          	.insn	4, 0x2005781b
    1c0112ca:	0f80                	addi	s0,sp,976
    1c0112cc:	9002                	ebreak
    1c0112ce:	0040                	addi	s0,sp,4
    1c0112d0:	b0a0                	fsd	fs0,96(s1)
    1c0112d2:	0fb6                	slli	t6,t6,0xd
    1c0112d4:	d814feef          	jal	t4,0x1bf61054
    1c0112d8:	08d2                	slli	a7,a7,0x14
    1c0112da:	c00dffcf          	fnmadd.s	ft11,fs11,ft0,fs8
    1c0112de:	712c                	ld	a1,96(a0)
    1c0112e0:	0dc2                	slli	s11,s11,0x10
    1c0112e2:	7810fe6f          	jal	t3,0x1c021262
    1c0112e6:	c0428e0b          	.insn	4, 0xc0428e0b
    1c0112ea:	700c                	ld	a1,32(s0)
    1c0112ec:	c044                	sw	s1,4(s0)
    1c0112ee:	c002f03b          	.insn	4, 0xc002f03b
    1c0112f2:	702c                	ld	a1,96(s0)
    1c0112f4:	706c                	ld	a1,224(s0)
    1c0112f6:	201a                	fld	ft0,384(sp)
    1c0112f8:	0f82                	c.slli	t6,0x0
    1c0112fa:	0000                	unimp
    1c0112fc:	2000                	fld	fs0,0(s0)
    1c0112fe:	2205                	addiw	tp,tp,1 # 0x1
    1c011300:	0f80                	addi	s0,sp,976
    1c011302:	9002                	ebreak
    1c011304:	0170                	addi	a2,sp,140
    1c011306:	9000                	.insn	2, 0x9000
    1c011308:	f00e                	sd	gp,32(sp)
    1c01130a:	209a                	fld	ft1,384(sp)
    1c01130c:	0008                	.insn	2, 0x0008
    1c01130e:	7845                	lui	a6,0xffff1
    1c011310:	2005                	.insn	2, 0x2005
    1c011312:	0f80                	addi	s0,sp,976
    1c011314:	9002                	ebreak
    1c011316:	0166                	slli	sp,sp,0x19
    1c011318:	9000                	.insn	2, 0x9000
    1c01131a:	e805                	bnez	s0,0x1c01134a
    1c01131c:	7830                	ld	a2,112(s0)
    1c01131e:	00c1200f          	.insn	4, 0x00c1200f
    1c011322:	7164                	ld	s1,224(a0)
    1c011324:	82340be7          	jalr	s7,-2013(s0)
    1c011328:	4060                	lw	s0,68(s0)
    1c01132a:	c002                	sw	zero,0(sp)
    1c01132c:	2032                	fld	ft0,264(sp)
    1c01132e:	0f80                	addi	s0,sp,976
    1c011330:	8000                	.insn	2, 0x8000
    1c011332:	06c8                	addi	a0,sp,836
    1c011334:	2106                	fld	ft2,64(sp)
    1c011336:	0000                	unimp
    1c011338:	c104                	sw	s1,0(a0)
    1c01133a:	f008262f          	.insn	4, 0xf008262f
    1c01133e:	7905                	lui	s2,0xfffe1
    1c011340:	c144                	sw	s1,4(a0)
    1c011342:	c302f40b          	.insn	4, 0xc302f40b
    1c011346:	740c                	ld	a1,40(s0)
    1c011348:	000e41c3          	fmadd.s	ft3,ft8,ft0,ft0,rmm
    1c01134c:	42630003          	lb	zero,1062(t1)
    1c011350:	093a                	slli	s2,s2,0xe
    1c011352:	c540feaf          	.insn	4, 0xc540feaf
    1c011356:	c004                	sw	s1,0(s0)
    1c011358:	7810                	ld	a2,48(s0)
    1c01135a:	c044                	sw	s1,4(s0)
    1c01135c:	c002                	sw	zero,0(sp)
    1c01135e:	7104                	ld	s1,32(a0)
    1c011360:	c042                	sw	a6,0(sp)
    1c011362:	8e2c                	.insn	2, 0x8e2c
    1c011364:	c002                	sw	zero,0(sp)
    1c011366:	098d                	addi	s3,s3,3
    1c011368:	8025                	srli	s0,s0,0x9
    1c01136a:	089ed80f          	.insn	4, 0x089ed80f
    1c01136e:	d90ffeaf          	.insn	4, 0xd90ffeaf
    1c011372:	c004                	sw	s1,0(s0)
    1c011374:	0811                	addi	a6,a6,4 # 0xffffffffffff1004
    1c011376:	8011                	srli	s0,s0,0x4
    1c011378:	2008c003          	lbu	zero,512(a7) # 0xffffffffffff9200
    1c01137c:	0340                	addi	s0,sp,388
    1c01137e:	710cc043          	fmadd.s	ft0,fs9,fa6,fa4,rmm
    1c011382:	001141c3          	fmadd.s	ft3,ft2,ft1,ft0,rmm
    1c011386:	0001                	nop
    1c011388:	0b5e                	slli	s6,s6,0x17
    1c01138a:	4263fe6f          	jal	t3,0x1c0507b0
    1c01138e:	0e62                	slli	t3,t3,0x18
    1c011390:	c00cfeef          	jal	t4,0x1bfe0790
    1c011394:	7767c503          	lbu	a0,1910(a5)
    1c011398:	06b67077          	.insn	4, 0x06b67077
    1c01139c:	ffca                	sd	s2,504(sp)
    1c01139e:	41c3c003          	lbu	zero,1052(t2)
    1c0113a2:	00000013          	nop
    1c0113a6:	7812                	ld	a6,288(sp)
    1c0113a8:	000d202f          	amoadd.w	zero,zero,(s10)
    1c0113ac:	0b3a                	slli	s6,s6,0xe
    1c0113ae:	b8c0fe6f          	jal	t3,0x1bf2073a
    1c0113b2:	c005                	beqz	s0,0x1c0113d2
    1c0113b4:	1600                	addi	s0,sp,800
    1c0113b6:	7081                	lui	ra,0xfffe0
    1c0113b8:	8000                	.insn	2, 0x8000
    1c0113ba:	0024                	addi	s1,sp,8
    1c0113bc:	201a                	fld	ft0,384(sp)
    1c0113be:	00200f83          	lb	t6,2(zero) # 0x2
    1c0113c2:	0000                	unimp
    1c0113c4:	6038c003          	lbu	zero,1539(a7)
    1c0113c8:	2305                	addiw	t1,t1,1
    1c0113ca:	0f82                	c.slli	t6,0x0
    1c0113cc:	9005                	srli	s0,s0,0x21
    1c0113ce:	e040                	sd	s0,128(s0)
    1c0113d0:	2049                	.insn	2, 0x2049
    1c0113d2:	07c1                	addi	a5,a5,16
    1c0113d4:	b220                	fsd	fs0,96(a2)
    1c0113d6:	0243206f          	j	0x1c0433fa
    1c0113da:	10fd                	addi	ra,ra,-1 # 0xfffffffffffdffff
    1c0113dc:	809e                	mv	ra,t2
    1c0113de:	0e1f 315f 2305      	.insn	6, 0x2305315f0e1f
    1c0113e4:	0f80                	addi	s0,sp,976
    1c0113e6:	e0409003          	lh	zero,-508(ra)
    1c0113ea:	0fc2                	slli	t6,t6,0x10
    1c0113ec:	b020ffaf          	.insn	4, 0xb020ffaf
    1c0113f0:	0243206f          	j	0x1c043414
    1c0113f4:	10fd                	addi	ra,ra,-1
    1c0113f6:	809e                	mv	ra,t2
    1c0113f8:	f00e                	sd	gp,32(sp)
    1c0113fa:	c001                	beqz	s0,0x1c0113fa
    1c0113fc:	201a                	fld	ft0,384(sp)
    1c0113fe:	0f82                	c.slli	t6,0x0
    1c011400:	0000                	unimp
    1c011402:	1000                	addi	s0,sp,32
    1c011404:	7845c007          	.insn	4, 0x7845c007
    1c011408:	2005781b          	.insn	4, 0x2005781b
    1c01140c:	0f80                	addi	s0,sp,976
    1c01140e:	9002                	ebreak
    1c011410:	0040                	addi	s0,sp,4
    1c011412:	b020                	fsd	fs0,96(s0)
    1c011414:	c001                	beqz	s0,0x1c011414
    1c011416:	7104                	ld	s1,32(a0)
    1c011418:	c041                	beqz	s0,0x1c011498
    1c01141a:	c101                	beqz	a0,0x1c01141a
    1c01141c:	7110c00b          	.insn	4, 0x7110c00b
    1c011420:	0612                	slli	a2,a2,0x4
    1c011422:	ffce                	sd	s3,504(sp)
    1c011424:	0e15                	addi	t3,t3,5
    1c011426:	315e                	fld	ft2,496(sp)
    1c011428:	c00a                	sw	sp,0(sp)
    1c01142a:	ae0c                	fsd	fa1,24(a2)
    1c01142c:	c006                	sw	ra,0(sp)
    1c01142e:	c009ae0b          	.insn	4, 0xc009ae0b
    1c011432:	ae0a                	fsd	ft2,280(sp)
    1c011434:	c008                	sw	a0,0(s0)
    1c011436:	ae09                	j	0x1c011748
    1c011438:	700c                	ld	a1,32(s0)
    1c01143a:	101c1fa7          	.insn	4, 0x101c1fa7
    1c01143e:	1fa8                	addi	a0,sp,1016
    1c011440:	101c                	addi	a5,sp,32
    1c011442:	b700                	fsd	fs0,40(a4)
    1c011444:	c0ae                	sw	a1,64(sp)
    1c011446:	1404                	addi	s1,sp,544
    1c011448:	c6c6341b          	.insn	4, 0xc6c6341b
    1c01144c:	208c                	fld	fa1,0(s1)
    1c01144e:	f2098fc3          	fmadd.d	ft11,fs3,ft0,ft10,rne
    1c011452:	0821                	addi	a6,a6,8
    1c011454:	01d1                	addi	gp,gp,20
    1c011456:	900441c3          	fmadd.s	ft3,fs0,ft0,fs2,rmm
    1c01145a:	0238                	addi	a4,sp,264
    1c01145c:	1900                	addi	s0,sp,176
    1c01145e:	0045                	c.nop	17
    1c011460:	f006                	sd	ra,32(sp)
    1c011462:	900441c3          	fmadd.s	ft3,fs0,ft0,fs2,rmm
    1c011466:	0238                	addi	a4,sp,264
    1c011468:	1900                	addi	s0,sp,176
    1c01146a:	0105                	addi	sp,sp,1
    1c01146c:	1900                	addi	s0,sp,176
    1c01146e:	0005                	c.nop	1
    1c011470:	901841c3          	fmadd.s	ft3,fa6,ft1,fs2,rmm
    1c011474:	0064                	addi	s1,sp,12
    1c011476:	b100                	fsd	fs0,32(a0)
    1c011478:	0025                	c.nop	9
    1c01147a:	0020                	addi	s0,sp,8
    1c01147c:	1902                	slli	s2,s2,0x20
    1c01147e:	0005                	c.nop	1
    1c011480:	901841c3          	fmadd.s	ft3,fa6,ft1,fs2,rmm
    1c011484:	0064                	addi	s1,sp,12
    1c011486:	da10                	sw	a2,48(a2)
    1c011488:	b100                	fsd	fs0,32(a0)
    1c01148a:	ba61                	j	0x1c010e22
    1c01148c:	0aff 8031 781d b102 	.insn	10, 0x0009b102781d80310aff
    1c011494:	0009 
    1c011496:	0020                	addi	s0,sp,8
    1c011498:	1902                	slli	s2,s2,0x20
    1c01149a:	0005                	c.nop	1
    1c01149c:	901841c3          	fmadd.s	ft3,fa6,ft1,fs2,rmm
    1c0114a0:	0008                	.insn	2, 0x0008
    1c0114a2:	9100                	.insn	2, 0x9100
    1c0114a4:	08ff 801f 195e 0045 	.insn	10, 0x91000045195e801f08ff
    1c0114ac:	9100 
    1c0114ae:	0801                	addi	a6,a6,0
    1c0114b0:	001e                	c.slli	zero,0x7
    1c0114b2:	7ee0                	ld	s0,248(a3)
    1c0114b4:	c2e2                	sw	s8,68(sp)
    1c0114b6:	4200                	lw	s0,0(a2)
    1c0114b8:	1600                	addi	s0,sp,800
    1c0114ba:	7080                	ld	s0,32(s1)
    1c0114bc:	8000                	.insn	2, 0x8000
    1c0114be:	0001                	nop
    1c0114c0:	013f0827          	.insn	4, 0x013f0827
    1c0114c4:	4328                	lw	a0,64(a4)
    1c0114c6:	d808                	sw	a0,48(s0)
    1c0114c8:	0f86                	slli	t6,t6,0x1
    1c0114ca:	7d50ffef          	jal	t6,0x1c02149e
    1c0114ce:	0fb6                	slli	t6,t6,0xd
    1c0114d0:	4040ffef          	jal	t6,0x1c0208d4
    1c0114d4:	706c                	ld	a1,224(s0)
    1c0114d6:	0faaf007          	.insn	4, 0x0faaf007
    1c0114da:	1304ffef          	jal	t6,0x1c06060a
    1c0114de:	1400                	addi	s0,sp,544
    1c0114e0:	7164                	ld	s1,224(a0)
    1c0114e2:	0bf9                	addi	s7,s7,30
    1c0114e4:	8344                	.insn	2, 0x8344
    1c0114e6:	c6c2                	sw	a6,76(sp)
    1c0114e8:	c2e6                	sw	s9,68(sp)
    1c0114ea:	1cfc                	addi	a5,sp,636
    1c0114ec:	b6c8                	fsd	fa0,168(a3)
    1c0114ee:	2482                	fld	fs1,0(sp)
    1c0114f0:	c2543903          	ld	s2,-987(s0)
    1c0114f4:	c150                	sw	a2,4(a0)
    1c0114f6:	c051                	beqz	s0,0x1c01157a
    1c0114f8:	c09f 41c3 8000      	.insn	6, 0x800041c3c09f
    1c0114fe:	04b0                	addi	a2,sp,584
    1c011500:	da66                	sw	s9,52(sp)
    1c011502:	0992                	slli	s3,s3,0x4
    1c011504:	c352fe6f          	jal	t3,0x1bf41138
    1c011508:	c09f 0c9e 0060      	.insn	6, 0x00600c9ec09f
    1c01150e:	d966                	sw	s9,176(sp)
    1c011510:	1600                	addi	s0,sp,800
    1c011512:	8000708f          	.insn	4, 0x8000708f
    1c011516:	1600044b          	.insn	4, 0x1600044b
    1c01151a:	7080                	ld	s0,32(s1)
    1c01151c:	8000                	.insn	2, 0x8000
    1c01151e:	044c                	addi	a1,sp,516
    1c011520:	275f 125b c04f      	.insn	6, 0xc04f125b275f
    1c011526:	14f8                	addi	a4,sp,620
    1c011528:	3000                	fld	fs0,32(s0)
    1c01152a:	f046c053          	.insn	4, 0xf046c053
    1c01152e:	000043cb          	fnmsub.s	ft7,ft0,ft0,ft0,rmm
    1c011532:	7fff                	.insn	2, 0x7fff
    1c011534:	2340                	fld	fs0,128(a4)
    1c011536:	104d                	c.nop	-13
    1c011538:	260a                	fld	fa2,128(sp)
    1c01153a:	36c0                	fld	fs0,168(a3)
    1c01153c:	f012                	sd	tp,32(sp)
    1c01153e:	0e1e78ef          	jal	a7,0x1c0f8e1e
    1c011542:	79cfffaf          	.insn	4, 0x79cfffaf
    1c011546:	c014e80b          	.insn	4, 0xc014e80b
    1c01154a:	79ae                	ld	s3,232(sp)
    1c01154c:	20f5                	addiw	ra,ra,29
    1c01154e:	0780                	addi	s0,sp,960
    1c011550:	02e3080b          	.insn	4, 0x02e3080b
    1c011554:	2008                	fld	fa0,0(s0)
    1c011556:	004d                	c.nop	19
    1c011558:	4308                	lw	a0,0(a4)
    1c01155a:	2640                	fld	fs0,136(a2)
    1c01155c:	305e                	fld	ft0,496(sp)
    1c01155e:	71c5                	lui	gp,0xffff1
    1c011560:	0edf 9234 78ae      	.insn	6, 0x78ae92340edf
    1c011566:	2300                	fld	fs0,0(a4)
    1c011568:	2b44100b          	.insn	4, 0x2b44100b
    1c01156c:	1082                	slli	ra,ra,0x20
    1c01156e:	2340                	fld	fs0,128(a4)
    1c011570:	7b4e325b          	.insn	4, 0x7b4e325b
    1c011574:	787c                	ld	a5,240(s0)
    1c011576:	781c                	ld	a5,48(s0)
    1c011578:	781c                	ld	a5,48(s0)
    1c01157a:	781c                	ld	a5,48(s0)
    1c01157c:	4100                	lw	s0,0(a0)
    1c01157e:	b861d81b          	.insn	4, 0xb861d81b
    1c011582:	0801                	addi	a6,a6,0
    1c011584:	0031                	c.nop	12
    1c011586:	793d                	lui	s2,0xfffef
    1c011588:	6338                	ld	a4,64(a4)
    1c01158a:	b8c4                	fsd	fs1,176(s1)
    1c01158c:	4831                	li	a6,12
    1c01158e:	2b44                	fld	fs1,144(a4)
    1c011590:	0800                	addi	s0,sp,16
    1c011592:	209a                	fld	ft1,384(sp)
    1c011594:	0010                	.insn	2, 0x0010
    1c011596:	7905                	lui	s2,0xfffe1
    1c011598:	271a                	fld	fa4,384(sp)
    1c01159a:	1f80                	addi	s0,sp,1008
    1c01159c:	0000                	unimp
    1c01159e:	2000                	fld	fs0,0(s0)
    1c0115a0:	2005                	.insn	2, 0x2005
    1c0115a2:	0f80                	addi	s0,sp,976
    1c0115a4:	9002                	ebreak
    1c0115a6:	1064                	addi	s1,sp,44
    1c0115a8:	b020                	fsd	fs0,96(s0)
    1c0115aa:	c095                	beqz	s1,0x1c0115ce
    1c0115ac:	78f4                	ld	a3,240(s1)
    1c0115ae:	b040                	fsd	fs0,160(s0)
    1c0115b0:	c09a                	sw	t1,64(sp)
    1c0115b2:	78f4                	ld	a3,240(s1)
    1c0115b4:	b020                	fsd	fs0,96(s0)
    1c0115b6:	71e5                	lui	gp,0xffff9
    1c0115b8:	0877c00f          	.insn	4, 0x0877c00f
    1c0115bc:	83e5                	srli	a5,a5,0x19
    1c0115be:	70cd                	lui	ra,0xffff3
    1c0115c0:	700c                	ld	a1,32(s0)
    1c0115c2:	0a5a                	slli	s4,s4,0x16
    1c0115c4:	d9fffe6f          	jal	t3,0x1c011362
    1c0115c8:	1200                	addi	s0,sp,288
    1c0115ca:	712c3083          	ld	ra,1810(s8)
    1c0115ce:	b98ed8ff c643754c 	.insn	20, 0xc011c640fe6f0b0ac641c642c643754cb98ed8ff
    1c0115d6:	c641c642 fe6f0b0a 
    1c0115de:	c011c640 
    1c0115e2:	712c                	ld	a1,96(a0)
    1c0115e4:	704c                	ld	a1,160(s0)
    1c0115e6:	2044                	fld	fs1,128(s0)
    1c0115e8:	07cd                	addi	a5,a5,19
    1c0115ea:	4020                	lw	s0,64(s0)
    1c0115ec:	ed05                	bnez	a0,0x1c011624
    1c0115ee:	bd61                	j	0x1c011486
    1c0115f0:	0dff 9031 781b 41c3 	.insn	10, 0x41c3781b90310dff
    1c0115f8:	0000 
    1c0115fa:	4400                	lw	s0,8(s0)
    1c0115fc:	c04f780f          	.insn	4, 0xc04f780f
    1c011600:	c042                	sw	a6,0(sp)
    1c011602:	db7cd8ff 30411c0c 	.insn	20, 0xd980d8ffc640fe6f0ad6c64130411c0cdb7cd8ff
    1c01160a:	0ad6c641 c640fe6f 
    1c011612:	d980d8ff 
    1c011616:	754c                	ld	a1,168(a0)
    1c011618:	746c                	ld	a1,232(s0)
    1c01161a:	c642c643          	.insn	4, 0xc642c643
    1c01161e:	c641                	beqz	a2,0x1c0116a6
    1c011620:	0ac2                	slli	s5,s5,0x10
    1c011622:	c640fe6f          	jal	t3,0x1bf20a86
    1c011626:	700c                	ld	a1,32(s0)
    1c011628:	0a7a                	slli	s4,s4,0x1e
    1c01162a:	712cfe6f          	jal	t3,0x1c0e0d3c
    1c01162e:	710c                	ld	a1,32(a0)
    1c011630:	08fe                	slli	a7,a7,0x1f
    1c011632:	d9ffffef          	jal	t6,0x1c0113d0
    1c011636:	208a                	fld	ft1,128(sp)
    1c011638:	47cb0fc7          	.insn	4, 0x47cb0fc7
    1c01163c:	e1749003          	lh	zero,-489(s1)
    1c011640:	b700                	fsd	fs0,40(a4)
    1c011642:	b701                	j	0x1c011542
    1c011644:	74d5                	lui	s1,0xffff5
    1c011646:	0100                	addi	s0,sp,128
    1c011648:	000d                	c.nop	3
    1c01164a:	0e22                	slli	t3,t3,0x8
    1c01164c:	0020                	addi	s0,sp,8
    1c01164e:	d80fc00f          	.insn	4, 0xd80fc00f
    1c011652:	0dba                	slli	s11,s11,0xe
    1c011654:	d90ffe6f          	jal	t3,0x1c010be4
    1c011658:	700c                	ld	a1,32(s0)
    1c01165a:	0a4a                	slli	s4,s4,0x12
    1c01165c:	712cfe6f          	jal	t3,0x1c0e0d6e
    1c011660:	1600                	addi	s0,sp,800
    1c011662:	708d                	lui	ra,0xfffe3
    1c011664:	8000                	.insn	2, 0x8000
    1c011666:	706f044b          	fnmsub.s	fs0,ft10,ft6,fa4,rne
    1c01166a:	f065                	bnez	s0,0x1c01164a
    1c01166c:	0e0e                	slli	t3,t3,0x3
    1c01166e:	78affe6f          	jal	t3,0x1c110df8
    1c011672:	08c1                	addi	a7,a7,16
    1c011674:	0030                	addi	a2,sp,8
    1c011676:	700c                	ld	a1,32(s0)
    1c011678:	251a                	fld	fa0,384(sp)
    1c01167a:	1f82                	slli	t6,t6,0x20
    1c01167c:	0000                	unimp
    1c01167e:	2000                	fld	fs0,0(s0)
    1c011680:	702c                	ld	a1,96(s0)
    1c011682:	f00c                	sd	a1,32(s0)
    1c011684:	209a                	fld	ft1,384(sp)
    1c011686:	0008                	.insn	2, 0x0008
    1c011688:	7845                	lui	a6,0xffff1
    1c01168a:	2005                	.insn	2, 0x2005
    1c01168c:	0f80                	addi	s0,sp,976
    1c01168e:	9002                	ebreak
    1c011690:	0166                	slli	sp,sp,0x19
    1c011692:	9000                	.insn	2, 0x9000
    1c011694:	6119                	addi	sp,sp,384
    1c011696:	4060                	lw	s0,68(s0)
    1c011698:	08ed                	addi	a7,a7,27
    1c01169a:	8234                	.insn	2, 0x8234
    1c01169c:	6861                	lui	a6,0x18
    1c01169e:	0995                	addi	s3,s3,5
    1c0116a0:	0030                	addi	a2,sp,8
    1c0116a2:	2300                	fld	fs0,0(a4)
    1c0116a4:	0e23305b          	.insn	4, 0x0e23305b
    1c0116a8:	1070                	addi	a2,sp,44
    1c0116aa:	c095                	beqz	s1,0x1c0116ce
    1c0116ac:	10f00e23          	sb	a5,284(zero) # 0x11c
    1c0116b0:	c095                	beqz	s1,0x1c0116d4
    1c0116b2:	11310e27          	.insn	4, 0x11310e27
    1c0116b6:	700c                	ld	a1,32(s0)
    1c0116b8:	002441c3          	fmadd.s	ft3,fs0,ft2,ft0,rmm
    1c0116bc:	0001                	nop
    1c0116be:	082a                	slli	a6,a6,0xa
    1c0116c0:	42a1fe6f          	jal	t3,0x1c030aea
    1c0116c4:	f036                	sd	a3,32(sp)
    1c0116c6:	20f4                	fld	fa3,192(s1)
    1c0116c8:	0340                	addi	s0,sp,388
    1c0116ca:	7404                	ld	s1,40(s0)
    1c0116cc:	20f4f013          	andi	zero,s1,527
    1c0116d0:	0340                	addi	s0,sp,388
    1c0116d2:	e008                	sd	a0,0(s0)
    1c0116d4:	c095f00f          	.insn	4, 0xc095f00f
    1c0116d8:	20f4                	fld	fa3,192(s1)
    1c0116da:	0341                	addi	t1,t1,16
    1c0116dc:	0917ee07          	.insn	4, 0x0917ee07
    1c0116e0:	0274                	addi	a3,sp,268
    1c0116e2:	700c                	ld	a1,32(s0)
    1c0116e4:	2142                	fld	ft2,16(sp)
    1c0116e6:	0200                	addi	s0,sp,256
    1c0116e8:	f005                	bnez	s0,0x1c011608
    1c0116ea:	0174090b          	.insn	4, 0x0174090b
    1c0116ee:	700c                	ld	a1,32(s0)
    1c0116f0:	690c                	ld	a1,16(a0)
    1c0116f2:	7a0e                	ld	s4,224(sp)
    1c0116f4:	785c                	ld	a5,176(s0)
    1c0116f6:	781c                	ld	a5,48(s0)
    1c0116f8:	781c                	ld	a5,48(s0)
    1c0116fa:	781c                	ld	a5,48(s0)
    1c0116fc:	4100                	lw	s0,0(a0)
    1c0116fe:	b861d81b          	.insn	4, 0xb861d81b
    1c011702:	0801                	addi	a6,a6,0 # 0x18000
    1c011704:	0031                	c.nop	12
    1c011706:	793d                	lui	s2,0xfffef
    1c011708:	6238                	ld	a4,64(a2)
    1c01170a:	b8c4                	fsd	fs1,176(s1)
    1c01170c:	4831                	li	a6,12
    1c01170e:	2a44                	fld	fs1,144(a2)
    1c011710:	0800                	addi	s0,sp,16
    1c011712:	209a                	fld	ft1,384(sp)
    1c011714:	0010                	.insn	2, 0x0010
    1c011716:	7905                	lui	s2,0xfffe1
    1c011718:	251a                	fld	fa0,384(sp)
    1c01171a:	1f80                	addi	s0,sp,1008
    1c01171c:	0000                	unimp
    1c01171e:	2000                	fld	fs0,0(s0)
    1c011720:	2005                	.insn	2, 0x2005
    1c011722:	0f80                	addi	s0,sp,976
    1c011724:	9002                	ebreak
    1c011726:	1064                	addi	s1,sp,44
    1c011728:	b020                	fsd	fs0,96(s0)
    1c01172a:	c09a                	sw	t1,64(sp)
    1c01172c:	78b4                	ld	a3,112(s1)
    1c01172e:	b020                	fsd	fs0,96(s0)
    1c011730:	71a5                	lui	gp,0xfffe9
    1c011732:	1600                	addi	s0,sp,800
    1c011734:	7080                	ld	s0,32(s1)
    1c011736:	8000                	.insn	2, 0x8000
    1c011738:	044c                	addi	a1,sp,516
    1c01173a:	0835                	addi	a6,a6,13
    1c01173c:	8345                	srli	a4,a4,0x11
    1c01173e:	0b09                	addi	s6,s6,2 # 0xffffffffffff1002
    1c011740:	b031                	j	0x1c010f4c
    1c011742:	71c5                	lui	gp,0xffff1
    1c011744:	700c                	ld	a1,32(s0)
    1c011746:	b700                	fsd	fs0,40(a4)
    1c011748:	b701                	j	0x1c011648
    1c01174a:	c06e                	sw	s11,0(sp)
    1c01174c:	c049                	beqz	s0,0x1c0117ce
    1c01174e:	c068                	sw	a0,68(s0)
    1c011750:	c013c047          	fmsub.s	ft0,ft7,ft1,fs8,rmm
    1c011754:	c14dd9ff c012c046 	.insn	20, 0xd940c14cc011c045b98b702cc012c046c14dd9ff
    1c01175c:	b98b702c c011c045 
    1c011764:	d940c14c 
    1c011768:	c044c14b          	fnmsub.s	ft2,fs1,ft4,fs8,rmm
    1c01176c:	c084                	sw	s1,0(s1)
    1c01176e:	c19a                	sw	t1,192(sp)
    1c011770:	714c                	ld	a1,160(a0)
    1c011772:	0a5a                	slli	s4,s4,0x16
    1c011774:	1c28feaf          	.insn	4, 0x1c28feaf
    1c011778:	3085                	addiw	ra,ra,-31 # 0xfffffffffffe2fe1
    1c01177a:	c084                	sw	s1,0(s1)
    1c01177c:	c19a                	sw	t1,192(sp)
    1c01177e:	0a4e                	slli	s4,s4,0x13
    1c011780:	704cfeaf          	.insn	4, 0x704cfeaf
    1c011784:	1600c00f          	.insn	4, 0x1600c00f
    1c011788:	708e                	ld	ra,224(sp)
    1c01178a:	8000                	.insn	2, 0x8000
    1c01178c:	1600044b          	.insn	4, 0x1600044b
    1c011790:	708d                	lui	ra,0xfffe3
    1c011792:	8000                	.insn	2, 0x8000
    1c011794:	044c                	addi	a1,sp,516
    1c011796:	0a5a                	slli	s4,s4,0x16
    1c011798:	255ffecf          	.insn	4, 0x255ffecf
    1c01179c:	265f125b          	.insn	4, 0x265f125b
    1c0117a0:	c010124f          	fnmadd.s	ft4,ft0,ft1,fs8,rtz
    1c0117a4:	41c3e807          	.insn	4, 0x41c3e807
    1c0117a8:	0025                	c.nop	9
    1c0117aa:	0000                	unimp
    1c0117ac:	0cde                	slli	s9,s9,0x17
    1c0117ae:	740cfe6f          	jal	t3,0x1c0e0eee
    1c0117b2:	1600                	addi	s0,sp,800
    1c0117b4:	708d                	lui	ra,0xfffe3
    1c0117b6:	8000                	.insn	2, 0x8000
    1c0117b8:	2340044b          	fnmsub.d	fs0,ft0,fs4,ft4,rne
    1c0117bc:	e708321b          	.insn	4, 0xe708321b
    1c0117c0:	f03a                	sd	a4,32(sp)
    1c0117c2:	c012                	sw	tp,0(sp)
    1c0117c4:	20f5                	addiw	ra,ra,29 # 0xfffffffffffe301d
    1c0117c6:	03c2                	slli	t2,t2,0x10
    1c0117c8:	20f5c013          	xori	zero,a1,527
    1c0117cc:	03c1                	addi	t2,t2,16
    1c0117ce:	6158                	ld	a4,128(a0)
    1c0117d0:	7b1c                	ld	a5,48(a4)
    1c0117d2:	c014                	sw	a3,0(s0)
    1c0117d4:	2348                	fld	fa0,128(a4)
    1c0117d6:	000c                	.insn	2, 0x000c
    1c0117d8:	78f4                	ld	a3,240(s1)
    1c0117da:	b080                	fsd	fs0,32(s1)
    1c0117dc:	0c9e                	slli	s9,s9,0x7
    1c0117de:	78affe6f          	jal	t3,0x1c110f68
    1c0117e2:	e81e                	sd	t2,16(sp)
    1c0117e4:	4950                	lw	a2,20(a0)
    1c0117e6:	2048                	fld	fa0,128(s0)
    1c0117e8:	000e                	c.slli	zero,0x3
    1c0117ea:	c010                	sw	a2,0(s0)
    1c0117ec:	e80c                	sd	a1,16(s0)
    1c0117ee:	c342                	sw	a6,132(sp)
    1c0117f0:	c141                	beqz	a0,0x1c011870
    1c0117f2:	c240                	sw	s0,4(a2)
    1c0117f4:	740c                	ld	a1,40(s0)
    1c0117f6:	002741c3          	fmadd.s	ft3,fa4,ft2,ft0,rmm
    1c0117fa:	0005                	c.nop	1
    1c0117fc:	42a1                	li	t0,8
    1c0117fe:	0c8e                	slli	s9,s9,0x3
    1c011800:	db08fe6f          	jal	t3,0x1bfa0db0
    1c011804:	78ce                	ld	a7,240(sp)
    1c011806:	c040                	sw	s0,4(s0)
    1c011808:	207f 0140 41c3 0028 	.insn	14, 0x0ed242a10003002841c30140207f
    1c011810:	0003 42a1 0ed2 
    1c011816:	db08fe2f          	.insn	4, 0xdb08fe2f
    1c01181a:	f00c                	sd	a1,32(s0)
    1c01181c:	c010                	sw	a2,0(s0)
    1c01181e:	e80a                	sd	sp,16(sp)
    1c011820:	740c                	ld	a1,40(s0)
    1c011822:	002641c3          	fmadd.s	ft3,fa2,ft2,ft0,rmm
    1c011826:	0002                	c.slli	zero,0x0
    1c011828:	42a1                	li	t0,8
    1c01182a:	0c62                	slli	s8,s8,0x18
    1c01182c:	db08fe6f          	jal	t3,0x1bfa0ddc
    1c011830:	71a5                	lui	gp,0xfffe9
    1c011832:	e709                	bnez	a4,0x1c01183c
    1c011834:	b3c50b8f          	.insn	4, 0xb3c50b8f
    1c011838:	1e00                	addi	s0,sp,816
    1c01183a:	7005                	c.lui	zero,0xfffe1
    1c01183c:	e022900f          	.insn	4, 0xe022900f
    1c011840:	1e00                	addi	s0,sp,816
    1c011842:	7005                	c.lui	zero,0xfffe1
    1c011844:	e0049003          	lh	zero,-512(s1) # 0xffffffffffff4e00
    1c011848:	2480                	fld	fs0,8(s1)
    1c01184a:	14043903          	ld	s2,320(s0)
    1c01184e:	c6c6341b          	.insn	4, 0xc6c6341b
    1c011852:	78e0                	ld	s0,240(s1)
    1c011854:	c2e6                	sw	s9,68(sp)
    1c011856:	1cfc                	addi	a5,sp,636
    1c011858:	b6c8                	fsd	fa0,168(a3)
    1c01185a:	2482                	fld	fs1,0(sp)
    1c01185c:	3706                	fld	fa4,96(sp)
    1c01185e:	70ad                	lui	ra,0xfffeb
    1c011860:	c352                	sw	s4,132(sp)
    1c011862:	c053c257          	.insn	4, 0xc053c257
    1c011866:	1e00                	addi	s0,sp,816
    1c011868:	7344                	ld	s1,160(a4)
    1c01186a:	e022900f          	.insn	4, 0xe022900f
    1c01186e:	0043206f          	j	0x1c043872
    1c011872:	1000                	addi	s0,sp,32
    1c011874:	8804009b          	addiw	ra,s0,-1920
    1c011878:	4728                	lw	a0,72(a4)
    1c01187a:	702c                	ld	a1,96(s0)
    1c01187c:	0bdac04f          	fnmadd.d	ft0,fs5,ft9,ft1,rmm
    1c011880:	c013fe6f          	jal	t3,0x1bf51480
    1c011884:	2455c05b          	.insn	4, 0x2455c05b
    1c011888:	3e80                	fld	fs0,56(a3)
    1c01188a:	702c                	ld	a1,96(s0)
    1c01188c:	0cc6                	slli	s9,s9,0x11
    1c01188e:	dab4feef          	jal	t4,0x1bf61638
    1c011892:	2455                	addiw	s0,s0,21
    1c011894:	3880                	fld	fs0,48(s1)
    1c011896:	800041c3          	fmadd.s	ft3,ft0,ft0,fa6,rmm
    1c01189a:	0450                	addi	a2,sp,516
    1c01189c:	0df6                	slli	s11,s11,0x1d
    1c01189e:	da60fe2f          	.insn	4, 0xda60fe2f
    1c0118a2:	2455                	addiw	s0,s0,21
    1c0118a4:	3880                	fld	fs0,48(s1)
    1c0118a6:	0902                	c.slli	s2,0x0
    1c0118a8:	0060                	addi	s0,sp,12
    1c0118aa:	d960                	sw	s0,116(a0)
    1c0118ac:	146d                	addi	s0,s0,-5
    1c0118ae:	3600                	fld	fs0,40(a2)
    1c0118b0:	71cd                	lui	gp,0xffff3
    1c0118b2:	c050                	sw	a2,4(s0)
    1c0118b4:	146c                	addi	a1,sp,556
    1c0118b6:	3600                	fld	fs0,40(a2)
    1c0118b8:	c051                	beqz	s0,0x1c01193c
    1c0118ba:	f011                	bnez	s0,0x1c0117be
    1c0118bc:	6d21                	lui	s10,0x8
    1c0118be:	259a                	fld	fa1,384(sp)
    1c0118c0:	1008                	addi	a0,sp,32
    1c0118c2:	42c1                	li	t0,16
    1c0118c4:	e805                	bnez	s0,0x1c0118f4
    1c0118c6:	b861                	j	0x1c01115e
    1c0118c8:	08ff 8031 7a5b 2505 	.insn	10, 0x1f8025057a5b803108ff
    1c0118d0:	1f80 
    1c0118d2:	e0c49003          	lh	zero,-500(s1)
    1c0118d6:	b040                	fsd	fs0,160(s0)
    1c0118d8:	4528                	lw	a0,72(a0)
    1c0118da:	0de5                	addi	s11,s11,25
    1c0118dc:	9234                	.insn	2, 0x9234
    1c0118de:	2544                	fld	fs1,136(a0)
    1c0118e0:	17c0                	addi	s0,sp,996
    1c0118e2:	2044c013          	xori	zero,s1,516
    1c0118e6:	07c1                	addi	a5,a5,16
    1c0118e8:	40c1                	li	ra,16
    1c0118ea:	e906                	sd	ra,144(sp)
    1c0118ec:	b961                	j	0x1c011584
    1c0118ee:	0901                	addi	s2,s2,0 # 0xfffffffffffe1000
    1c0118f0:	0031                	c.nop	12
    1c0118f2:	780f781b          	.insn	4, 0x780f781b
    1c0118f6:	702c                	ld	a1,96(s0)
    1c0118f8:	0b32                	slli	s6,s6,0xc
    1c0118fa:	c05aff2f          	.insn	4, 0xc05aff2f
    1c0118fe:	c04cd8ff 000040c3 	.insn	20, 0x3e802455c04ad840c04b0f00000040c3c04cd8ff
    1c011906:	c04b0f00 c04ad840 
    1c01190e:	3e802455 
    1c011912:	c046                	sw	a7,0(sp)
    1c011914:	c010                	sw	a2,0(s0)
    1c011916:	1600                	addi	s0,sp,800
    1c011918:	708c                	ld	a1,32(s1)
    1c01191a:	8000                	.insn	2, 0x8000
    1c01191c:	702c044b          	fnmsub.s	fs0,fs8,ft2,fa4,rne
    1c011920:	c045                	beqz	s0,0x1c0119c0
    1c011922:	c011                	beqz	s0,0x1c011926
    1c011924:	c16d                	beqz	a0,0x1c011a06
    1c011926:	c748                	sw	a0,12(a4)
    1c011928:	c044                	sw	s1,4(s0)
    1c01192a:	1c1cc013          	xori	zero,s9,449
    1c01192e:	1c243183          	ld	gp,450(s0)
    1c011932:	3384                	fld	fs1,32(a5)
    1c011934:	1600c043          	.insn	4, 0x1600c043
    1c011938:	7080                	ld	s0,32(s1)
    1c01193a:	8000                	.insn	2, 0x8000
    1c01193c:	044c                	addi	a1,sp,516
    1c01193e:	215af00b          	.insn	4, 0x215af00b
    1c011942:	0402                	c.slli	s0,0x0
    1c011944:	7074                	ld	a3,224(s0)
    1c011946:	c39e                	sw	t2,196(sp)
    1c011948:	22ce                	fld	ft5,208(sp)
    1c01194a:	0021                	c.nop	8
    1c01194c:	ab40633b          	.insn	4, 0xab40633b
    1c011950:	7124                	ld	s1,96(a0)
    1c011952:	09f1                	addi	s3,s3,28
    1c011954:	8134                	.insn	2, 0x8134
    1c011956:	2144                	fld	fs1,128(a0)
    1c011958:	762c0043          	.insn	4, 0x762c0043
    1c01195c:	b961                	j	0x1c0115f4
    1c01195e:	0901                	addi	s2,s2,0
    1c011960:	0031                	c.nop	12
    1c011962:	36c2232f          	.insn	4, 0x36c2232f
    1c011966:	71ad                	lui	gp,0xfffeb
    1c011968:	2506                	fld	fa0,64(sp)
    1c01196a:	16c1                	addi	a3,a3,-16
    1c01196c:	c155                	beqz	a0,0x1c011a10
    1c01196e:	245f 1241 205f      	.insn	6, 0x205f1241245f
    1c011974:	0240                	addi	s0,sp,260
    1c011976:	c14e                	sw	s3,128(sp)
    1c011978:	e008c10f          	.insn	4, 0xe008c10f
    1c01197c:	c058                	sw	a4,4(s0)
    1c01197e:	211a                	fld	ft2,384(sp)
    1c011980:	0f81                	addi	t6,t6,0
    1c011982:	0010                	.insn	2, 0x0010
    1c011984:	0000                	unimp
    1c011986:	700c                	ld	a1,32(s0)
    1c011988:	c15c                	sw	a5,4(a0)
    1c01198a:	f0c9                	bnez	s1,0x1c01190c
    1c01198c:	0e52                	slli	t3,t3,0x14
    1c01198e:	c083ff2f          	.insn	4, 0xc083ff2f
    1c011992:	c50e                	sw	gp,136(sp)
    1c011994:	f019                	bnez	s0,0x1c01189a
    1c011996:	0e72                	slli	t3,t3,0x1c
    1c011998:	78affe2f          	.insn	4, 0x78affe2f
    1c01199c:	c111                	beqz	a0,0x1c0119a0
    1c01199e:	79b4                	ld	a3,112(a1)
    1c0119a0:	e80e                	sd	gp,16(sp)
    1c0119a2:	9100                	.insn	2, 0x9100
    1c0119a4:	e890                	sd	a2,16(s1)
    1c0119a6:	2455                	addiw	s0,s0,21
    1c0119a8:	3e80                	fld	fs0,56(a3)
    1c0119aa:	20f4                	fld	fa3,192(s1)
    1c0119ac:	0340                	addi	s0,sp,388
    1c0119ae:	2042                	fld	ft0,16(sp)
    1c0119b0:	0800                	addi	s0,sp,16
    1c0119b2:	f006262f          	.insn	4, 0xf006262f
    1c0119b6:	000e                	c.slli	zero,0x3
    1c0119b8:	0004                	.insn	2, 0x0004
    1c0119ba:	f006                	sd	ra,32(sp)
    1c0119bc:	000040c3          	fmadd.s	ft1,ft0,ft0,ft0,rmm
    1c0119c0:	b1001fff c01871a5 	.insn	12, 0x836508cfc01871a5b1001fff
    1c0119c8:	836508cf 
    1c0119cc:	082ec083          	lbu	ra,130(t4)
    1c0119d0:	c50eff4f          	.insn	4, 0xc50eff4f
    1c0119d4:	0e32f017          	auipc	zero,0xe32f
    1c0119d8:	78affe2f          	.insn	4, 0x78affe2f
    1c0119dc:	c110                	sw	a2,0(a0)
    1c0119de:	79b4                	ld	a3,112(a1)
    1c0119e0:	e80c                	sd	a1,16(s0)
    1c0119e2:	9100                	.insn	2, 0x9100
    1c0119e4:	081d                	addi	a6,a6,7
    1c0119e6:	0ff1                	addi	t6,t6,28
    1c0119e8:	2455                	addiw	s0,s0,21
    1c0119ea:	3e80                	fld	fs0,56(a3)
    1c0119ec:	20f5                	addiw	ra,ra,29 # 0xfffffffffffeb01d
    1c0119ee:	0340                	addi	s0,sp,388
    1c0119f0:	0811                	addi	a6,a6,4
    1c0119f2:	0832                	slli	a6,a6,0xc
    1c0119f4:	e020                	sd	s0,64(s0)
    1c0119f6:	f005                	bnez	s0,0x1c011916
    1c0119f8:	000040c3          	fmadd.s	ft1,ft0,ft0,ft0,rmm
    1c0119fc:	e000                	sd	s0,0(s0)
    1c0119fe:	b100                	fsd	fs0,32(a0)
    1c011a00:	71a5                	lui	gp,0xfffe9
    1c011a02:	c018                	sw	a4,0(s0)
    1c011a04:	834508d3          	.insn	4, 0x834508d3
    1c011a08:	c014                	sw	a3,0(s0)
    1c011a0a:	70ad                	lui	ra,0xfffeb
    1c011a0c:	c05d780f          	.insn	4, 0xc05d780f
    1c011a10:	7314                	ld	a3,32(a4)
    1c011a12:	c015                	beqz	s0,0x1c011a36
    1c011a14:	20ca                	fld	ft1,144(sp)
    1c011a16:	0061                	c.nop	24
    1c011a18:	c055                	beqz	s0,0x1c011abc
    1c011a1a:	1600                	addi	s0,sp,800
    1c011a1c:	7080                	ld	s0,32(s1)
    1c011a1e:	8000                	.insn	2, 0x8000
    1c011a20:	c056044b          	fnmsub.s	fs0,fa2,ft5,fs8,rne
    1c011a24:	c00e                	sw	gp,0(sp)
    1c011a26:	f06bc04f          	fnmadd.s	ft0,fs7,ft6,ft10,rmm
    1c011a2a:	72ed                	lui	t0,0xffffb
    1c011a2c:	70cd                	lui	ra,0xffff3
    1c011a2e:	f064                	sd	s1,224(s0)
    1c011a30:	0e15                	addi	t3,t3,5
    1c011a32:	1211                	addi	tp,tp,-28 # 0xffffffffffffffe4
    1c011a34:	7910c00f          	.insn	4, 0x7910c00f
    1c011a38:	c012                	sw	tp,0(sp)
    1c011a3a:	7834                	ld	a3,112(s0)
    1c011a3c:	10f0                	addi	a2,sp,108
    1c011a3e:	8101                	c.srli	a0,0x0
    1c011a40:	b020                	fsd	fs0,96(s0)
    1c011a42:	f056                	sd	s5,32(sp)
    1c011a44:	0dc2c00f          	.insn	4, 0x0dc2c00f
    1c011a48:	780ffe2f          	.insn	4, 0x780ffe2f
    1c011a4c:	08a1                	addi	a7,a7,8
    1c011a4e:	0010                	.insn	2, 0x0010
    1c011a50:	7910c00f          	.insn	4, 0x7910c00f
    1c011a54:	c011                	beqz	s0,0x1c011a58
    1c011a56:	20f5                	addiw	ra,ra,29 # 0xffffffffffff301d
    1c011a58:	0042                	c.slli	zero,0x10
    1c011a5a:	c010                	sw	a2,0(s0)
    1c011a5c:	20f5                	addiw	ra,ra,29
    1c011a5e:	4b500043          	fmadd.d	ft0,ft0,fs5,fs1,rne
    1c011a62:	2048                	fld	fa0,128(s0)
    1c011a64:	0000                	unimp
    1c011a66:	7c0e                	ld	s8,224(sp)
    1c011a68:	0c75                	addi	s8,s8,29
    1c011a6a:	730c11b3          	.insn	4, 0x730c11b3
    1c011a6e:	203c                	fld	fa5,64(s0)
    1c011a70:	0f7d039b          	addiw	t2,s10,247 # 0x80f7
    1c011a74:	16e0                	addi	s0,sp,876
    1c011a76:	43c1                	li	t2,16
    1c011a78:	c015                	beqz	s0,0x1c011a9c
    1c011a7a:	c219                	beqz	a2,0x1c011a80
    1c011a7c:	001c41c3          	fmadd.s	ft3,fs8,ft1,ft0,rmm
    1c011a80:	780f0003          	lb	zero,1920(t5) # 0xfffffffffffe1780
    1c011a84:	2078                	fld	fa4,192(s0)
    1c011a86:	0000                	unimp
    1c011a88:	0c5e                	slli	s8,s8,0x17
    1c011a8a:	c440fe2f          	.insn	4, 0xc440fe2f
    1c011a8e:	40c1                	li	ra,16
    1c011a90:	209a                	fld	ft1,384(sp)
    1c011a92:	0001                	nop
    1c011a94:	71ad                	lui	gp,0xfffeb
    1c011a96:	2004476b          	.insn	4, 0x2004476b
    1c011a9a:	0f82                	c.slli	t6,0x0
    1c011a9c:	37fe                	fld	fa5,504(sp)
    1c011a9e:	ff00                	sd	s0,56(a4)
    1c011aa0:	2055c01b          	.insn	4, 0x2055c01b
    1c011aa4:	08c1                	addi	a7,a7,16
    1c011aa6:	c01c                	sw	a5,0(s0)
    1c011aa8:	7905                	lui	s2,0xfffe1
    1c011aaa:	c019                	beqz	s0,0x1c011ab0
    1c011aac:	201a                	fld	ft0,384(sp)
    1c011aae:	0f80                	addi	s0,sp,976
    1c011ab0:	0000                	unimp
    1c011ab2:	1000                	addi	s0,sp,32
    1c011ab4:	7825                	lui	a6,0xfffe9
    1c011ab6:	7845                	lui	a6,0xffff1
    1c011ab8:	2005781b          	.insn	4, 0x2005781b
    1c011abc:	90020f83          	lb	t6,-1792(tp) # 0xfffffffffffff900
    1c011ac0:	0000                	unimp
    1c011ac2:	9340                	.insn	2, 0x9340
    1c011ac4:	c01d                	beqz	s0,0x1c011aea
    1c011ac6:	c19e                	sw	t2,192(sp)
    1c011ac8:	00002133          	sltz	sp,zero
    1c011acc:	6058                	ld	a4,128(s0)
    1c011ace:	780e                	ld	a6,224(sp)
    1c011ad0:	2048                	fld	fa0,128(s0)
    1c011ad2:	0000                	unimp
    1c011ad4:	2049                	.insn	2, 0x2049
    1c011ad6:	0800                	addi	s0,sp,16
    1c011ad8:	b300                	fsd	fs0,32(a4)
    1c011ada:	f00a                	sd	sp,32(sp)
    1c011adc:	c012                	sw	tp,0(sp)
    1c011ade:	2014                	fld	fa3,0(s0)
    1c011ae0:	0041                	c.nop	16
    1c011ae2:	6358                	ld	a4,128(a4)
    1c011ae4:	781c                	ld	a5,48(s0)
    1c011ae6:	2048                	fld	fa0,128(s0)
    1c011ae8:	0000                	unimp
    1c011aea:	b100                	fsd	fs0,32(a0)
    1c011aec:	71c5c00f          	.insn	4, 0x71c5c00f
    1c011af0:	7104                	ld	s1,32(a0)
    1c011af2:	0e3dc04f          	.insn	4, 0x0e3dc04f
    1c011af6:	9254                	.insn	2, 0x9254
    1c011af8:	c016                	sw	t0,0(sp)
    1c011afa:	7104                	ld	s1,32(a0)
    1c011afc:	c056                	sw	s5,0(sp)
    1c011afe:	c016                	sw	t0,0(sp)
    1c011b00:	1600                	addi	s0,sp,800
    1c011b02:	7081                	lui	ra,0xfffe0
    1c011b04:	8000                	.insn	2, 0x8000
    1c011b06:	044c                	addi	a1,sp,516
    1c011b08:	0923780f          	.insn	4, 0x0923780f
    1c011b0c:	8025                	srli	s0,s0,0x9
    1c011b0e:	c059                	beqz	s0,0x1c011b94
    1c011b10:	70b5                	lui	ra,0xfffed
    1c011b12:	0eec                	addi	a1,sp,860
    1c011b14:	fec2                	sd	a6,376(sp)
    1c011b16:	c014                	sw	a3,0(s0)
    1c011b18:	7104                	ld	s1,32(a0)
    1c011b1a:	c054                	sw	a3,4(s0)
    1c011b1c:	70b5                	lui	ra,0xfffed
    1c011b1e:	f538                	sd	a4,104(a0)
    1c011b20:	088dc017          	auipc	zero,0x88dc
    1c011b24:	0030                	addi	a2,sp,8
    1c011b26:	740c                	ld	a1,40(s0)
    1c011b28:	001d41c3          	fmadd.s	ft3,fs10,ft1,ft0,rmm
    1c011b2c:	0000                	unimp
    1c011b2e:	095e                	slli	s2,s2,0x17
    1c011b30:	1600fe4f          	.insn	4, 0x1600fe4f
    1c011b34:	708e                	ld	ra,224(sp)
    1c011b36:	8000                	.insn	2, 0x8000
    1c011b38:	f032044b          	fnmsub.s	fs0,ft4,ft3,ft10,rne
    1c011b3c:	0f4d                	addi	t5,t5,19
    1c011b3e:	1210                	addi	a2,sp,288
    1c011b40:	c00e                	sw	gp,0(sp)
    1c011b42:	0cc6                	slli	s9,s9,0x11
    1c011b44:	780ffe2f          	.insn	4, 0x780ffe2f
    1c011b48:	e818                	sd	a4,16(s0)
    1c011b4a:	c00e                	sw	gp,0(sp)
    1c011b4c:	2004781b          	.insn	4, 0x2004781b
    1c011b50:	0f81                	addi	t6,t6,0
    1c011b52:	0001                	nop
    1c011b54:	fffe                	sd	t6,504(sp)
    1c011b56:	c011                	beqz	s0,0x1c011b5a
    1c011b58:	2035                	.insn	2, 0x2035
    1c011b5a:	c0100043          	fmadd.s	ft0,ft0,ft1,fs8,rne
    1c011b5e:	2035                	.insn	2, 0x2035
    1c011b60:	0042                	c.slli	zero,0x10
    1c011b62:	c012                	sw	tp,0(sp)
    1c011b64:	2035                	.insn	2, 0x2035
    1c011b66:	0040                	addi	s0,sp,4
    1c011b68:	001f41c3          	fmadd.s	ft3,ft10,ft1,ft0,rmm
    1c011b6c:	0005                	c.nop	1
    1c011b6e:	c241                	beqz	a2,0x1c011bee
    1c011b70:	c042                	sw	a6,0(sp)
    1c011b72:	740c                	ld	a1,40(s0)
    1c011b74:	c340                	sw	s0,4(a4)
    1c011b76:	f006                	sd	ra,32(sp)
    1c011b78:	740c                	ld	a1,40(s0)
    1c011b7a:	001e41c3          	fmadd.s	ft3,ft8,ft1,ft0,rmm
    1c011b7e:	0002                	c.slli	zero,0x0
    1c011b80:	42a1                	li	t0,8
    1c011b82:	090a                	slli	s2,s2,0x2
    1c011b84:	43e1fe6f          	jal	t3,0x1c030fc2
    1c011b88:	c00e                	sw	gp,0(sp)
    1c011b8a:	71e5                	lui	gp,0xffff9
    1c011b8c:	7104                	ld	s1,32(a0)
    1c011b8e:	c04e                	sw	s3,0(sp)
    1c011b90:	0fad                	addi	t6,t6,11
    1c011b92:	9254                	.insn	2, 0x9254
    1c011b94:	c00e                	sw	gp,0(sp)
    1c011b96:	71c5                	lui	gp,0xffff1
    1c011b98:	7810                	ld	a2,48(s0)
    1c011b9a:	c04e                	sw	s3,0(sp)
    1c011b9c:	1600                	addi	s0,sp,800
    1c011b9e:	7080                	ld	s0,32(s1)
    1c011ba0:	8000                	.insn	2, 0x8000
    1c011ba2:	044c                	addi	a1,sp,516
    1c011ba4:	08ed7dcf          	fnmadd.s	fs11,fs10,fa4,ft1
    1c011ba8:	8365                	srli	a4,a4,0x19
    1c011baa:	70ed                	lui	ra,0xffffb
    1c011bac:	0e42                	slli	t3,t3,0x10
    1c011bae:	c01afeaf          	.insn	4, 0xc01afeaf
    1c011bb2:	700c                	ld	a1,32(s0)
    1c011bb4:	1e00                	addi	s0,sp,816
    1c011bb6:	7004                	ld	s1,32(s0)
    1c011bb8:	e0049003          	lh	zero,-512(s1)
    1c011bbc:	1600                	addi	s0,sp,800
    1c011bbe:	7100                	ld	s0,32(a0)
    1c011bc0:	9004                	.insn	2, 0x9004
    1c011bc2:	004a                	c.slli	zero,0x12
    1c011bc4:	1600                	addi	s0,sp,800
    1c011bc6:	7101                	addi	sp,sp,-512
    1c011bc8:	8000                	.insn	2, 0x8000
    1c011bca:	0060                	addi	s0,sp,12
    1c011bcc:	2104                	fld	fs1,0(a0)
    1c011bce:	0f81                	addi	t6,t6,0
    1c011bd0:	0000                	unimp
    1c011bd2:	0800                	addi	s0,sp,16
    1c011bd4:	2105                	addiw	sp,sp,1
    1c011bd6:	803e                	c.mv	zero,a5
    1c011bd8:	1600f443          	.insn	4, 0x1600f443
    1c011bdc:	7081                	lui	ra,0xfffe0
    1c011bde:	8000                	.insn	2, 0x8000
    1c011be0:	1600044b          	.insn	4, 0x1600044b
    1c011be4:	709f 8000 044c      	.insn	6, 0x044c8000709f
    1c011bea:	215f 0242 f02e      	.insn	6, 0xf02e0242215f
    1c011bf0:	260a                	fld	fa2,128(sp)
    1c011bf2:	3080                	fld	fs0,32(s1)
    1c011bf4:	f026                	sd	s1,32(sp)
    1c011bf6:	c012                	sw	tp,0(sp)
    1c011bf8:	20f5                	addiw	ra,ra,29 # 0xfffffffffffe001d
    1c011bfa:	078d                	addi	a5,a5,3
    1c011bfc:	2640                	fld	fs0,136(a2)
    1c011bfe:	305e                	fld	ft0,496(sp)
    1c011c00:	78bc                	ld	a5,112(s1)
    1c011c02:	781c                	ld	a5,48(s0)
    1c011c04:	781c                	ld	a5,48(s0)
    1c011c06:	781c                	ld	a5,48(s0)
    1c011c08:	4300                	lw	s0,0(a4)
    1c011c0a:	b861d81b          	.insn	4, 0xb861d81b
    1c011c0e:	0801                	addi	a6,a6,0 # 0xffffffffffff1000
    1c011c10:	0031                	c.nop	12
    1c011c12:	7b7d                	lui	s6,0xfffff
    1c011c14:	6578                	ld	a4,200(a0)
    1c011c16:	b8c4                	fsd	fs1,176(s1)
    1c011c18:	2d444873          	.insn	4, 0x2d444873
    1c011c1c:	1800                	addi	s0,sp,48
    1c011c1e:	6ca1                	lui	s9,0x8
    1c011c20:	249a                	fld	fs1,384(sp)
    1c011c22:	1008                	addi	a0,sp,32
    1c011c24:	209a                	fld	ft1,384(sp)
    1c011c26:	0010                	.insn	2, 0x0010
    1c011c28:	7b05                	lui	s6,0xfffe1
    1c011c2a:	211a                	fld	ft2,384(sp)
    1c011c2c:	0f80                	addi	s0,sp,976
    1c011c2e:	0000                	unimp
    1c011c30:	2000                	fld	fs0,0(s0)
    1c011c32:	7885                	lui	a7,0xfffe1
    1c011c34:	2005                	.insn	2, 0x2005
    1c011c36:	0f80                	addi	s0,sp,976
    1c011c38:	9002                	ebreak
    1c011c3a:	0064                	addi	s1,sp,12
    1c011c3c:	b060                	fsd	fs0,224(s0)
    1c011c3e:	44a9                	li	s1,10
    1c011c40:	92140cb7          	lui	s9,0x92140
    1c011c44:	7124                	ld	s1,96(a0)
    1c011c46:	e209                	bnez	a2,0x1c011c48
    1c011c48:	0fa9                	addi	t6,t6,10
    1c011c4a:	b065                	j	0x1c0114f2
    1c011c4c:	708d                	lui	ra,0xfffe3
    1c011c4e:	c010                	sw	a2,0(s0)
    1c011c50:	c212c117          	auipc	sp,0xc212c
    1c011c54:	c040                	sw	s0,4(s0)
    1c011c56:	0892c013          	xori	zero,t0,137
    1c011c5a:	c311ffef          	jal	t6,0x1bf3188a
    1c011c5e:	2480                	fld	fs0,8(s1)
    1c011c60:	3706                	fld	fa4,96(sp)
    1c011c62:	1404                	addi	s1,sp,544
    1c011c64:	c6c6341b          	.insn	4, 0xc6c6341b
    1c011c68:	c2e6                	sw	s9,68(sp)
    1c011c6a:	1cfc                	addi	a5,sp,636
    1c011c6c:	b6c8                	fsd	fa0,168(a3)
    1c011c6e:	c1a8                	sw	a0,64(a1)
    1c011c70:	0c0a                	slli	s8,s8,0x2
    1c011c72:	4608fe6f          	jal	t3,0x1c0a10d2
    1c011c76:	0c86                	slli	s9,s9,0x1
    1c011c78:	c045fe6f          	jal	t3,0x1bf7107c
    1c011c7c:	0c8e                	slli	s9,s9,0x3
    1c011c7e:	c047fe6f          	jal	t3,0x1bf91082
    1c011c82:	000041c3          	fmadd.s	ft3,ft0,ft0,ft0,rmm
    1c011c86:	cccc                	sw	a1,28(s1)
    1c011c88:	c044                	sw	s1,4(s0)
    1c011c8a:	706c                	ld	a1,224(s0)
    1c011c8c:	4220d80f          	.insn	4, 0x4220d80f
    1c011c90:	4568                	lw	a0,76(a0)
    1c011c92:	0ce2                	slli	s9,s9,0x18
    1c011c94:	c340fe6f          	jal	t3,0x1bf210c8
    1c011c98:	d808                	sw	a0,48(s0)
    1c011c9a:	702c                	ld	a1,96(s0)
    1c011c9c:	704c                	ld	a1,160(s0)
    1c011c9e:	706c                	ld	a1,224(s0)
    1c011ca0:	0cd2                	slli	s9,s9,0x14
    1c011ca2:	c540fe6f          	jal	t3,0x1bf210f6
    1c011ca6:	c005                	beqz	s0,0x1c011cc6
    1c011ca8:	c046780f          	.insn	4, 0xc046780f
    1c011cac:	c106                	sw	ra,128(sp)
    1c011cae:	0b6e                	slli	s6,s6,0x1b
    1c011cb0:	700cfe2f          	.insn	4, 0x700cfe2f
    1c011cb4:	1200                	addi	s0,sp,288
    1c011cb6:	d8ff3083          	ld	ra,-625(t5)
    1c011cba:	702c                	ld	a1,96(s0)
    1c011cbc:	754c                	ld	a1,168(a0)
    1c011cbe:	c542c543          	.insn	4, 0xc542c543
    1c011cc2:	c541                	beqz	a0,0x1c011d4a
    1c011cc4:	0c1e                	slli	s8,s8,0x7
    1c011cc6:	c540fe2f          	.insn	4, 0xc540fe2f
    1c011cca:	70ed                	lui	ra,0xffffb
    1c011ccc:	bf8e                	fsd	ft3,504(sp)
    1c011cce:	f85e                	sd	s7,48(sp)
    1c011cd0:	c542c543          	.insn	4, 0xc542c543
    1c011cd4:	c541                	beqz	a0,0x1c011d5c
    1c011cd6:	0c0e                	slli	s8,s8,0x3
    1c011cd8:	c540fe2f          	.insn	4, 0xc540fe2f
    1c011cdc:	ca08                	sw	a0,16(a2)
    1c011cde:	41c37ecf          	fnmadd.s	ft9,ft6,ft8,fs0
    1c011ce2:	0000                	unimp
    1c011ce4:	7500                	ld	s0,40(a0)
    1c011ce6:	d8ffc043          	fmadd.s	ft0,ft11,fa5,fs11,rmm
    1c011cea:	724c                	ld	a1,160(a2)
    1c011cec:	746c                	ld	a1,232(s0)
    1c011cee:	c642                	sw	a6,12(sp)
    1c011cf0:	c541                	beqz	a0,0x1c011d78
    1c011cf2:	1c00                	addi	s0,sp,560
    1c011cf4:	3f80                	fld	fs0,56(a5)
    1c011cf6:	0000                	unimp
    1c011cf8:	1000                	addi	s0,sp,32
    1c011cfa:	0bea                	slli	s7,s7,0x1a
    1c011cfc:	4338fe2f          	.insn	4, 0x4338fe2f
    1c011d00:	c004                	sw	s1,0(s0)
    1c011d02:	754c                	ld	a1,168(a0)
    1c011d04:	2044c543          	fmadd.s	fa0,fs1,ft4,ft4,rmm
    1c011d08:	0041                	c.nop	16
    1c011d0a:	6038                	ld	a4,64(s0)
    1c011d0c:	e010                	sd	a2,0(s0)
    1c011d0e:	c044780f          	.insn	4, 0xc044780f
    1c011d12:	c304                	sw	s1,0(a4)
    1c011d14:	d980d8ff c541c542 	.insn	20, 0xfe2f0b7e700cc540fe2f0bc6c541c542d980d8ff
    1c011d1c:	fe2f0bc6 700cc540 
    1c011d24:	fe2f0b7e 
    1c011d28:	712c                	ld	a1,96(a0)
    1c011d2a:	000041c3          	fmadd.s	ft3,ft0,ft0,ft0,rmm
    1c011d2e:	43c33333          	.insn	4, 0x43c33333
    1c011d32:	0000                	unimp
    1c011d34:	9999                	andi	a1,a1,-26
    1c011d36:	4220d80f          	.insn	4, 0x4220d80f
    1c011d3a:	0c3a                	slli	s8,s8,0xe
    1c011d3c:	c340fe6f          	jal	t3,0x1bf21170
    1c011d40:	000041c3          	fmadd.s	ft3,ft0,ft0,ft0,rmm
    1c011d44:	aaaa                	fsd	fa0,336(sp)
    1c011d46:	d808                	sw	a0,48(s0)
    1c011d48:	4220                	lw	s0,64(a2)
    1c011d4a:	706c                	ld	a1,224(s0)
    1c011d4c:	0c26                	slli	s8,s8,0x9
    1c011d4e:	c540fe6f          	jal	t3,0x1bf211a2
    1c011d52:	c106                	sw	ra,128(sp)
    1c011d54:	0ac6                	slli	s5,s5,0x11
    1c011d56:	700cfe2f          	.insn	4, 0x700cfe2f
    1c011d5a:	1200                	addi	s0,sp,288
    1c011d5c:	d8ff3083          	ld	ra,-625(t5)
    1c011d60:	702c                	ld	a1,96(s0)
    1c011d62:	754c                	ld	a1,168(a0)
    1c011d64:	c542c543          	.insn	4, 0xc542c543
    1c011d68:	c541                	beqz	a0,0x1c011df0
    1c011d6a:	0b7a                	slli	s6,s6,0x1e
    1c011d6c:	c540fe2f          	.insn	4, 0xc540fe2f
    1c011d70:	f835                	bnez	s0,0x1c011ce4
    1c011d72:	c542c543          	.insn	4, 0xc542c543
    1c011d76:	c541                	beqz	a0,0x1c011dfe
    1c011d78:	0b6a                	slli	s6,s6,0x1a
    1c011d7a:	c540fe2f          	.insn	4, 0xc540fe2f
    1c011d7e:	ca08                	sw	a0,16(a2)
    1c011d80:	724c4163          	blt	s8,tp,0x1c0124a2
    1c011d84:	d8ffc043          	fmadd.s	ft0,ft11,fa5,fs11,rmm
    1c011d88:	c642                	sw	a6,12(sp)
    1c011d8a:	c541                	beqz	a0,0x1c011e12
    1c011d8c:	1c00                	addi	s0,sp,560
    1c011d8e:	3f80                	fld	fs0,56(a5)
    1c011d90:	0000                	unimp
    1c011d92:	1000                	addi	s0,sp,32
    1c011d94:	0b4e                	slli	s6,s6,0x13
    1c011d96:	746cfe2f          	.insn	4, 0x746cfe2f
    1c011d9a:	c304                	sw	s1,0(a4)
    1c011d9c:	41e1d8ff c543754c 	.insn	20, 0x09eac540fe2f0b3ac541c642c543754c41e1d8ff
    1c011da4:	c541c642 fe2f0b3a 
    1c011dac:	09eac540 
    1c011db0:	40c1fe6f          	jal	t3,0x1c0311bc
    1c011db4:	ca08                	sw	a0,16(a2)
    1c011db6:	2350                	fld	fa2,128(a4)
    1c011db8:	3301                	addiw	t1,t1,-32
    1c011dba:	714c                	ld	a1,160(a0)
    1c011dbc:	d8ffc043          	fmadd.s	ft0,ft11,fa5,fs11,rmm
    1c011dc0:	c642                	sw	a6,12(sp)
    1c011dc2:	c541                	beqz	a0,0x1c011e4a
    1c011dc4:	1c00                	addi	s0,sp,560
    1c011dc6:	3f80                	fld	fs0,56(a5)
    1c011dc8:	0000                	unimp
    1c011dca:	1000                	addi	s0,sp,32
    1c011dcc:	0b16                	slli	s6,s6,0x5
    1c011dce:	746cfe2f          	.insn	4, 0x746cfe2f
    1c011dd2:	098a                	slli	s3,s3,0x2
    1c011dd4:	40c1fe6f          	jal	t3,0x1c0311e0
    1c011dd8:	c105                	beqz	a0,0x1c011df8
    1c011dda:	754cc007          	.insn	4, 0x754cc007
    1c011dde:	2014c543          	fmadd.s	fa0,fs1,ft1,ft4,rmm
    1c011de2:	0041                	c.nop	16
    1c011de4:	4958                	lw	a4,20(a0)
    1c011de6:	b8c0                	fsd	fs0,176(s1)
    1c011de8:	6038                	ld	a4,64(s0)
    1c011dea:	e028                	sd	a0,64(s0)
    1c011dec:	d8ff7b0f          	.insn	4, 0xd8ff7b0f
    1c011df0:	702c                	ld	a1,96(s0)
    1c011df2:	c542                	sw	a6,136(sp)
    1c011df4:	c541                	beqz	a0,0x1c011e7c
    1c011df6:	0aee                	slli	s5,s5,0x1b
    1c011df8:	c540fe2f          	.insn	4, 0xc540fe2f
    1c011dfc:	d8ff79fb          	.insn	4, 0xd8ff79fb
    1c011e00:	754c                	ld	a1,168(a0)
    1c011e02:	726c                	ld	a1,224(a2)
    1c011e04:	1c0c                	addi	a1,sp,560
    1c011e06:	30c1                	addiw	ra,ra,-16 # 0xffffffffffffaff0
    1c011e08:	c542                	sw	a6,136(sp)
    1c011e0a:	c541                	beqz	a0,0x1c011e92
    1c011e0c:	0ad6                	slli	s5,s5,0x15
    1c011e0e:	c540fe2f          	.insn	4, 0xc540fe2f
    1c011e12:	702cd8ff db10754c 	.insn	20, 0xc540fe2f0ac2c541c542c543db10754c702cd8ff
    1c011e1a:	c542c543 0ac2c541 
    1c011e22:	c540fe2f 
    1c011e26:	d980d8ff 746c754c 	.insn	20, 0xc540fe2f0aaec541c542c543746c754cd980d8ff
    1c011e2e:	c542c543 0aaec541 
    1c011e36:	c540fe2f 
    1c011e3a:	c0a8                	sw	a0,64(s1)
    1c011e3c:	1404                	addi	s1,sp,544
    1c011e3e:	c6c6341b          	.insn	4, 0xc6c6341b
    1c011e42:	78e0                	ld	s0,240(s1)
    1c011e44:	41e1d8ff 726c754c 	.insn	20, 0xc1acb6c81cfcc2e678e07ee0726c754c41e1d8ff
    1c011e4c:	78e07ee0 1cfcc2e6 
    1c011e54:	c1acb6c8 
    1c011e58:	4608                	lw	a0,8(a2)
    1c011e5a:	1600                	addi	s0,sp,800
    1c011e5c:	7080                	ld	s0,32(s1)
    1c011e5e:	8000                	.insn	2, 0x8000
    1c011e60:	0010                	.insn	2, 0x0010
    1c011e62:	c245                	beqz	a2,0x1c011f02
    1c011e64:	c04a                	sw	s2,0(sp)
    1c011e66:	9101                	srli	a0,a0,0x20
    1c011e68:	c048                	sw	a0,4(s0)
    1c011e6a:	800040c3          	fmadd.s	ft1,ft0,ft0,fa6,rmm
    1c011e6e:	0440                	addi	s0,sp,516
    1c011e70:	9022                	c.add	zero,s0
    1c011e72:	9001                	srli	s0,s0,0x20
    1c011e74:	c144                	sw	s1,4(a0)
    1c011e76:	c046                	sw	a7,0(sp)
    1c011e78:	700c                	ld	a1,32(s0)
    1c011e7a:	09a2                	slli	s3,s3,0x8
    1c011e7c:	702cfe2f          	.insn	4, 0x702cfe2f
    1c011e80:	1200                	addi	s0,sp,288
    1c011e82:	70ad3083          	ld	ra,1802(s10)
    1c011e86:	702cd8ff c543754c 	.insn	20, 0xc005c540fe2f0a52c541c542c543754c702cd8ff
    1c011e8e:	c541c542 fe2f0a52 
    1c011e96:	c005c540 
    1c011e9a:	71ed                	lui	gp,0xffffb
    1c011e9c:	1418                	addi	a4,sp,544
    1c011e9e:	7014301b          	.insn	4, 0x7014301b
    1c011ea2:	2012d8ff c04b0380 	.insn	20, 0x10310e01be61ee06bec440e1c04b03802012d8ff
    1c011eaa:	bec440e1 be61ee06 
    1c011eb2:	10310e01 
    1c011eb6:	c049781b          	.insn	4, 0xc049781b
    1c011eba:	c004                	sw	s1,0(s0)
    1c011ebc:	23c5                	addiw	t2,t2,17
    1c011ebe:	3f82                	fld	ft11,32(sp)
    1c011ec0:	0000                	unimp
    1c011ec2:	1080                	addi	s0,sp,96
    1c011ec4:	2084                	fld	fs1,0(s1)
    1c011ec6:	c0440fe7          	jalr	t6,-1020(s0)
    1c011eca:	f030                	sd	a2,96(s0)
    1c011ecc:	2544                	fld	fs1,136(a0)
    1c011ece:	17c0                	addi	s0,sp,996
    1c011ed0:	e805                	bnez	s0,0x1c011f00
    1c011ed2:	b861                	j	0x1c01176a
    1c011ed4:	08ff 8031 7edb c00a 	.insn	10, 0x78c4c00a7edb803108ff
    1c011edc:	78c4 
    1c011ede:	c005c047          	fmsub.s	ft0,fa1,ft0,fs8,rmm
    1c011ee2:	e812                	sd	tp,16(sp)
    1c011ee4:	e810c007          	.insn	4, 0xe810c007
    1c011ee8:	c04278cf          	fnmadd.s	fa7,ft4,ft4,fs8
    1c011eec:	c004                	sw	s1,0(s0)
    1c011eee:	702c                	ld	a1,96(s0)
    1c011ef0:	734c                	ld	a1,160(a4)
    1c011ef2:	c040                	sw	s0,4(s0)
    1c011ef4:	db13d8ff 30011c0c 	.insn	20, 0xc00bc10730811c04fe2f0b8230011c0cdb13d8ff
    1c011efc:	fe2f0b82 30811c04 
    1c011f04:	c00bc107 
    1c011f08:	f20f790b          	.insn	4, 0xf20f790b
    1c011f0c:	c04278cf          	fnmadd.s	fa7,ft4,ft4,fs8
    1c011f10:	702cd8ff db13734c 	.insn	20, 0x1c00fe2f0b62c74130011c0cdb13734c702cd8ff
    1c011f18:	30011c0c 0b62c741 
    1c011f20:	1c00fe2f 
    1c011f24:	36c0                	fld	fs0,168(a3)
    1c011f26:	71a5                	lui	gp,0xfffe9
    1c011f28:	0da5                	addi	s11,s11,9
    1c011f2a:	9134                	.insn	2, 0x9134
    1c011f2c:	46e9                	li	a3,26
    1c011f2e:	c009                	beqz	s0,0x1c011f30
    1c011f30:	c108                	sw	a0,0(a0)
    1c011f32:	70ad                	lui	ra,0xfffeb
    1c011f34:	c042780f          	.insn	4, 0xc042780f
    1c011f38:	c005                	beqz	s0,0x1c011f58
    1c011f3a:	734cb987          	fld	fs3,1844(s9) # 0xffffffff92140734
    1c011f3e:	7014                	ld	a3,32(s0)
    1c011f40:	c006                	sw	ra,0(sp)
    1c011f42:	c543db13          	.insn	4, 0xc543db13
    1c011f46:	21ca                	fld	ft3,144(sp)
    1c011f48:	0001                	nop
    1c011f4a:	c140                	sw	s0,4(a0)
    1c011f4c:	702cd8ff fe2f0b2e 	.insn	20, 0x1c0cdb22754c702cd8ffc741fe2f0b2e702cd8ff
    1c011f54:	d8ffc741 754c702c 
    1c011f5c:	1c0cdb22 
    1c011f60:	3401                	addiw	s0,s0,-32
    1c011f62:	c542                	sw	a6,136(sp)
    1c011f64:	c541                	beqz	a0,0x1c011fec
    1c011f66:	097e                	slli	s2,s2,0x1f
    1c011f68:	c540fe2f          	.insn	4, 0xc540fe2f
    1c011f6c:	d980d8ff 746c754c 	.insn	20, 0xc540fe2f096ac541c542c543746c754cd980d8ff
    1c011f74:	c542c543 096ac541 
    1c011f7c:	c540fe2f 
    1c011f80:	700c                	ld	a1,32(s0)
    1c011f82:	0922                	slli	s2,s2,0x8
    1c011f84:	712cfe2f          	.insn	4, 0x712cfe2f
    1c011f88:	c0ac                	sw	a1,64(s1)
    1c011f8a:	1404                	addi	s1,sp,544
    1c011f8c:	c6c6341b          	.insn	4, 0xc6c6341b
    1c011f90:	c2e6                	sw	s9,68(sp)
    1c011f92:	1cfc                	addi	a5,sp,636
    1c011f94:	b6c8                	fsd	fa0,168(a3)
    1c011f96:	c1a4                	sw	s1,64(a1)
    1c011f98:	4728                	lw	a0,72(a4)
    1c011f9a:	0962                	slli	s2,s2,0x18
    1c011f9c:	4608fe6f          	jal	t3,0x1c0a13fc
    1c011fa0:	4318                	lw	a4,0(a4)
    1c011fa2:	700c                	ld	a1,32(s0)
    1c011fa4:	0876                	slli	a6,a6,0x1d
    1c011fa6:	d908fe2f          	.insn	4, 0xd908fe2f
    1c011faa:	70ad                	lui	ra,0xfffeb
    1c011fac:	702cd8ff db7c704c 	.insn	20, 0xc540fe2f092ac541c642c543db7c704c702cd8ff
    1c011fb4:	c642c543 092ac541 
    1c011fbc:	c540fe2f 
    1c011fc0:	0b32                	slli	s6,s6,0xc
    1c011fc2:	d8fffe2f          	.insn	4, 0xd8fffe2f
    1c011fc6:	2344                	fld	fs1,128(a4)
    1c011fc8:	3040                	fld	fs0,160(s0)
    1c011fca:	70f57063          	bgeu	a0,a5,0x1c0126ca
    1c011fce:	70ed                	lui	ra,0xffffb
    1c011fd0:	2040                	fld	fs0,128(s0)
    1c011fd2:	bf8c0b9b          	addiw	s7,s8,-1032
    1c011fd6:	f82cf213          	andi	tp,s9,-126
    1c011fda:	1c0c                	addi	a1,sp,560
    1c011fdc:	3081                	addiw	ra,ra,-32 # 0xffffffffffffafe0
    1c011fde:	c642                	sw	a6,12(sp)
    1c011fe0:	c541                	beqz	a0,0x1c012068
    1c011fe2:	0902                	c.slli	s2,0x0
    1c011fe4:	c740fe2f          	.insn	4, 0xc740fe2f
    1c011fe8:	d90cd8ff 756c714c 	.insn	20, 0x1c0cf007c740c541c642c543756c714cd90cd8ff
    1c011ff0:	c642c543 c740c541 
    1c011ff8:	1c0cf007 
    1c011ffc:	3101                	addiw	sp,sp,-32 # 0xffffffffde13dc30
    1c011ffe:	c642                	sw	a6,12(sp)
    1c012000:	c541                	beqz	a0,0x1c012088
    1c012002:	c740                	sw	s0,12(a4)
    1c012004:	f821                	bnez	s0,0x1c011f54
    1c012006:	08de                	slli	a7,a7,0x17
    1c012008:	d8fffe0f          	.insn	4, 0xd8fffe0f
    1c01200c:	702c                	ld	a1,96(s0)
    1c01200e:	714c                	ld	a1,160(a0)
    1c012010:	746c                	ld	a1,232(s0)
    1c012012:	c642c543          	.insn	4, 0xc642c543
    1c012016:	c541                	beqz	a0,0x1c01209e
    1c012018:	08ca                	slli	a7,a7,0x12
    1c01201a:	c740fe2f          	.insn	4, 0xc740fe2f
    1c01201e:	70ad                	lui	ra,0xfffeb
    1c012020:	06c7232f          	amoadd.w.aqrl	t1,a2,(a4)
    1c012024:	d90cd8ff c543714c 	.insn	20, 0x702cc740fe2f08b2c541c642c543714cd90cd8ff
    1c01202c:	c541c642 fe2f08b2 
    1c012034:	702cc740 
    1c012038:	b98fd8ff 726c754c 	.insn	20, 0xfe2f089ac541c54230c11c0c726c754cb98fd8ff
    1c012040:	30c11c0c c541c542 
    1c012048:	fe2f089a 
    1c01204c:	c540                	sw	s0,12(a0)
    1c01204e:	702cd8ff db10754c 	.insn	20, 0xc540fe2f0886c541c542c543db10754c702cd8ff
    1c012056:	c542c543 0886c541 
    1c01205e:	c540fe2f 
    1c012062:	0a76                	slli	s4,s4,0x1d
    1c012064:	d8fffe2f          	.insn	4, 0xd8fffe2f
    1c012068:	208a                	fld	ft1,128(sp)
    1c01206a:	0010                	.insn	2, 0x0010
    1c01206c:	c040                	sw	s0,4(s0)
    1c01206e:	d980d8ff 746c764c 	.insn	20, 0xc0a4c541fe2f086ac642c543746c764cd980d8ff
    1c012076:	c642c543 fe2f086a 
    1c01207e:	c0a4c541 
    1c012082:	1404                	addi	s1,sp,544
    1c012084:	c6c6341b          	.insn	4, 0xc6c6341b
    1c012088:	d90cd8ff 746c714c 	.insn	20, 0xc1a5b6c81cfcc2e678e07ee0746c714cd90cd8ff
    1c012090:	78e07ee0 1cfcc2e6 
    1c012098:	c1a5b6c8 
    1c01209c:	4338                	lw	a4,64(a4)
    1c01209e:	4708                	lw	a0,8(a4)
    1c0120a0:	700c                	ld	a1,32(s0)
    1c0120a2:	4668d9ff fdef0f76 	.insn	20, 0xc043c044700c308312004548fdef0f764668d9ff
    1c0120aa:	12004548 700c3083 
    1c0120b2:	c043c044 
    1c0120b6:	c042                	sw	a6,0(sp)
    1c0120b8:	c041                	beqz	s0,0x1c012138
    1c0120ba:	c040                	sw	s0,4(s0)
    1c0120bc:	702cd8ff fe2f0822 	.insn	20, 0x80000f802032c004f019754cfe2f0822702cd8ff
    1c0120c4:	f019754c 2032c004 
    1c0120cc:	80000f80 
    1c0120d0:	0698                	addi	a4,sp,832
    1c0120d2:	0e21                	addi	t3,t3,8
    1c0120d4:	734c102f          	.insn	4, 0x734c102f
    1c0120d8:	23f4                	fld	fa3,192(a5)
    1c0120da:	3001                	.insn	2, 0x3001
    1c0120dc:	c041                	beqz	s0,0x1c01215c
    1c0120de:	c140d8ff db13702c 	.insn	20, 0xc004c742fe2f099630011c0cdb13702cc140d8ff
    1c0120e6:	30011c0c fe2f0996 
    1c0120ee:	c004c742 
    1c0120f2:	7104                	ld	s1,32(a0)
    1c0120f4:	c044                	sw	s1,4(s0)
    1c0120f6:	c004                	sw	s1,0(s0)
    1c0120f8:	08d1                	addi	a7,a7,20 # 0xfffffffffffe1014
    1c0120fa:	8114                	.insn	2, 0x8114
    1c0120fc:	208aed0f          	.insn	4, 0x208aed0f
    1c012100:	0010                	.insn	2, 0x0010
    1c012102:	c040                	sw	s0,4(s0)
    1c012104:	702cd8ff 746cda07 	.insn	20, 0x1c04fdef0fd2c74230011c0c746cda07702cd8ff
    1c01210c:	30011c0c 0fd2c742 
    1c012114:	1c04fdef 
    1c012118:	3001                	.insn	2, 0x3001
    1c01211a:	702c                	ld	a1,96(s0)
    1c01211c:	754cd8ff 1c0cdb32 	.insn	20, 0xfdef0fb6c141c142452834011c0cdb32754cd8ff
    1c012124:	45283401 c141c142 
    1c01212c:	fdef0fb6 
    1c012130:	c140                	sw	s0,4(a0)
    1c012132:	d980d8ff 746c754c 	.insn	20, 0xc540fdef0fa2c541c542c543746c754cd980d8ff
    1c01213a:	c542c543 0fa2c541 
    1c012142:	c540fdef 
    1c012146:	700c                	ld	a1,32(s0)
    1c012148:	0f5a                	slli	t5,t5,0x16
    1c01214a:	712cfdef          	jal	s11,0x1c0e185c
    1c01214e:	c0a5                	beqz	s1,0x1c0121ae
    1c012150:	1404                	addi	s1,sp,544
    1c012152:	c6c6341b          	.insn	4, 0xc6c6341b
    1c012156:	78e0                	ld	s0,240(s1)
    1c012158:	c2e6                	sw	s9,68(sp)
    1c01215a:	1cfc                	addi	a5,sp,636
    1c01215c:	b6c8                	fsd	fa0,168(a3)
    1c01215e:	c1a1                	beqz	a1,0x1c01219e
    1c012160:	4318                	lw	a4,0(a4)
    1c012162:	1600                	addi	s0,sp,800
    1c012164:	7080                	ld	s0,32(s1)
    1c012166:	8000                	.insn	2, 0x8000
    1c012168:	0010                	.insn	2, 0x0010
    1c01216a:	4648                	lw	a0,12(a2)
    1c01216c:	4728                	lw	a0,72(a4)
    1c01216e:	70ad                	lui	ra,0xfffeb
    1c012170:	c040                	sw	s0,4(s0)
    1c012172:	f014                	sd	a3,32(s0)
    1c012174:	c000                	sw	s0,0(s0)
    1c012176:	036e0823          	sb	s6,48(t3)
    1c01217a:	710c                	ld	a1,32(a0)
    1c01217c:	2544                	fld	fs1,136(a0)
    1c01217e:	17c1                	addi	a5,a5,-16
    1c012180:	e905                	bnez	a0,0x1c0121b0
    1c012182:	b961                	j	0x1c011e1a
    1c012184:	09ff 8031 781b 42e1 	.insn	10, 0x780f42e1781b803109ff
    1c01218c:	780f 
    1c01218e:	0f064163          	blt	a2,a6,0x1c012270
    1c012192:	43c1ffef          	jal	t6,0x1c0315ce
    1c012196:	71a5                	lui	gp,0xfffe9
    1c012198:	0ddd                	addi	s11,s11,23
    1c01219a:	9114                	.insn	2, 0x9114
    1c01219c:	14047487          	.insn	4, 0x14047487
    1c0121a0:	c6c6341b          	.insn	4, 0xc6c6341b
    1c0121a4:	c2e2                	sw	s8,68(sp)
    1c0121a6:	260a                	fld	fa2,128(sp)
    1c0121a8:	3040                	fld	fs0,160(s0)
    1c0121aa:	4308                	lw	a0,0(a4)
    1c0121ac:	70ad                	lui	ra,0xfffeb
    1c0121ae:	f024                	sd	s1,96(s0)
    1c0121b0:	255a                	fld	fa0,400(sp)
    1c0121b2:	1182                	slli	gp,gp,0x20
    1c0121b4:	7261                	lui	tp,0xffff8
    1c0121b6:	8a01                	andi	a2,a2,0
    1c0121b8:	8a60                	.insn	2, 0x8a60
    1c0121ba:	8a22                	mv	s4,s0
    1c0121bc:	209a                	fld	ft1,384(sp)
    1c0121be:	0004                	.insn	2, 0x0004
    1c0121c0:	7b05                	lui	s6,0xfffe1
    1c0121c2:	209a8a03          	lb	s4,521(s5)
    1c0121c6:	0004                	.insn	2, 0x0004
    1c0121c8:	7825                	lui	a6,0xfffe9
    1c0121ca:	201a                	fld	ft0,384(sp)
    1c0121cc:	0f80                	addi	s0,sp,976
    1c0121ce:	0001                	nop
    1c0121d0:	0000                	unimp
    1c0121d2:	2005                	.insn	2, 0x2005
    1c0121d4:	00c1                	addi	ra,ra,16 # 0xfffffffffffeb010
    1c0121d6:	8a05                	andi	a2,a2,1
    1c0121d8:	8a64                	.insn	2, 0x8a64
    1c0121da:	7734                	ld	a3,104(a4)
    1c0121dc:	209a                	fld	ft1,384(sp)
    1c0121de:	0004                	.insn	2, 0x0004
    1c0121e0:	7865                	lui	a6,0xffff9
    1c0121e2:	793bf207          	.insn	4, 0x793bf207
    1c0121e6:	b99c                	fsd	fa5,48(a1)
    1c0121e8:	b99f b100 f003      	.insn	6, 0xf003b100b99f
    1c0121ee:	089a                	slli	a7,a7,0x6
    1c0121f0:	71a5fe8f          	.insn	4, 0x71a5fe8f
    1c0121f4:	2e45                	addiw	t3,t3,17
    1c0121f6:	3180                	fld	fs0,32(a1)
    1c0121f8:	0db9                	addi	s11,s11,14
    1c0121fa:	9004                	.insn	2, 0x9004
    1c0121fc:	c6c2                	sw	a6,76(sp)
    1c0121fe:	78e0                	ld	s0,240(s1)
    1c012200:	c2e6                	sw	s9,68(sp)
    1c012202:	1cfc                	addi	a5,sp,636
    1c012204:	b6c8                	fsd	fa0,168(a3)
    1c012206:	c1a1                	beqz	a1,0x1c012246
    1c012208:	4718                	lw	a4,8(a4)
    1c01220a:	800040c3          	fmadd.s	ft1,ft0,ft0,fa6,rmm
    1c01220e:	0440                	addi	s0,sp,516
    1c012210:	433888cb          	fnmsub.d	fa7,fa7,fs3,fs0,rne
    1c012214:	c340                	sw	s0,4(a4)
    1c012216:	ea04                	sd	s1,16(a2)
    1c012218:	f00479db          	.insn	4, 0xf00479db
    1c01221c:	265f 1241 100c      	.insn	6, 0x100c1241265f
    1c012222:	009e                	slli	ra,ra,0x7
    1c012224:	7054                	ld	a3,160(s0)
    1c012226:	dd08                	sw	a0,56(a0)
    1c012228:	25ca                	fld	fa1,144(sp)
    1c01222a:	1062                	c.slli	zero,0x38
    1c01222c:	f039                	bnez	s0,0x1c012172
    1c01222e:	40e1                	li	ra,24
    1c012230:	209a                	fld	ft1,384(sp)
    1c012232:	0004                	.insn	2, 0x0004
    1c012234:	c300                	sw	s0,0(a4)
    1c012236:	23f5                	addiw	t2,t2,29
    1c012238:	3042                	fld	ft0,48(sp)
    1c01223a:	7c5ceb13          	ori	s6,s9,1989
    1c01223e:	7c9c                	ld	a5,56(s1)
    1c012240:	7c9c                	ld	a5,56(s1)
    1c012242:	7c9c                	ld	a5,56(s1)
    1c012244:	224a                	fld	ft4,144(sp)
    1c012246:	16c0                	addi	s0,sp,868
    1c012248:	2a44                	fld	fs1,144(a2)
    1c01224a:	22420803          	lb	a6,548(tp) # 0xffffffffffff8224
    1c01224e:	104a                	c.slli	zero,0x32
    1c012250:	0afd                	addi	s5,s5,31
    1c012252:	9031                	srli	s0,s0,0x2c
    1c012254:	7c9d                	lui	s9,0xfffe7
    1c012256:	629a                	ld	t0,384(sp)
    1c012258:	bac4                	fsd	fs1,176(a3)
    1c01225a:	4a94                	lw	a3,16(a3)
    1c01225c:	f00d                	bnez	s0,0x1c01217e
    1c01225e:	248a                	fld	fs1,128(sp)
    1c012260:	7c441fcf          	.insn	4, 0x7c441fcf
    1c012264:	2204                	fld	fs1,0(a2)
    1c012266:	00000f83          	lb	t6,0(zero) # 0x0
    1c01226a:	fc00                	sd	s0,56(s0)
    1c01226c:	da0a                	sw	sp,52(sp)
    1c01226e:	ba61                	j	0x1c011c06
    1c012270:	0aff 8031 7b7d 261a 	.insn	10, 0x1f82261a7b7d80310aff
    1c012278:	1f82 
    1c01227a:	0000                	unimp
    1c01227c:	1000                	addi	s0,sp,32
    1c01227e:	239a                	fld	ft7,384(sp)
    1c012280:	0001                	nop
    1c012282:	71e5                	lui	gp,0xffff9
    1c012284:	7124                	ld	s1,96(a0)
    1c012286:	2205                	addiw	tp,tp,1 # 0x1
    1c012288:	07c2                	slli	a5,a5,0x10
    1c01228a:	7845                	lui	a6,0xffff1
    1c01228c:	b891781b          	.insn	4, 0xb891781b
    1c012290:	b89c                	fsd	fa5,48(s1)
    1c012292:	7b85                	lui	s7,0xfffe1
    1c012294:	b89f b060 0d97      	.insn	6, 0x0d97b060b89f
    1c01229a:	93c5                	srli	a5,a5,0x31
    1c01229c:	71c5                	lui	gp,0xffff1
    1c01229e:	0efd                	addi	t4,t4,31
    1c0122a0:	b3a5                	j	0x1c012008
    1c0122a2:	70ed                	lui	ra,0xffffb
    1c0122a4:	14047487          	.insn	4, 0x14047487
    1c0122a8:	c6c6341b          	.insn	4, 0xc6c6341b
    1c0122ac:	c2e6                	sw	s9,68(sp)
    1c0122ae:	1cfc                	addi	a5,sp,636
    1c0122b0:	b6c8                	fsd	fa0,168(a3)
    1c0122b2:	c1a9                	beqz	a1,0x1c0122f4
    1c0122b4:	702c                	ld	a1,96(s0)
    1c0122b6:	09a2                	slli	s3,s3,0x8
    1c0122b8:	4318fe2f          	.insn	4, 0x4318fe2f
    1c0122bc:	c045                	beqz	s0,0x1c01235c
    1c0122be:	1600                	addi	s0,sp,800
    1c0122c0:	7080                	ld	s0,32(s1)
    1c0122c2:	8000                	.insn	2, 0x8000
    1c0122c4:	0004                	.insn	2, 0x0004
    1c0122c6:	1600                	addi	s0,sp,800
    1c0122c8:	709e                	ld	ra,480(sp)
    1c0122ca:	8000                	.insn	2, 0x8000
    1c0122cc:	044c                	addi	a1,sp,516
    1c0122ce:	1600                	addi	s0,sp,800
    1c0122d0:	7081                	lui	ra,0xfffe0
    1c0122d2:	8000                	.insn	2, 0x8000
    1c0122d4:	201a044b          	fnmsub.s	fs0,fs4,ft1,ft4,rne
    1c0122d8:	0f80                	addi	s0,sp,976
    1c0122da:	0010                	.insn	2, 0x0010
    1c0122dc:	0000                	unimp
    1c0122de:	c046                	sw	a7,0(sp)
    1c0122e0:	700c                	ld	a1,32(s0)
    1c0122e2:	c044                	sw	s1,4(s0)
    1c0122e4:	f038                	sd	a4,96(s0)
    1c0122e6:	70ad                	lui	ra,0xfffeb
    1c0122e8:	221af033          	.insn	4, 0x221af033
    1c0122ec:	0f8c                	addi	a1,sp,976
    1c0122ee:	0000                	unimp
    1c0122f0:	1000                	addi	s0,sp,32
    1c0122f2:	0080234f          	fnmadd.s	ft6,ft0,fs0,ft0,rdn
    1c0122f6:	082b780f          	.insn	4, 0x082b780f
    1c0122fa:	0111                	addi	sp,sp,4
    1c0122fc:	c005                	beqz	s0,0x1c01231c
    1c0122fe:	2055                	.insn	2, 0x2055
    1c012300:	0d0d                	addi	s10,s10,3
    1c012302:	c006                	sw	ra,0(sp)
    1c012304:	78a5                	lui	a7,0xfffe9
    1c012306:	2005                	.insn	2, 0x2005
    1c012308:	030d                	addi	t1,t1,3
    1c01230a:	730c                	ld	a1,32(a4)
    1c01230c:	203c                	fld	fa5,64(s0)
    1c01230e:	00c0                	addi	s0,sp,68
    1c012310:	209a                	fld	ft1,384(sp)
    1c012312:	0004                	.insn	2, 0x0004
    1c012314:	78a5                	lui	a7,0xfffe9
    1c012316:	b891781b          	.insn	4, 0xb891781b
    1c01231a:	b89c                	fsd	fa5,48(s1)
    1c01231c:	b89f 90a0 bdc4      	.insn	6, 0xbdc490a0b89f
    1c012322:	4d38                	lw	a4,88(a0)
    1c012324:	266c7e1b          	.insn	4, 0x266c7e1b
    1c012328:	114e                	slli	sp,sp,0x33
    1c01232a:	b8c4                	fsd	fs1,176(s1)
    1c01232c:	7e05                	lui	t3,0xfffe1
    1c01232e:	c005                	beqz	s0,0x1c01234e
    1c012330:	2055                	.insn	2, 0x2055
    1c012332:	c0060c0f          	.insn	4, 0xc0060c0f
    1c012336:	78e5                	lui	a7,0xffff9
    1c012338:	6be1                	lui	s7,0x18
    1c01233a:	239a                	fld	ft7,384(sp)
    1c01233c:	0004                	.insn	2, 0x0004
    1c01233e:	7b05                	lui	s6,0xfffe1
    1c012340:	7c65                	lui	s8,0xffff9
    1c012342:	b891789b          	.insn	4, 0xb891789b
    1c012346:	b89c                	fsd	fa5,48(s1)
    1c012348:	b89f b0c0 43e1      	.insn	6, 0x43e1b0c0b89f
    1c01234e:	0b9f 8254 7124      	.insn	6, 0x712482540b9f
    1c012354:	0e937a2f          	.insn	4, 0x0e937a2f
    1c012358:	b0a5                	j	0x1c011bc0
    1c01235a:	706c                	ld	a1,224(s0)
    1c01235c:	0ab2                	slli	s5,s5,0xc
    1c01235e:	0000                	unimp
    1c012360:	900341c3          	fmadd.s	ft3,ft6,ft0,fs2,rmm
    1c012364:	e004                	sd	s1,0(s0)
    1c012366:	700c                	ld	a1,32(s0)
    1c012368:	000047cb          	fnmsub.s	fa5,ft0,ft0,ft0,rmm
    1c01236c:	ffff                	.insn	2, 0xffff
    1c01236e:	71cd                	lui	gp,0xffff3
    1c012370:	b100                	fsd	fs0,32(a0)
    1c012372:	b1f0                	fsd	fa2,224(a1)
    1c012374:	b1d6                	fsd	fs5,224(sp)
    1c012376:	1600b1cf          	.insn	4, 0x1600b1cf
    1c01237a:	710d                	addi	sp,sp,-352
    1c01237c:	9004                	.insn	2, 0x9004
    1c01237e:	004a                	c.slli	zero,0x12
    1c012380:	41e1d80f          	.insn	4, 0x41e1d80f
    1c012384:	42e1                	li	t0,24
    1c012386:	43e1                	li	t2,24
    1c012388:	0dea                	slli	s11,s11,0x1a
    1c01238a:	c740fe2f          	.insn	4, 0xc740fe2f
    1c01238e:	700c                	ld	a1,32(s0)
    1c012390:	42c3d9ff f0000000 	.insn	20, 0x2344c005c740fe2f0dda43e1f000000042c3d9ff
    1c012398:	0dda43e1 c740fe2f 
    1c0123a0:	2344c005 
    1c0123a4:	37ca                	fld	fa5,176(sp)
    1c0123a6:	43d9                	li	t2,22
    1c0123a8:	0a11                	addi	s4,s4,4 # 0xffffffffffff9004
    1c0123aa:	1010                	addi	a2,sp,32
    1c0123ac:	2242                	fld	ft4,16(sp)
    1c0123ae:	104a                	c.slli	zero,0x32
    1c0123b0:	0afd                	addi	s5,s5,31
    1c0123b2:	9031                	srli	s0,s0,0x2c
    1c0123b4:	36c0232f          	.insn	4, 0x36c0232f
    1c0123b8:	2044                	fld	fs1,128(s0)
    1c0123ba:	07ca                	slli	a5,a5,0x12
    1c0123bc:	40c1                	li	ra,16
    1c0123be:	0a11                	addi	s4,s4,4
    1c0123c0:	1010                	addi	a2,sp,32
    1c0123c2:	2242                	fld	ft4,16(sp)
    1c0123c4:	104a                	c.slli	zero,0x32
    1c0123c6:	0aff 9031 781b 2004 	.insn	10, 0x83402004781b90310aff
    1c0123ce:	8340 
    1c0123d0:	c048                	sw	a0,4(s0)
    1c0123d2:	740cf20b          	.insn	4, 0x740cf20b
    1c0123d6:	42c3d9ff f0000000 	.insn	20, 0x0822d80fc740fe2f0d9243e1f000000042c3d9ff
    1c0123de:	0d9243e1 c740fe2f 
    1c0123e6:	0822d80f 
    1c0123ea:	d90ffe2f          	.insn	4, 0xd90ffe2f
    1c0123ee:	0d1e                	slli	s10,s10,0x7
    1c0123f0:	c047fe0f          	.insn	4, 0xc047fe0f
    1c0123f4:	700c                	ld	a1,32(s0)
    1c0123f6:	0c26                	slli	s8,s8,0x9
    1c0123f8:	d91ffdef          	jal	s11,0x1c012188
    1c0123fc:	ca00                	sw	s0,16(a2)
    1c0123fe:	70ad                	lui	ra,0xfffeb
    1c012400:	702c                	ld	a1,96(s0)
    1c012402:	7604                	ld	s1,40(a2)
    1c012404:	bd8e                	fsd	ft3,248(sp)
    1c012406:	272fc143          	.insn	4, 0x272fc143
    1c01240a:	c14116c7          	fmsub.s	fa3,ft2,fs4,fs8,rtz
    1c01240e:	c140                	sw	s0,4(a0)
    1c012410:	d8ff7b0f          	.insn	4, 0xd8ff7b0f
    1c012414:	41a1                	li	gp,8
    1c012416:	754c                	ld	a1,168(a0)
    1c012418:	0cca                	slli	s9,s9,0x12
    1c01241a:	c742fdef          	jal	s11,0x1bf4188e
    1c01241e:	700c                	ld	a1,32(s0)
    1c012420:	c041                	beqz	s0,0x1c0124a0
    1c012422:	c040                	sw	s0,4(s0)
    1c012424:	1281254f          	fnmadd.d	fa0,ft2,fs0,ft2,rdn
    1c012428:	704cd8ff c643db7c 	.insn	20, 0x43db70adc742fdef0cb2c643db7c704cd8ff
    1c012430:	fdef0cb2 70adc742 
    1c012438:	000043db 
    1c01243c:	4400                	lw	s0,8(s0)
    1c01243e:	f032                	sd	a2,32(sp)
    1c012440:	be8c                	fsd	fa1,56(a3)
    1c012442:	4163d8ff 746c724c 	.insn	20, 0xfdef0c92c541c74230c11c0c746c724c4163d8ff
    1c01244a:	30c11c0c c541c742 
    1c012452:	fdef0c92 
    1c012456:	c640                	sw	s0,12(a2)
    1c012458:	be68                	fsd	fa0,248(a2)
    1c01245a:	4163d8ff 746c724c 	.insn	20, 0xc640fdef0c7ac541c742c543746c724c4163d8ff
    1c012462:	c742c543 0c7ac541 
    1c01246a:	c640fdef 
    1c01246e:	702c                	ld	a1,96(s0)
    1c012470:	b990d8ff 746c724c 	.insn	20, 0xfdef0c62c541c74230811c0c746c724cb990d8ff
    1c012478:	30811c0c c541c742 
    1c012480:	fdef0c62 
    1c012484:	c640                	sw	s0,12(a2)
    1c012486:	702cd8ff db10754c 	.insn	20, 0xc640fdef0c4ec541c542c543db10754c702cd8ff
    1c01248e:	c542c543 0c4ec541 
    1c012496:	c640fdef 
    1c01249a:	c004                	sw	s1,0(s0)
    1c01249c:	7104                	ld	s1,32(a0)
    1c01249e:	c044                	sw	s1,4(s0)
    1c0124a0:	c004                	sw	s1,0(s0)
    1c0124a2:	08a1                	addi	a7,a7,8 # 0xffffffffffff9008
    1c0124a4:	80b4                	.insn	2, 0x80b4
    1c0124a6:	de08                	sw	a0,56(a2)
    1c0124a8:	754cc007          	.insn	4, 0x754cc007
    1c0124ac:	2044c543          	fmadd.s	fa0,fs1,ft4,ft4,rmm
    1c0124b0:	0041                	c.nop	16
    1c0124b2:	6119                	addi	sp,sp,384
    1c0124b4:	496e                	lw	s2,216(sp)
    1c0124b6:	d8ff7b0f          	.insn	4, 0xd8ff7b0f
    1c0124ba:	702c                	ld	a1,96(s0)
    1c0124bc:	c542                	sw	a6,136(sp)
    1c0124be:	c541                	beqz	a0,0x1c012546
    1c0124c0:	0c22                	slli	s8,s8,0x8
    1c0124c2:	c540fdef          	jal	s11,0x1bf21916
    1c0124c6:	0ad2                	slli	s5,s5,0x14
    1c0124c8:	40e1fe2f          	.insn	4, 0x40e1fe2f
    1c0124cc:	760c                	ld	a1,40(a2)
    1c0124ce:	70cd                	lui	ra,0xffff3
    1c0124d0:	000043db          	.insn	4, 0x43db
    1c0124d4:	4400                	lw	s0,8(s0)
    1c0124d6:	c044                	sw	s1,4(s0)
    1c0124d8:	d8fff01b          	.insn	4, 0xd8fff01b
    1c0124dc:	714c4163          	blt	s8,s4,0x1c012bde
    1c0124e0:	746c                	ld	a1,232(s0)
    1c0124e2:	c742c643          	.insn	4, 0xc742c643
    1c0124e6:	c641                	beqz	a2,0x1c01256e
    1c0124e8:	0bfa                	slli	s7,s7,0x1e
    1c0124ea:	c540fdef          	jal	s11,0x1bf2193e
    1c0124ee:	c004                	sw	s1,0(s0)
    1c0124f0:	714c4163          	blt	s8,s4,0x1c012bf2
    1c0124f4:	651d                	lui	a0,0x7
    1c0124f6:	78b0                	ld	a2,112(s1)
    1c0124f8:	c040                	sw	s0,4(s0)
    1c0124fa:	746cd8ff c742c643 	.insn	20, 0xc0447104c004c641fdef0be2c742c643746cd8ff
    1c012502:	fdef0be2 c004c641 
    1c01250a:	c0447104 
    1c01250e:	c004                	sw	s1,0(s0)
    1c012510:	70ad                	lui	ra,0xfffeb
    1c012512:	823408cb          	fnmsub.d	fa7,fs0,ft3,fa6,rne
    1c012516:	bd8c                	fsd	fa1,56(a1)
    1c012518:	41c3d8ff 440c0000 	.insn	20, 0x0bbac641c742c643746c714c440c000041c3d8ff
    1c012520:	746c714c c742c643 
    1c012528:	0bbac641 
    1c01252c:	c540fdef          	jal	s11,0x1bf21980
    1c012530:	0a2a                	slli	s4,s4,0xa
    1c012532:	40e1fe2f          	.insn	4, 0x40e1fe2f
    1c012536:	702cd8ff dbb0754c 	.insn	20, 0xc640fdef0b9ec641c642c643dbb0754c702cd8ff
    1c01253e:	c642c643 0b9ec641 
    1c012546:	c640fdef 
    1c01254a:	208a                	fld	ft1,128(sp)
    1c01254c:	0010                	.insn	2, 0x0010
    1c01254e:	c040                	sw	s0,4(s0)
    1c012550:	d980d8ff 746c764c 	.insn	20, 0x0e95c641fdef0b86c742c643746c764cd980d8ff
    1c012558:	c742c643 fdef0b86 
    1c012560:	0e95c641 
    1c012564:	1235                	addi	tp,tp,-19 # 0xffffffffffffffed
    1c012566:	700c                	ld	a1,32(s0)
    1c012568:	0b3a                	slli	s6,s6,0xe
    1c01256a:	712cfdef          	jal	s11,0x1c0e1c7c
    1c01256e:	1600                	addi	s0,sp,800
    1c012570:	8000708b          	.insn	4, 0x8000708b
    1c012574:	044a                	slli	s0,s0,0x12
    1c012576:	1600                	addi	s0,sp,800
    1c012578:	80007083          	.insn	4, 0x80007083
    1c01257c:	0449                	addi	s0,s0,18
    1c01257e:	70ad                	lui	ra,0xfffeb
    1c012580:	f02e                	sd	a1,32(sp)
    1c012582:	7f7d                	lui	t5,0xfffff
    1c012584:	2344                	fld	fs1,128(a4)
    1c012586:	0041                	c.nop	16
    1c012588:	0892                	slli	a7,a7,0x4
    1c01258a:	78effe6f          	jal	t3,0x1c111d18
    1c01258e:	4020e827          	.insn	4, 0x4020e827
    1c012592:	209a                	fld	ft1,384(sp)
    1c012594:	0010                	.insn	2, 0x0010
    1c012596:	c208                	sw	a0,0(a2)
    1c012598:	271a                	fld	fa4,384(sp)
    1c01259a:	00001f8f          	.insn	4, 0x1f8f
    1c01259e:	1000                	addi	s0,sp,32
    1c0125a0:	7054                	ld	a3,160(s0)
    1c0125a2:	20ca                	fld	ft1,144(sp)
    1c0125a4:	0021                	c.nop	8
    1c0125a6:	78e5                	lui	a7,0xffff9
    1c0125a8:	2005781b          	.insn	4, 0x2005781b
    1c0125ac:	0f80                	addi	s0,sp,976
    1c0125ae:	9002                	ebreak
    1c0125b0:	0166                	slli	sp,sp,0x19
    1c0125b2:	9000                	.insn	2, 0x9000
    1c0125b4:	651d                	lui	a0,0x7
    1c0125b6:	c005e813          	ori	a6,a1,-1024
    1c0125ba:	219a                	fld	ft3,384(sp)
    1c0125bc:	0004                	.insn	2, 0x0004
    1c0125be:	2055                	.insn	2, 0x2055
    1c0125c0:	0d02                	c.slli	s10,0x0
    1c0125c2:	c006                	sw	ra,0(sp)
    1c0125c4:	7845                	lui	a6,0xffff1
    1c0125c6:	78e5                	lui	a7,0xffff9
    1c0125c8:	7825                	lui	a6,0xfffe9
    1c0125ca:	b891781b          	.insn	4, 0xb891781b
    1c0125ce:	b89c                	fsd	fa5,48(s1)
    1c0125d0:	b89f 9020 2155      	.insn	6, 0x21559020b89f
    1c0125d6:	0801                	addi	a6,a6,0 # 0xfffffffffffe9000
    1c0125d8:	b020                	fsd	fs0,96(s0)
    1c0125da:	7164                	ld	s1,224(a0)
    1c0125dc:	90e50ba7          	.insn	4, 0x90e50ba7
    1c0125e0:	0e2ad80f          	.insn	4, 0x0e2ad80f
    1c0125e4:	d90ffdef          	jal	s11,0x1c011b74
    1c0125e8:	0c16                	slli	s8,s8,0x5
    1c0125ea:	0d77fe8f          	.insn	4, 0x0d77fe8f
    1c0125ee:	9031                	srli	s0,s0,0x2c
    1c0125f0:	71c5                	lui	gp,0xffff1
    1c0125f2:	70ad                	lui	ra,0xfffeb
    1c0125f4:	016b41c3          	fmadd.s	ft3,fs6,fs6,ft0,rmm
    1c0125f8:	0000                	unimp
    1c0125fa:	08ee                	slli	a7,a7,0x1b
    1c0125fc:	2578fdef          	jal	s11,0x1c0a2052
    1c012600:	1000                	addi	s0,sp,32
    1c012602:	c0a9                	beqz	s1,0x1c012644
    1c012604:	1404                	addi	s1,sp,544
    1c012606:	c6c6341b          	.insn	4, 0xc6c6341b
    1c01260a:	78e0                	ld	s0,240(s1)
    1c01260c:	c0f1                	beqz	s1,0x1c0126d0
    1c01260e:	2482                	fld	fs1,0(sp)
    1c012610:	3302                	fld	ft6,32(sp)
    1c012612:	c080                	sw	s0,0(s1)
    1c012614:	800041c3          	fmadd.s	ft3,ft0,ft0,fa6,rmm
    1c012618:	060c                	addi	a1,sp,768
    1c01261a:	087a                	slli	a6,a6,0x1e
    1c01261c:	da8afdef          	jal	s11,0x1bfc1bc4
    1c012620:	c080                	sw	s0,0(s1)
    1c012622:	0b86                	slli	s7,s7,0x1
    1c012624:	d98affef          	jal	t6,0x1bfc1bbc
    1c012628:	0de2d80f          	.insn	4, 0x0de2d80f
    1c01262c:	d90ffdef          	jal	s11,0x1c011bbc
    1c012630:	2480                	fld	fs0,8(s1)
    1c012632:	3302                	fld	ft6,32(sp)
    1c012634:	c0d1                	beqz	s1,0x1c0126b8
    1c012636:	7ee0                	ld	s0,248(a3)
    1c012638:	c2e6                	sw	s9,68(sp)
    1c01263a:	1cfc                	addi	a5,sp,636
    1c01263c:	b6c8                	fsd	fa0,168(a3)
    1c01263e:	c1ae                	sw	a1,192(sp)
    1c012640:	c148                	sw	a0,4(a0)
    1c012642:	702c                	ld	a1,96(s0)
    1c012644:	0e12                	slli	t3,t3,0x4
    1c012646:	c045fdef          	jal	s11,0x1bf71a4a
    1c01264a:	1600                	addi	s0,sp,800
    1c01264c:	708d                	lui	ra,0xfffe3
    1c01264e:	8000                	.insn	2, 0x8000
    1c012650:	0004                	.insn	2, 0x0004
    1c012652:	0aba                	slli	s5,s5,0xe
    1c012654:	4608fe2f          	.insn	4, 0x4608fe2f
    1c012658:	208c                	fld	fa1,0(s1)
    1c01265a:	8e82                	jr	t4
    1c01265c:	71ed                	lui	gp,0xffffb
    1c01265e:	d8fe                	sw	t6,112(sp)
    1c012660:	c044                	sw	s1,4(s0)
    1c012662:	0aa6f707          	.insn	4, 0x0aa6f707
    1c012666:	2054fe0f          	.insn	4, 0x2054fe0f
    1c01266a:	0880                	addi	s0,sp,80
    1c01266c:	c044                	sw	s1,4(s0)
    1c01266e:	c005                	beqz	s0,0x1c01268e
    1c012670:	900443db          	.insn	4, 0x900443db
    1c012674:	00aa                	slli	ra,ra,0xa
    1c012676:	b8c4                	fsd	fs1,176(s1)
    1c012678:	e805                	bnez	s0,0x1c0126a8
    1c01267a:	b861                	j	0x1c011f12
    1c01267c:	08ff 8031 7ffb 1300 	.insn	10, 0x310013007ffb803108ff
    1c012684:	3100 
    1c012686:	c049                	beqz	s0,0x1c012708
    1c012688:	1e00                	addi	s0,sp,816
    1c01268a:	7045                	c.lui	zero,0xffff1
    1c01268c:	9005                	srli	s0,s0,0x21
    1c01268e:	e0aa                	sd	a0,64(sp)
    1c012690:	0f7e                	slli	t5,t5,0x1f
    1c012692:	700cffcf          	fnmadd.s	ft11,fs9,ft0,fa4
    1c012696:	1e00b88f          	.insn	4, 0x1e00b88f
    1c01269a:	7004                	ld	s1,32(s0)
    1c01269c:	e0029003          	lh	zero,-512(t0) # 0xffffffffffffae00
    1c0126a0:	d940                	sw	s0,52(a0)
    1c0126a2:	900340c3          	fmadd.s	ft1,ft6,ft0,fs2,rmm
    1c0126a6:	e002                	sd	zero,0(sp)
    1c0126a8:	b032                	fsd	fa2,32(sp)
    1c0126aa:	d9aa                	sw	a0,240(sp)
    1c0126ac:	13a0                	addi	s0,sp,488
    1c0126ae:	b100                	fsd	fs0,32(a0)
    1c0126b0:	2011                	.insn	2, 0x2011
    1c0126b2:	8380                	.insn	2, 0x8380
    1c0126b4:	d898                	sw	a4,48(s1)
    1c0126b6:	20ca                	fld	ft1,144(sp)
    1c0126b8:	0041                	c.nop	16
    1c0126ba:	900541c3          	fmadd.s	ft3,fa0,ft0,fs2,rmm
    1c0126be:	e0aa                	sd	a0,64(sp)
    1c0126c0:	19a2                	slli	s3,s3,0x28
    1c0126c2:	8004                	.insn	2, 0x8004
    1c0126c4:	c004                	sw	s1,0(s0)
    1c0126c6:	1410                	addi	a2,sp,544
    1c0126c8:	b8c0301b          	.insn	4, 0xb8c0301b
    1c0126cc:	2300                	fld	fs0,0(a4)
    1c0126ce:	c005301b          	.insn	4, 0xc005301b
    1c0126d2:	2056781b          	.insn	4, 0x2056781b
    1c0126d6:	0e00                	addi	s0,sp,784
    1c0126d8:	b89cb893          	sltiu	a7,s9,-1143
    1c0126dc:	b89f 90c0 40c3      	.insn	6, 0x40c390c0b89f
    1c0126e2:	8000                	.insn	2, 0x8000
    1c0126e4:	0440                	addi	s0,sp,516
    1c0126e6:	8805                	andi	s0,s0,1
    1c0126e8:	204bbec3          	fmadd.s	ft9,fs7,ft4,ft4,rup
    1c0126ec:	8180                	.insn	2, 0x8180
    1c0126ee:	26c5                	addiw	a3,a3,17
    1c0126f0:	13c2                	slli	t2,t2,0x30
    1c0126f2:	251a                	fld	fa0,384(sp)
    1c0126f4:	1f8d                	addi	t6,t6,-29
    1c0126f6:	0010                	.insn	2, 0x0010
    1c0126f8:	0000                	unimp
    1c0126fa:	712c                	ld	a1,96(a0)
    1c0126fc:	c54a                	sw	s2,136(sp)
    1c0126fe:	1600                	addi	s0,sp,800
    1c012700:	7100                	ld	s0,32(a0)
    1c012702:	9008                	.insn	2, 0x9008
    1c012704:	01d2                	slli	gp,gp,0x14
    1c012706:	c046                	sw	a7,0(sp)
    1c012708:	0912                	slli	s2,s2,0x4
    1c01270a:	208afdef          	jal	s11,0x1c0c1912
    1c01270e:	0004                	.insn	2, 0x0004
    1c012710:	f89e                	sd	t2,112(sp)
    1c012712:	c542c543          	.insn	4, 0xc542c543
    1c012716:	c541                	beqz	a0,0x1c01279e
    1c012718:	09ca                	slli	s3,s3,0x12
    1c01271a:	c540fdef          	jal	s11,0x1bf21b6e
    1c01271e:	c04478ef          	jal	a7,0x1bf59b22
    1c012722:	c042                	sw	a6,0(sp)
    1c012724:	06c7202f          	amoadd.w.aqrl	zero,a2,(a4)
    1c012728:	c541c543          	.insn	4, 0xc541c543
    1c01272c:	1c00                	addi	s0,sp,560
    1c01272e:	3f80                	fld	fs0,56(a5)
    1c012730:	0000                	unimp
    1c012732:	1000                	addi	s0,sp,32
    1c012734:	c307c047          	fmsub.d	ft0,fa5,fa6,fs8,rmm
    1c012738:	d980                	sw	s0,48(a1)
    1c01273a:	b990d8ff fdef09a6 	.insn	20, 0x42c3712cfdef095e700c724cfdef09a6b990d8ff
    1c012742:	700c724c fdef095e 
    1c01274a:	42c3712c 
    1c01274e:	8000                	.insn	2, 0x8000
    1c012750:	0440                	addi	s0,sp,516
    1c012752:	60b9f007          	.insn	4, 0x60b9f007
    1c012756:	1201                	addi	tp,tp,-32 # 0xffffffffffffffe0
    1c012758:	0480                	addi	s0,sp,576
    1c01275a:	71a5                	lui	gp,0xfffe9
    1c01275c:	a900                	fsd	fs0,16(a0)
    1c01275e:	0df9                	addi	s11,s11,30
    1c012760:	9234                	.insn	2, 0x9234
    1c012762:	c08c                	sw	a1,0(s1)
    1c012764:	79d0                	ld	a2,176(a1)
    1c012766:	c006                	sw	ra,0(sp)
    1c012768:	219a                	fld	ft3,384(sp)
    1c01276a:	0004                	.insn	2, 0x0004
    1c01276c:	2004                	fld	fs1,0(s0)
    1c01276e:	0f80                	addi	s0,sp,976
    1c012770:	0000                	unimp
    1c012772:	f0ff                	.insn	2, 0xf0ff
    1c012774:	7825                	lui	a6,0xfffe9
    1c012776:	c046                	sw	a7,0(sp)
    1c012778:	800040c3          	fmadd.s	ft1,ft0,ft0,fa6,rmm
    1c01277c:	0440                	addi	s0,sp,516
    1c01277e:	9002                	ebreak
    1c012780:	d909                	beqz	a0,0x1c012692
    1c012782:	b961                	j	0x1c01241a
    1c012784:	09ff 8031 781d 2053 	.insn	10, 0x80422053781d803109ff
    1c01278c:	8042 
    1c01278e:	f214                	sd	a3,32(a2)
    1c012790:	800040c3          	fmadd.s	ft1,ft0,ft0,fa6,rmm
    1c012794:	0440                	addi	s0,sp,516
    1c012796:	9001                	srli	s0,s0,0x20
    1c012798:	7154                	ld	a3,160(a0)
    1c01279a:	2004                	fld	fs1,0(s0)
    1c01279c:	0f81                	addi	t6,t6,0
    1c01279e:	0000                	unimp
    1c0127a0:	2278fdbb          	.insn	4, 0x2278fdbb
    1c0127a4:	0080                	addi	s0,sp,64
    1c0127a6:	209a                	fld	ft1,384(sp)
    1c0127a8:	0001                	nop
    1c0127aa:	20ca                	fld	ft1,144(sp)
    1c0127ac:	0121                	addi	sp,sp,8
    1c0127ae:	7825                	lui	a6,0xfffe9
    1c0127b0:	1c32                	slli	s8,s8,0x2c
    1c0127b2:	3004                	fld	fs1,32(s0)
    1c0127b4:	c004                	sw	s1,0(s0)
    1c0127b6:	c18c                	sw	a1,0(a1)
    1c0127b8:	714c                	ld	a1,160(a0)
    1c0127ba:	08de                	slli	a7,a7,0x17
    1c0127bc:	706cffef          	jal	t6,0x1c0e1ec2
    1c0127c0:	c005                	beqz	s0,0x1c0127e0
    1c0127c2:	c18c                	sw	a1,0(a1)
    1c0127c4:	0e8e                	slli	t4,t4,0x3
    1c0127c6:	714cffaf          	.insn	4, 0x714cffaf
    1c0127ca:	1600                	addi	s0,sp,800
    1c0127cc:	7100                	ld	s0,32(a0)
    1c0127ce:	9008                	.insn	2, 0x9008
    1c0127d0:	01e0                	addi	s0,sp,204
    1c0127d2:	900947cb          	fnmsub.s	fa5,fs2,ft0,fs2,rmm
    1c0127d6:	e1e0                	sd	s0,192(a1)
    1c0127d8:	b888c04b          	fnmsub.s	ft0,fa7,fs0,fs7,rmm
    1c0127dc:	b700                	fsd	fs0,40(a4)
    1c0127de:	c006                	sw	ra,0(sp)
    1c0127e0:	091ab887          	fld	fa7,145(s5)
    1c0127e4:	1ff2fe2f          	.insn	4, 0x1ff2fe2f
    1c0127e8:	9004                	.insn	2, 0x9004
    1c0127ea:	4318                	lw	a4,0(a4)
    1c0127ec:	208a                	fld	ft1,128(sp)
    1c0127ee:	0004                	.insn	2, 0x0004
    1c0127f0:	082a                	slli	a6,a6,0xa
    1c0127f2:	712cfdef          	jal	s11,0x1c0e1f04
    1c0127f6:	f865                	bnez	s0,0x1c0127e6
    1c0127f8:	c542c543          	.insn	4, 0xc542c543
    1c0127fc:	c541                	beqz	a0,0x1c012884
    1c0127fe:	08e6                	slli	a7,a7,0x19
    1c012800:	c540fdef          	jal	s11,0x1bf21c54
    1c012804:	0aee                	slli	s5,s5,0x1b
    1c012806:	d8fffdef          	jal	s11,0x1c012594
    1c01280a:	c004                	sw	s1,0(s0)
    1c01280c:	c541c543          	.insn	4, 0xc541c543
    1c012810:	c042                	sw	a6,0(sp)
    1c012812:	1c00                	addi	s0,sp,560
    1c012814:	3f80                	fld	fs0,56(a5)
    1c012816:	0000                	unimp
    1c012818:	1000                	addi	s0,sp,32
    1c01281a:	70cd                	lui	ra,0xffff3
    1c01281c:	be90c307          	.insn	4, 0xbe90c307
    1c012820:	41c1d8ff fdef08be 	.insn	20, 0x7b0fe01e706330402344724cfdef08be41c1d8ff
    1c012828:	2344724c 70633040 
    1c012830:	7b0fe01e 
    1c012834:	742cd8ff c542c543 	.insn	20, 0x089e100000003f801c00c541c542c543742cd8ff
    1c01283c:	1c00c541 00003f80 
    1c012844:	089e1000 
    1c012848:	714cfdef          	jal	s11,0x1c0e1f5c
    1c01284c:	79dd                	lui	s3,0xffff7
    1c01284e:	754cd8ff 1c0c726c 	.insn	20, 0xc540fdef0886c541c54230c11c0c726c754cd8ff
    1c012856:	c54230c1 0886c541 
    1c01285e:	c540fdef 
    1c012862:	702cd8ff db10754c 	.insn	20, 0xc540fdef0872c541c542c543db10754c702cd8ff
    1c01286a:	c542c543 0872c541 
    1c012872:	c540fdef 
    1c012876:	0a62                	slli	s4,s4,0x18
    1c012878:	d8fffdef          	jal	s11,0x1c012606
    1c01287c:	c543f847          	.insn	4, 0xc543f847
    1c012880:	c542                	sw	a6,136(sp)
    1c012882:	c541                	beqz	a0,0x1c01290a
    1c012884:	085e                	slli	a6,a6,0x17
    1c012886:	c540fdef          	jal	s11,0x1bf21cda
    1c01288a:	000040c3          	fmadd.s	ft1,ft0,ft0,ft0,rmm
    1c01288e:	6210                	ld	a2,0(a2)
    1c012890:	900345cb          	fnmsub.s	fa1,ft6,ft0,fs2,rmm
    1c012894:	e004                	sd	s1,0(s0)
    1c012896:	b500                	fsd	fs0,40(a0)
    1c012898:	730c                	ld	a1,32(a4)
    1c01289a:	080a                	slli	a6,a6,0x2
    1c01289c:	712cfdef          	jal	s11,0x1c0e1fae
    1c0128a0:	208a                	fld	ft1,128(sp)
    1c0128a2:	0408                	addi	a0,sp,512
    1c0128a4:	b500                	fsd	fs0,40(a0)
    1c0128a6:	1600                	addi	s0,sp,800
    1c0128a8:	7080                	ld	s0,32(s1)
    1c0128aa:	8000                	.insn	2, 0x8000
    1c0128ac:	0001                	nop
    1c0128ae:	080d                	addi	a6,a6,3 # 0xfffffffffffe9003
    1c0128b0:	208a00bf f0030606 	.insn	8, 0xf0030606208a00bf
    1c0128b8:	0fead833          	.insn	4, 0x0fead833
    1c0128bc:	712cfdaf          	.insn	4, 0x712cfdaf
    1c0128c0:	c006                	sw	ra,0(sp)
    1c0128c2:	c18c                	sw	a1,0(a1)
    1c0128c4:	704c                	ld	a1,160(s0)
    1c0128c6:	1ff2                	slli	t6,t6,0x3c
    1c0128c8:	9004                	.insn	2, 0x9004
    1c0128ca:	0d8a                	slli	s11,s11,0x2
    1c0128cc:	c005ffaf          	.insn	4, 0xc005ffaf
    1c0128d0:	800040c3          	fmadd.s	ft1,ft0,ft0,fa6,rmm
    1c0128d4:	0440                	addi	s0,sp,516
    1c0128d6:	712c                	ld	a1,96(a0)
    1c0128d8:	0882                	c.slli	a7,0x0
    1c0128da:	da40ffef          	jal	t6,0x1bf21e7e
    1c0128de:	c009                	beqz	s0,0x1c0128e0
    1c0128e0:	70cd                	lui	ra,0xffff3
    1c0128e2:	712c                	ld	a1,96(a0)
    1c0128e4:	1e00                	addi	s0,sp,816
    1c0128e6:	7004                	ld	s1,32(s0)
    1c0128e8:	9005                	srli	s0,s0,0x21
    1c0128ea:	e0aa                	sd	a0,64(sp)
    1c0128ec:	900340c3          	fmadd.s	ft1,ft6,ft0,fs2,rmm
    1c0128f0:	e002                	sd	zero,0(sp)
    1c0128f2:	1e00                	addi	s0,sp,816
    1c0128f4:	7384                	ld	s1,32(a5)
    1c0128f6:	e0029003          	lh	zero,-512(t0)
    1c0128fa:	b0d2                	fsd	fs4,96(sp)
    1c0128fc:	0f1e                	slli	t5,t5,0x7
    1c0128fe:	208afdaf          	.insn	4, 0x208afdaf
    1c012902:	0004                	.insn	2, 0x0004
    1c012904:	1200                	addi	s0,sp,288
    1c012906:	d8ff3083          	ld	ra,-625(t5) # 0xffffffffffffed8f
    1c01290a:	702c                	ld	a1,96(s0)
    1c01290c:	754c                	ld	a1,168(a0)
    1c01290e:	c642c643          	.insn	4, 0xc642c643
    1c012912:	c641                	beqz	a2,0x1c01299a
    1c012914:	0fce                	slli	t6,t6,0x13
    1c012916:	c640fdaf          	.insn	4, 0xc640fdaf
    1c01291a:	c004                	sw	s1,0(s0)
    1c01291c:	c641c643          	.insn	4, 0xc641c643
    1c012920:	c042                	sw	a6,0(sp)
    1c012922:	1c00                	addi	s0,sp,560
    1c012924:	3f80                	fld	fs0,56(a5)
    1c012926:	0000                	unimp
    1c012928:	1000                	addi	s0,sp,32
    1c01292a:	702cc307          	.insn	4, 0x702cc307
    1c01292e:	b990d8ff fdaf0fb2 	.insn	20, 0x0fa2c641c642c643f818724cfdaf0fb2b990d8ff
    1c012936:	f818724c c642c643 
    1c01293e:	0fa2c641 
    1c012942:	c640fdaf          	.insn	4, 0xc640fdaf
    1c012946:	700c                	ld	a1,32(s0)
    1c012948:	0f5a                	slli	t5,t5,0x16
    1c01294a:	712cfdaf          	.insn	4, 0x712cfdaf
    1c01294e:	702cc00b          	.insn	4, 0x702cc00b
    1c012952:	704c                	ld	a1,160(s0)
    1c012954:	b700                	fsd	fs0,40(a4)
    1c012956:	b5c0                	fsd	fs0,168(a1)
    1c012958:	0976                	slli	s2,s2,0x1d
    1c01295a:	c008ff2f          	.insn	4, 0xc008ff2f
    1c01295e:	c005                	beqz	s0,0x1c01297e
    1c012960:	0af6                	slli	s5,s5,0x1d
    1c012962:	702cfdef          	jal	s11,0x1c0e2064
    1c012966:	c10a                	sw	sp,128(sp)
    1c012968:	2055                	.insn	2, 0x2055
    1c01296a:	0d00                	addi	s0,sp,656
    1c01296c:	714c                	ld	a1,160(a0)
    1c01296e:	7825                	lui	a6,0xfffe9
    1c012970:	c108                	sw	a0,0(a0)
    1c012972:	0892                	slli	a7,a7,0x4
    1c012974:	706cffef          	jal	t6,0x1c0e207a
    1c012978:	0886                	slli	a7,a7,0x1
    1c01297a:	0a2efe8f          	.insn	4, 0x0a2efe8f
    1c01297e:	c0aeff0f          	.insn	4, 0xc0aeff0f
    1c012982:	1404                	addi	s1,sp,544
    1c012984:	c6c6341b          	.insn	4, 0xc6c6341b
    1c012988:	1200                	addi	s0,sp,288
    1c01298a:	70ad3083          	ld	ra,1802(s10)
    1c01298e:	702cd8ff 7ee0754c 	.insn	20, 0x7ee0746c754cd980d8ff78e07ee0754c702cd8ff
    1c012996:	d8ff78e0 754cd980 
    1c01299e:	7ee0746c 
	...
    1c015e0e:	0000                	unimp
    1c015e10:	0400                	addi	s0,sp,512
    1c015e12:	0000                	unimp
    1c015e14:	0000                	unimp
    1c015e16:	0640                	addi	s0,sp,772
    1c015e18:	0002                	c.slli	zero,0x0
    1c015e1a:	0000                	unimp
    1c015e1c:	0156                	slli	sp,sp,0x15
    1c015e1e:	1000                	addi	s0,sp,32
    1c015e20:	0101                	addi	sp,sp,0
    1c015e22:	0000                	unimp
    1c015e24:	0000                	unimp
    1c015e26:	031f 00c8 0000      	.insn	6, 0x00c8031f
	...
    1c015e34:	0001                	nop
	...
    1c015e6e:	1d60                	addi	s0,sp,700
    1c015e70:	0000                	unimp
    1c015e72:	0018                	.insn	2, 0x0018
	...
    1c015e84:	1221                	addi	tp,tp,-24 # 0xffffffffffffffe8
    1c015e86:	4884                	lw	s1,16(s1)
	...
    1c016218:	0000                	unimp
    1c01621a:	00ff 0000 0000 014a 	.insn	10, 0x0181014a0000000000ff
    1c016222:	0181 
    1c016224:	0118                	addi	a4,sp,128
    1c016226:	0118                	addi	a4,sp,128
    1c016228:	016f016f          	jal	sp,0x1c10623e
    1c01622c:	0159                	addi	sp,sp,22
    1c01622e:	0181                	addi	gp,gp,0 # 0xfffffffffffe9000
    1c016230:	0120                	addi	s0,sp,136
    1c016232:	0120                	addi	s0,sp,136
    1c016234:	0000                	unimp
    1c016236:	0000                	unimp
    1c016238:	701c                	ld	a5,32(s0)
    1c01623a:	61a8                	ld	a0,64(a1)
    1c01623c:	35ac                	fld	fa1,104(a1)
    1c01623e:	35ac                	fld	fa1,104(a1)
    1c016240:	125c                	addi	a5,sp,292
    1c016242:	125c                	addi	a5,sp,292
    1c016244:	c738                	sw	a4,72(a4)
    1c016246:	b0f4                	fsd	fa3,224(s1)
    1c016248:	6590                	ld	a2,8(a1)
    1c01624a:	6590                	ld	a2,8(a1)
    1c01624c:	9f38                	.insn	2, 0x9f38
    1c01624e:	0058                	addi	a4,sp,4
	...
    1c016260:	f01f 0001 0000      	.insn	6, 0x0001f01f
    1c016266:	ffb4                	sd	a3,120(a5)
    1c016268:	0001                	nop
    1c01626a:	0001                	nop
    1c01626c:	f0b4                	sd	a3,96(s1)
    1c01626e:	0001                	nop
    1c016270:	0000                	unimp
    1c016272:	f4b4                	sd	a3,104(s1)
    1c016274:	0001                	nop
    1c016276:	0000                	unimp
    1c016278:	f0b9                	bnez	s1,0x1c0161be
    1c01627a:	0001                	nop
    1c01627c:	0000                	unimp
    1c01627e:	f0ba                	sd	a4,96(sp)
    1c016280:	0001                	nop
    1c016282:	0000                	unimp
    1c016284:	0001f0bb          	.insn	4, 0x0001f0bb
    1c016288:	0000                	unimp
    1c01628a:	f001                	bnez	s0,0x1c01618a
    1c01628c:	0001                	nop
    1c01628e:	0000                	unimp
    1c016290:	0001f013          	andi	zero,gp,0
    1c016294:	0000                	unimp
    1c016296:	f0f9                	bnez	s1,0x1c01625c
    1c016298:	0004                	.insn	2, 0x0004
    1c01629a:	0200                	addi	s0,sp,256
    1c01629c:	f0fa                	sd	t5,96(sp)
    1c01629e:	0004                	.insn	2, 0x0004
    1c0162a0:	0000                	unimp
    1c0162a2:	0004f0fb          	.insn	4, 0x0004f0fb
    1c0162a6:	0100                	addi	s0,sp,128
    1c0162a8:	f060                	sd	s0,224(s0)
    1c0162aa:	00080007          	.insn	4, 0x00080007
    1c0162ae:	f065                	bnez	s0,0x1c01628e
    1c0162b0:	00000007          	.insn	4, 0x0007
    1c0162b4:	ff62                	sd	s8,440(sp)
    1c0162b6:	0001                	nop
    1c0162b8:	0000                	unimp
    1c0162ba:	f002                	sd	zero,32(sp)
    1c0162bc:	0001                	nop
    1c0162be:	0220                	addi	s0,sp,264
    1c0162c0:	f01f 0001 0000      	.insn	6, 0x0001f01f
    1c0162c6:	ffb4                	sd	a3,120(a5)
    1c0162c8:	0001                	nop
    1c0162ca:	0001                	nop
    1c0162cc:	f0b4                	sd	a3,96(s1)
    1c0162ce:	0001                	nop
    1c0162d0:	0000                	unimp
    1c0162d2:	f4b4                	sd	a3,104(s1)
    1c0162d4:	0001                	nop
    1c0162d6:	0000                	unimp
    1c0162d8:	f0b9                	bnez	s1,0x1c01621e
    1c0162da:	0001                	nop
    1c0162dc:	0000                	unimp
    1c0162de:	f0ba                	sd	a4,96(sp)
    1c0162e0:	0001                	nop
    1c0162e2:	0000                	unimp
    1c0162e4:	0001f0bb          	.insn	4, 0x0001f0bb
    1c0162e8:	0000                	unimp
    1c0162ea:	f001                	bnez	s0,0x1c0161ea
    1c0162ec:	0001                	nop
    1c0162ee:	0000                	unimp
    1c0162f0:	f0f9                	bnez	s1,0x1c0162b6
    1c0162f2:	0004                	.insn	2, 0x0004
    1c0162f4:	0200                	addi	s0,sp,256
    1c0162f6:	f0fa                	sd	t5,96(sp)
    1c0162f8:	0004                	.insn	2, 0x0004
    1c0162fa:	0000                	unimp
    1c0162fc:	0004f0fb          	.insn	4, 0x0004f0fb
    1c016300:	0100                	addi	s0,sp,128
    1c016302:	f060                	sd	s0,224(s0)
    1c016304:	00050007          	.insn	4, 0x00050007
    1c016308:	f065                	bnez	s0,0x1c0162e8
    1c01630a:	01ff0007          	.insn	4, 0x01ff0007
    1c01630e:	f011                	bnez	s0,0x1c016212
    1c016310:	00100007          	.insn	4, 0x00100007
    1c016314:	ff62                	sd	s8,440(sp)
    1c016316:	0001                	nop
    1c016318:	0000                	unimp
    1c01631a:	f862                	sd	s8,48(sp)
    1c01631c:	0001                	nop
    1c01631e:	00fd                	addi	ra,ra,31 # 0xffffffffffff301f
    1c016320:	f002                	sd	zero,32(sp)
    1c016322:	0001                	nop
    1c016324:	0220                	addi	s0,sp,264
    1c016326:	f01f 0001 0000      	.insn	6, 0x0001f01f
    1c01632c:	ffb4                	sd	a3,120(a5)
    1c01632e:	0001                	nop
    1c016330:	0001                	nop
    1c016332:	f0b4                	sd	a3,96(s1)
    1c016334:	0001                	nop
    1c016336:	0000                	unimp
    1c016338:	f4b4                	sd	a3,104(s1)
    1c01633a:	0001                	nop
    1c01633c:	0000                	unimp
    1c01633e:	f0b9                	bnez	s1,0x1c016284
    1c016340:	0001                	nop
    1c016342:	0000                	unimp
    1c016344:	f0ba                	sd	a4,96(sp)
    1c016346:	0001                	nop
    1c016348:	0000                	unimp
    1c01634a:	0001f0bb          	.insn	4, 0x0001f0bb
    1c01634e:	0000                	unimp
    1c016350:	f001                	bnez	s0,0x1c016250
    1c016352:	0001                	nop
    1c016354:	0000                	unimp
    1c016356:	f011                	bnez	s0,0x1c01625a
    1c016358:	0001                	nop
    1c01635a:	0001                	nop
    1c01635c:	f012                	sd	tp,32(sp)
    1c01635e:	0001                	nop
    1c016360:	f000                	sd	s0,32(s0)
    1c016362:	f018                	sd	a4,32(s0)
    1c016364:	0001                	nop
    1c016366:	0001                	nop
    1c016368:	0001f013          	andi	zero,gp,0
    1c01636c:	0000                	unimp
    1c01636e:	f0f9                	bnez	s1,0x1c016334
    1c016370:	0004                	.insn	2, 0x0004
    1c016372:	0200                	addi	s0,sp,256
    1c016374:	f0fa                	sd	t5,96(sp)
    1c016376:	0004                	.insn	2, 0x0004
    1c016378:	0000                	unimp
    1c01637a:	0004f0fb          	.insn	4, 0x0004f0fb
    1c01637e:	0100                	addi	s0,sp,128
    1c016380:	ff62                	sd	s8,440(sp)
    1c016382:	0001                	nop
    1c016384:	0000                	unimp
    1c016386:	f062                	sd	s8,32(sp)
    1c016388:	0001                	nop
    1c01638a:	f462000f          	.insn	4, 0xf462000f
    1c01638e:	0001                	nop
    1c016390:	00f0                	addi	a2,sp,76
    1c016392:	f002                	sd	zero,32(sp)
    1c016394:	0001                	nop
    1c016396:	0204                	addi	s1,sp,256
    1c016398:	f01f 0001 0000      	.insn	6, 0x0001f01f
    1c01639e:	0002f03b          	.insn	4, 0x0002f03b
    1c0163a2:	0001                	nop
    1c0163a4:	ffb2                	sd	a2,504(sp)
    1c0163a6:	0001                	nop
    1c0163a8:	0000                	unimp
    1c0163aa:	f0b2                	sd	a2,96(sp)
    1c0163ac:	0001                	nop
    1c0163ae:	0001                	nop
    1c0163b0:	f4b2                	sd	a2,104(sp)
    1c0163b2:	0001                	nop
    1c0163b4:	0001                	nop
    1c0163b6:	ffb4                	sd	a3,120(a5)
    1c0163b8:	0001                	nop
    1c0163ba:	0001                	nop
    1c0163bc:	f0b4                	sd	a3,96(s1)
    1c0163be:	0001                	nop
    1c0163c0:	0000                	unimp
    1c0163c2:	f4b4                	sd	a3,104(s1)
    1c0163c4:	0001                	nop
    1c0163c6:	0000                	unimp
    1c0163c8:	f0b9                	bnez	s1,0x1c01630e
    1c0163ca:	0001                	nop
    1c0163cc:	0000                	unimp
    1c0163ce:	f0ba                	sd	a4,96(sp)
    1c0163d0:	0001                	nop
    1c0163d2:	0000                	unimp
    1c0163d4:	0001f0bb          	.insn	4, 0x0001f0bb
    1c0163d8:	0000                	unimp
    1c0163da:	f001                	bnez	s0,0x1c0162da
    1c0163dc:	0001                	nop
    1c0163de:	0000                	unimp
    1c0163e0:	f060                	sd	s0,224(s0)
    1c0163e2:	00010007          	.insn	4, 0x00010007
    1c0163e6:	f065                	bnez	s0,0x1c0163c6
    1c0163e8:	01ff0007          	.insn	4, 0x01ff0007
    1c0163ec:	ff26                	sd	s1,440(sp)
    1c0163ee:	00000007          	.insn	4, 0x0007
    1c0163f2:	0007ff27          	.insn	4, 0x0007ff27
    1c0163f6:	0000                	unimp
    1c0163f8:	0001f013          	andi	zero,gp,0
    1c0163fc:	0002                	c.slli	zero,0x0
    1c0163fe:	ff32                	sd	a2,440(sp)
    1c016400:	0001                	nop
    1c016402:	0800                	addi	s0,sp,16
    1c016404:	ff62                	sd	s8,440(sp)
    1c016406:	0001                	nop
    1c016408:	0000                	unimp
    1c01640a:	f062                	sd	s8,32(sp)
    1c01640c:	0001                	nop
    1c01640e:	0001                	nop
    1c016410:	f462                	sd	s8,40(sp)
    1c016412:	0001                	nop
    1c016414:	0010                	.insn	2, 0x0010
    1c016416:	f002                	sd	zero,32(sp)
    1c016418:	0001                	nop
    1c01641a:	0208                	addi	a0,sp,256
    1c01641c:	f01f 0001 0000      	.insn	6, 0x0001f01f
    1c016422:	ffb2                	sd	a2,504(sp)
    1c016424:	0001                	nop
    1c016426:	0000                	unimp
    1c016428:	f0b2                	sd	a2,96(sp)
    1c01642a:	0001                	nop
    1c01642c:	0001                	nop
    1c01642e:	f4b2                	sd	a2,104(sp)
    1c016430:	0001                	nop
    1c016432:	0001                	nop
    1c016434:	ffb4                	sd	a3,120(a5)
    1c016436:	0001                	nop
    1c016438:	0001                	nop
    1c01643a:	f0b4                	sd	a3,96(s1)
    1c01643c:	0001                	nop
    1c01643e:	0000                	unimp
    1c016440:	f4b4                	sd	a3,104(s1)
    1c016442:	0001                	nop
    1c016444:	0000                	unimp
    1c016446:	f0b9                	bnez	s1,0x1c01638c
    1c016448:	0001                	nop
    1c01644a:	0000                	unimp
    1c01644c:	f0ba                	sd	a4,96(sp)
    1c01644e:	0001                	nop
    1c016450:	0000                	unimp
    1c016452:	0001f0bb          	.insn	4, 0x0001f0bb
    1c016456:	0000                	unimp
    1c016458:	f011                	bnez	s0,0x1c01635c
    1c01645a:	0001                	nop
    1c01645c:	0101                	addi	sp,sp,0
    1c01645e:	f012                	sd	tp,32(sp)
    1c016460:	0001                	nop
    1c016462:	0001                	nop
    1c016464:	0001f013          	andi	zero,gp,0
    1c016468:	0002                	c.slli	zero,0x0
    1c01646a:	f018                	sd	a4,32(s0)
    1c01646c:	0001                	nop
    1c01646e:	0001                	nop
    1c016470:	f060                	sd	s0,224(s0)
    1c016472:	00010007          	.insn	4, 0x00010007
    1c016476:	f065                	bnez	s0,0x1c016456
    1c016478:	01ff0007          	.insn	4, 0x01ff0007
    1c01647c:	ff26                	sd	s1,440(sp)
    1c01647e:	ffff0007          	.insn	4, 0xffff0007
    1c016482:	0007ff27          	.insn	4, 0x0007ff27
    1c016486:	ffff                	.insn	2, 0xffff
    1c016488:	ff62                	sd	s8,440(sp)
    1c01648a:	0001                	nop
    1c01648c:	0000                	unimp
    1c01648e:	f062                	sd	s8,32(sp)
    1c016490:	0001                	nop
    1c016492:	0001                	nop
    1c016494:	f462                	sd	s8,40(sp)
    1c016496:	0001                	nop
    1c016498:	0010                	.insn	2, 0x0010
    1c01649a:	ff32                	sd	a2,440(sp)
    1c01649c:	0001                	nop
    1c01649e:	0800                	addi	s0,sp,16
    1c0164a0:	f002                	sd	zero,32(sp)
    1c0164a2:	0001                	nop
    1c0164a4:	0210                	addi	a2,sp,256
    1c0164a6:	0000                	unimp
    1c0164a8:	0302                	c.slli	t1,0x0
    1c0164aa:	0001                	nop
    1c0164ac:	006e                	c.slli	zero,0x1b
    1c0164ae:	0002                	c.slli	zero,0x0
    1c0164b0:	0001                	nop
    1c0164b2:	00fd                	addi	ra,ra,31
    1c0164b4:	0004                	.insn	2, 0x0004
    1c0164b6:	0060000f          	fence	unknown,or
    1c0164ba:	00000007          	.insn	4, 0x0007
    1c0164be:	00e8                	addi	a0,sp,76
    1c0164c0:	0004                	.insn	2, 0x0004
    1c0164c2:	00ff 00fc 0004 0404 	.insn	10, 0x003a0404000400fc00ff
    1c0164ca:	003a 
    1c0164cc:	0002                	c.slli	zero,0x0
    1c0164ce:	0000                	unimp
    1c0164d0:	0011                	c.nop	4
    1c0164d2:	00000007          	.insn	4, 0x0007
	...
